ISO-10303-21;
HEADER;
FILE_DESCRIPTION (( 'STEP AP203' ),
    '1' );
FILE_NAME ('92095A453_Button Head Hex Drive Screw.STEP',
    '2025-06-03T20:25:15',
    ( 'Administrator' ),
    ( 'Managed by Terraform' ),
    'SwSTEP 2.0',
    'SolidWorks 2017',
    '' );
FILE_SCHEMA (( 'CONFIG_CONTROL_DESIGN' ));
ENDSEC;

DATA;
#1 = VERTEX_POINT ( 'NONE', #3032 ) ;
#2 = CARTESIAN_POINT ( 'NONE',  ( 0.0000000000000000000, 1.021650635094607700, 5.012499999999982400 ) ) ;
#3 = AXIS2_PLACEMENT_3D ( 'NONE', #4151, #2794, #4278 ) ;
#4 = ADVANCED_FACE ( 'NONE', ( #2516 ), #354, .F. ) ;
#5 = VERTEX_POINT ( 'NONE', #3714 ) ;
#6 = CARTESIAN_POINT ( 'NONE',  ( -0.5898502691896250200, 1.021650635094607700, -1.754166666666670000 ) ) ;
#7 = CARTESIAN_POINT ( 'NONE',  ( 1.154700538379251000, -2.206061094475043000E-015, -1.850000000000008100 ) ) ;
#8 = CARTESIAN_POINT ( 'NONE',  ( -0.7401923788646667100, -3.253724281355068500E-015, -0.3000000000000089800 ) ) ;
#9 = CARTESIAN_POINT ( 'NONE',  ( 0.5898502691896255800, 1.021650635094607100, -2.595833333333339400 ) ) ;
#10 = AXIS2_PLACEMENT_3D ( 'NONE', #2372, #4409, #665 ) ;
#11 = EDGE_LOOP ( 'NONE', ( #3142, #2269, #2754, #4175, #1980 ) ) ;
#12 = CARTESIAN_POINT ( 'NONE',  ( 0.7401923788646662700, -0.1983339501604617400, -2.517863279495412800 ) ) ;
#13 = CARTESIAN_POINT ( 'NONE',  ( 0.7401923788646666000, -0.1983339501604624900, 0.3321367205045824800 ) ) ;
#14 = CARTESIAN_POINT ( 'NONE',  ( 0.7401923788646666000, -2.295037662741521500E-015, -2.850000000000001900 ) ) ;
#15 = EDGE_LOOP ( 'NONE', ( #842, #123, #3842, #4012 ) ) ;
#16 = CARTESIAN_POINT ( 'NONE',  ( 0.7401923788646673800, -3.137519842735244800E-015, 2.699999999999983700 ) ) ;
#17 = CARTESIAN_POINT ( 'NONE',  ( -9.064742275298788900E-017, -0.7401923788646686000, -2.950000000000002000 ) ) ;
#18 = ORIENTED_EDGE ( 'NONE', *, *, #583, .F. ) ;
#19 = EDGE_CURVE ( 'NONE', #88, #2127, #608, .T. ) ;
#20 = AXIS2_PLACEMENT_3D ( 'NONE', #4052, #1327, #1344 ) ;
#21 =( BOUNDED_CURVE ( )  B_SPLINE_CURVE ( 2, ( #573, #529, #2257, #1897, #3258, #2923, #3602 ),
 .UNSPECIFIED., .F., .F. ) 
 B_SPLINE_CURVE_WITH_KNOTS ( ( 3, 2, 2, 3 ),
 ( 0.4250000000000000400, 0.4333333333333334000, 0.4416666666666666500, 0.4500000000000000100 ),
 .UNSPECIFIED. ) 
 CURVE ( )  GEOMETRIC_REPRESENTATION_ITEM ( )  RATIONAL_B_SPLINE_CURVE ( ( 0.9999999999999991100, 0.8660254037844396000, 1.000000000000000000, 0.8660254037844387100, 1.000000000000000000, 0.8660254037844387100, 1.000000000000000000 ) ) 
 REPRESENTATION_ITEM ( '' )  );
#22 = EDGE_CURVE ( 'NONE', #2046, #1121, #1650, .T. ) ;
#23 = LINE ( 'NONE', #3870, #2537 ) ;
#24 = CARTESIAN_POINT ( 'NONE',  ( 0.5773502691896284000, -0.9999999999999958900, -1.966666666666669000 ) ) ;
#25 = CARTESIAN_POINT ( 'NONE',  ( -0.6410254037844386200, -0.3700961894323326300, -0.2666666666666763200 ) ) ;
#26 = EDGE_LOOP ( 'NONE', ( #4275, #3265, #987, #3634, #1147 ) ) ;
#27 = CARTESIAN_POINT ( 'NONE',  ( 0.7401923788646660500, -5.243725292719552800E-015, 1.099999999999987000 ) ) ;
#28 = CARTESIAN_POINT ( 'NONE',  ( -0.7401923788646666000, -3.616863152042018100E-015, -1.050000000000005800 ) ) ;
#29 = CARTESIAN_POINT ( 'NONE',  ( 0.0000000000000000000, 1.021650635094607500, -1.362500000000008700 ) ) ;
#30 = ORIENTED_EDGE ( 'NONE', *, *, #2600, .F. ) ;
#31 = DIRECTION ( 'NONE',  ( 1.000000000000000000, 0.0000000000000000000, 0.0000000000000000000 ) ) ;
#32 = ADVANCED_FACE ( 'NONE', ( #1075 ), #3717, .F. ) ;
#33 = CARTESIAN_POINT ( 'NONE',  ( -0.4273502691896235400, 0.7401923788646652700, -1.516666666666671900 ) ) ;
#34 = CIRCLE ( 'NONE', #2263, 0.7401923788646666000 ) ;
#35 = CARTESIAN_POINT ( 'NONE',  ( -0.7876331368293640900, -0.5045715566659060300, -2.772088024055297000 ) ) ;
#36 = VECTOR ( 'NONE', #646, 1000.000000000000000 ) ;
#37 = CARTESIAN_POINT ( 'NONE',  ( 1.316172156826743800E-016, 0.7505553499465110700, 3.389999999999999700 ) ) ;
#38 = CARTESIAN_POINT ( 'NONE',  ( -9.064742275298788900E-017, -0.7401923788646686000, 0.6499999999999900300 ) ) ;
#39 = CARTESIAN_POINT ( 'NONE',  ( -0.9999999999999952300, -1.993946046730061400E-015, 3.000000000000000000 ) ) ;
#40 = CARTESIAN_POINT ( 'NONE',  ( -0.8660254037844381500, -0.5000000000000014400, -0.8666666666666716900 ) ) ;
#41 = CARTESIAN_POINT ( 'NONE',  ( -0.8847754037844375300, 0.5108253175473029800, -1.720833333333336500 ) ) ;
#42 = DIRECTION ( 'NONE',  ( 0.4999999999999998300, 0.8660254037844387100, 0.0000000000000000000 ) ) ;
#43 = CARTESIAN_POINT ( 'NONE',  ( 0.8847754037844378600, 0.5108253175473020900, -0.6291666666666772000 ) ) ;
#44 = CARTESIAN_POINT ( 'NONE',  ( -0.7401923788646659300, -0.1983339501604586600, 0.9178632794953959200 ) ) ;
#45 = CARTESIAN_POINT ( 'NONE',  ( 1.224646799147352500E-016, 0.9999999999999974500, 4.299999999999999800 ) ) ;
#46 = CARTESIAN_POINT ( 'NONE',  ( -0.7401923788646667100, -3.428030939284804100E-015, -0.7000000000000082800 ) ) ;
#47 = CARTESIAN_POINT ( 'NONE',  ( -0.7296065860099264500, 0.5076112245837605100, -2.819186589629290000 ) ) ;
#48 = EDGE_CURVE ( 'NONE', #1272, #4174, #3941, .T. ) ;
#49 =( BOUNDED_CURVE ( )  B_SPLINE_CURVE ( 2, ( #642, #316, #3395, #702, #4084, #714, #2388, #343, #1377 ),
 .UNSPECIFIED., .F., .F. ) 
 B_SPLINE_CURVE_WITH_KNOTS ( ( 3, 2, 2, 2, 3 ),
 ( 0.6875000000000001100, 0.6916666666666666500, 0.6999999999999999600, 0.7083333333333333700, 0.7125000000000001300 ),
 .UNSPECIFIED. ) 
 CURVE ( )  GEOMETRIC_REPRESENTATION_ITEM ( )  RATIONAL_B_SPLINE_CURVE ( ( 0.9330127018922194100, 0.9330127018922211900, 1.000000000000000000, 0.8660254037844387100, 1.000000000000000000, 0.8660254037844387100, 1.000000000000000000, 0.9330127018922176300, 0.9330127018922194100 ) ) 
 REPRESENTATION_ITEM ( '' )  );
#50 = EDGE_CURVE ( 'NONE', #2522, #510, #3669, .T. ) ;
#51 = ORIENTED_EDGE ( 'NONE', *, *, #3093, .F. ) ;
#52 = CARTESIAN_POINT ( 'NONE',  ( 0.8660254037844386000, 0.4999999999999970000, -0.2666666666666731000 ) ) ;
#53 = CARTESIAN_POINT ( 'NONE',  ( 0.6410254037844369500, -0.3700961894323356300, 0.7166666666666562400 ) ) ;
#54 = ORIENTED_EDGE ( 'NONE', *, *, #1802, .T. ) ;
#55 = CARTESIAN_POINT ( 'NONE',  ( 0.7401923788646666000, -1.016788837923458900E-015, 0.6999999999999888500 ) ) ;
#56 = ORIENTED_EDGE ( 'NONE', *, *, #1952, .T. ) ;
#57 = LINE ( 'NONE', #2253, #3884 ) ;
#58 = CARTESIAN_POINT ( 'NONE',  ( -1.179700538379250000, -1.921710222316133300E-015, -2.487500000000001600 ) ) ;
#59 = CARTESIAN_POINT ( 'NONE',  ( 0.5773502691896350600, 0.9999999999999815700, -1.783333333333342800 ) ) ;
#60 = CARTESIAN_POINT ( 'NONE',  ( 0.5898502691896244700, -1.021650635094611700, -1.129166666666675800 ) ) ;
#61 = EDGE_LOOP ( 'NONE', ( #396, #670 ) ) ;
#62 = CARTESIAN_POINT ( 'NONE',  ( 0.7006292692221060000, -0.7135254915623544500, -2.700000000000000200 ) ) ;
#63 = CARTESIAN_POINT ( 'NONE',  ( -0.5773502691896302800, -0.9999999999999935600, 0.01666666666665403400 ) ) ;
#64 = DIRECTION ( 'NONE',  ( 6.982962677686266700E-015, -1.000000000000000000, 0.0000000000000000000 ) ) ;
#65 = ORIENTED_EDGE ( 'NONE', *, *, #1633, .T. ) ;
#66 = CARTESIAN_POINT ( 'NONE',  ( 0.7401923788646660500, -1.307299934473018500E-016, 1.549999999999988900 ) ) ;
#67 = CARTESIAN_POINT ( 'NONE',  ( -0.4273502691896246500, 0.7401923788646646000, -1.116666666666672900 ) ) ;
#68 = ORIENTED_EDGE ( 'NONE', *, *, #2600, .T. ) ;
#69 = CARTESIAN_POINT ( 'NONE',  ( -9.064742275298788900E-017, -0.7401923788646686000, -1.000000000000007800 ) ) ;
#70 = CARTESIAN_POINT ( 'NONE',  ( 0.6410254037844348400, -0.3700961894323393000, -0.8833333333333401900 ) ) ;
#71 = VERTEX_POINT ( 'NONE', #294 ) ;
#72 = CARTESIAN_POINT ( 'NONE',  ( 0.8847754037844372000, -0.5108253175473072000, -0.6958333333333434100 ) ) ;
#73 = AXIS2_PLACEMENT_3D ( 'NONE', #596, #2319, #909 ) ;
#74 = CARTESIAN_POINT ( 'NONE',  ( 0.6410254037844364000, -0.3700961894323364600, -2.083333333333337000 ) ) ;
#75 = DESIGN_CONTEXT ( 'detailed design', #1915, 'design' ) ;
#76 = ORIENTED_EDGE ( 'NONE', *, *, #2753, .F. ) ;
#77 = DIRECTION ( 'NONE',  ( -0.0000000000000000000, 6.054590893736192000E-018, 1.000000000000000000 ) ) ;
#78 = EDGE_CURVE ( 'NONE', #1309, #1901, #4289, .T. ) ;
#79 = CARTESIAN_POINT ( 'NONE',  ( 1.154700538379250800, -2.206061094475042600E-015, -0.7000000000000055100 ) ) ;
#80 = ORIENTED_EDGE ( 'NONE', *, *, #50, .T. ) ;
#81 = CARTESIAN_POINT ( 'NONE',  ( 2.175538146071709500E-015, 0.7401923788646647100, 1.649999999999987500 ) ) ;
#82 =( BOUNDED_CURVE ( )  B_SPLINE_CURVE ( 2, ( #648, #1313, #2121, #2344, #2459, #636, #4364, #297, #55 ),
 .UNSPECIFIED., .F., .F. ) 
 B_SPLINE_CURVE_WITH_KNOTS ( ( 3, 2, 2, 2, 3 ),
 ( 0.4625000000000000200, 0.4666666666666666700, 0.4749999999999999800, 0.4833333333333333400, 0.4875000000000000400 ),
 .UNSPECIFIED. ) 
 CURVE ( )  GEOMETRIC_REPRESENTATION_ITEM ( )  RATIONAL_B_SPLINE_CURVE ( ( 0.9330127018922194100, 0.9330127018922198500, 1.000000000000000000, 0.8660254037844387100, 1.000000000000000000, 0.8660254037844387100, 1.000000000000000000, 0.9330127018922185200, 0.9330127018922194100 ) ) 
 REPRESENTATION_ITEM ( '' )  );
#83 = LINE ( 'NONE', #3437, #1849 ) ;
#84 = CARTESIAN_POINT ( 'NONE',  ( -9.064742275298788900E-017, -0.7401923788646686000, 0.2499999999999906700 ) ) ;
#85 = CARTESIAN_POINT ( 'NONE',  ( -0.6410254037844371800, -0.3700961894323351300, -0.6666666666666751800 ) ) ;
#86 = ORIENTED_EDGE ( 'NONE', *, *, #2028, .T. ) ;
#87 = CARTESIAN_POINT ( 'NONE',  ( -1.179700538379250000, -1.921710222316133300E-015, -0.8875000000000050600 ) ) ;
#88 = VERTEX_POINT ( 'NONE', #16 ) ;
#89 = CARTESIAN_POINT ( 'NONE',  ( 0.6499999999999986900, -0.3752776749732558100, 3.389999999999999700 ) ) ;
#90 = CARTESIAN_POINT ( 'NONE',  ( -0.5898502691896252400, -1.021650635094611300, -1.595833333333341700 ) ) ;
#91 = CARTESIAN_POINT ( 'NONE',  ( 0.0000000000000000000, 0.9999999999999974500, -0.2000000000000063700 ) ) ;
#92 = CARTESIAN_POINT ( 'NONE',  ( 0.7401923788646684900, 0.1983339501604516300, 2.717863279495392100 ) ) ;
#93 = CARTESIAN_POINT ( 'NONE',  ( 0.4273502691896244900, -0.7401923788646687100, -2.566666666666670900 ) ) ;
#94 = CYLINDRICAL_SURFACE ( 'NONE', #1107, 0.9999999999999993300 ) ;
#95 = CARTESIAN_POINT ( 'NONE',  ( -0.8660254037844381500, -0.5000000000000014400, -2.466666666666668100 ) ) ;
#96 = DIRECTION ( 'NONE',  ( -0.0000000000000000000, 6.054590893736192000E-018, 1.000000000000000000 ) ) ;
#97 = CARTESIAN_POINT ( 'NONE',  ( 0.0000000000000000000, 0.7401923788646647100, -0.7500000000000072200 ) ) ;
#98 = CARTESIAN_POINT ( 'NONE',  ( -0.6410254037844371800, -0.3700961894323351300, -2.266666666666671900 ) ) ;
#99 = AXIS2_PLACEMENT_3D ( 'NONE', #846, #3907, #3547 ) ;
#100 = CARTESIAN_POINT ( 'NONE',  ( -1.224646799147352500E-016, -1.000000000000001300, 2.849999999999981900 ) ) ;
#101 = CARTESIAN_POINT ( 'NONE',  ( -0.8847754037844375300, 0.5108253175473029800, 0.2791666666666589000 ) ) ;
#102 = CARTESIAN_POINT ( 'NONE',  ( -0.7401923788646673800, 0.1983339501604582700, -0.6678632794954150200 ) ) ;
#103 = EDGE_LOOP ( 'NONE', ( #3632, #989, #757, #1628 ) ) ;
#104 = CARTESIAN_POINT ( 'NONE',  ( 0.8847754037844372000, -0.5108253175473072000, 1.704166666666651500 ) ) ;
#105 = CARTESIAN_POINT ( 'NONE',  ( -0.6499999999999989100, 0.3752776749732548700, 4.299999999999999800 ) ) ;
#106 = LINE ( 'NONE', #3331, #3350 ) ;
#107 = CARTESIAN_POINT ( 'NONE',  ( 1.269063918541830500E-015, 0.7401923788646647100, -0.3500000000000078600 ) ) ;
#108 = CARTESIAN_POINT ( 'NONE',  ( 0.7401923788646668200, -0.1983339501604616000, -1.717863279495414300 ) ) ;
#109 = EDGE_CURVE ( 'NONE', #977, #649, #2255, .T. ) ;
#110 = EDGE_CURVE ( 'NONE', #1773, #1360, #1312, .T. ) ;
#111 = CYLINDRICAL_SURFACE ( 'NONE', #157, 0.7401923788646666000 ) ;
#112 = CARTESIAN_POINT ( 'NONE',  ( 0.8660254037844378200, -0.5000000000000021100, -2.333333333333335300 ) ) ;
#113 = CARTESIAN_POINT ( 'NONE',  ( -0.6410254037844370600, 0.3700961894323314100, 2.116666666666652900 ) ) ;
#114 = CARTESIAN_POINT ( 'NONE',  ( -0.6410254037844370600, 0.3700961894323314100, -0.3333333333333425900 ) ) ;
#115 = CARTESIAN_POINT ( 'NONE',  ( -0.7401923788646667100, -3.428030939284804100E-015, -0.6500000000000065700 ) ) ;
#116 = CARTESIAN_POINT ( 'NONE',  ( -0.8847754037844376400, -0.5108253175473066500, -0.8541666666666719600 ) ) ;
#117 = PLANE ( 'NONE',  #1568 ) ;
#118 = CARTESIAN_POINT ( 'NONE',  ( 0.5898502691896244700, -1.021650635094611700, 1.670833333333317600 ) ) ;
#119 = VERTEX_POINT ( 'NONE', #3432 ) ;
#120 = DIRECTION ( 'NONE',  ( -0.7071067811865487900, 0.0000000000000000000, 0.7071067811865463500 ) ) ;
#121 = CARTESIAN_POINT ( 'NONE',  ( 0.9999999999999952300, -2.116410726644796200E-015, 3.000000000000000000 ) ) ;
#122 = CARTESIAN_POINT ( 'NONE',  ( -0.7401923788646668200, -0.1983339501604593500, -1.432136720504597200 ) ) ;
#123 = ORIENTED_EDGE ( 'NONE', *, *, #3521, .T. ) ;
#124 = CARTESIAN_POINT ( 'NONE',  ( -0.8547005383792494200, -1.941610732802278000E-015, 2.949999999999984600 ) ) ;
#125 = AXIS2_PLACEMENT_3D ( 'NONE', #1860, #1558, #2237 ) ;
#126 = CARTESIAN_POINT ( 'NONE',  ( -9.064742275298788900E-017, -0.7401923788646686000, -0.6000000000000089700 ) ) ;
#127 = EDGE_CURVE ( 'NONE', #2698, #1387, #2515, .T. ) ;
#128 = ORIENTED_EDGE ( 'NONE', *, *, #369, .F. ) ;
#129 = CARTESIAN_POINT ( 'NONE',  ( 1.224646799147352500E-016, 0.9999999999999974500, 4.299999999999999800 ) ) ;
#130 = VERTEX_POINT ( 'NONE', #388 ) ;
#131 = CARTESIAN_POINT ( 'NONE',  ( 0.5898502691896245800, -1.021650635094612000, 0.4458333333333254200 ) ) ;
#132 = CARTESIAN_POINT ( 'NONE',  ( 0.6410254037844369500, -0.3700961894323356300, -2.933333333333337100 ) ) ;
#133 = CARTESIAN_POINT ( 'NONE',  ( 0.5898502691896244700, -1.021650635094611700, 2.070833333333316900 ) ) ;
#134 = EDGE_LOOP ( 'NONE', ( #284, #3138, #1096, #2356 ) ) ;
#135 = EDGE_CURVE ( 'NONE', #4169, #277, #3666, .T. ) ;
#136 = CARTESIAN_POINT ( 'NONE',  ( -0.6499999999999980200, 0.1322108001707050200, 4.199452971108686800 ) ) ;
#137 =( BOUNDED_CURVE ( )  B_SPLINE_CURVE ( 2, ( #4392, #1736, #2756, #3098, #2078, #2110, #2447, #1077, #3410 ),
 .UNSPECIFIED., .F., .F. ) 
 B_SPLINE_CURVE_WITH_KNOTS ( ( 3, 2, 2, 2, 3 ),
 ( 0.08749999999999999400, 0.09166666666666666000, 0.1000000000000000100, 0.1083333333333333400, 0.1125000000000000200 ),
 .UNSPECIFIED. ) 
 CURVE ( )  GEOMETRIC_REPRESENTATION_ITEM ( )  RATIONAL_B_SPLINE_CURVE ( ( 0.9330127018922194100, 0.9330127018922194100, 1.000000000000000000, 0.8660254037844387100, 1.000000000000000000, 0.8660254037844387100, 1.000000000000000000, 0.9330127018922191900, 0.9330127018922194100 ) ) 
 REPRESENTATION_ITEM ( '' )  );
#138 = EDGE_CURVE ( 'NONE', #1365, #119, #3482, .T. ) ;
#139 = CARTESIAN_POINT ( 'NONE',  ( 0.8410017154516237200, -0.4535841204103616100, 2.948106721922220800 ) ) ;
#140 = ORIENTED_EDGE ( 'NONE', *, *, #2724, .T. ) ;
#141 = DIRECTION ( 'NONE',  ( -0.0000000000000000000, 6.054590893736192000E-018, 1.000000000000000000 ) ) ;
#142 = CARTESIAN_POINT ( 'NONE',  ( 0.6410254037844369500, -0.3700961894323356300, 1.116666666666655600 ) ) ;
#143 = AXIS2_PLACEMENT_3D ( 'NONE', #3810, #485, #2802 ) ;
#144 = CARTESIAN_POINT ( 'NONE',  ( -0.4273502691896246500, 0.7401923788646646000, 0.4333333333333220200 ) ) ;
#145 = CARTESIAN_POINT ( 'NONE',  ( 0.5773502691896216200, 1.000000000000004900, 1.766666666666656600 ) ) ;
#146 = LINE ( 'NONE', #2338, #3700 ) ;
#147 = CARTESIAN_POINT ( 'NONE',  ( -1.224646799147352500E-016, -1.000000000000001300, -0.7500000000000105500 ) ) ;
#148 = CARTESIAN_POINT ( 'NONE',  ( 0.8847754037844380900, 0.5108253175473022000, -0.2541666666666733700 ) ) ;
#149 = CARTESIAN_POINT ( 'NONE',  ( -0.4273502691896264900, -0.7401923788646673800, 1.766666666666652400 ) ) ;
#150 = CARTESIAN_POINT ( 'NONE',  ( -0.5898502691896252400, -1.021650635094611300, 2.404166666666649900 ) ) ;
#151 = LINE ( 'NONE', #2067, #1760 ) ;
#152 = CARTESIAN_POINT ( 'NONE',  ( -0.6410254037844392800, -0.3700961894323315200, 2.533333333333318100 ) ) ;
#153 = CARTESIAN_POINT ( 'NONE',  ( -0.8660254037844381500, -0.5000000000000014400, -0.4666666666666722800 ) ) ;
#154 = CARTESIAN_POINT ( 'NONE',  ( 0.9683012701892397300, 7.580887064460760500E-013, 2.968301270189245100 ) ) ;
#155 = CARTESIAN_POINT ( 'NONE',  ( -3.445518394113274900E-015, -0.7401923788646686000, -1.350000000000005600 ) ) ;
#156 = CARTESIAN_POINT ( 'NONE',  ( -1.251161180115474100E-016, -1.021650635094611500, 4.437499999999978700 ) ) ;
#157 = AXIS2_PLACEMENT_3D ( 'NONE', #3612, #2946, #1599 ) ;
#158 = VERTEX_POINT ( 'NONE', #3121 ) ;
#159 = CARTESIAN_POINT ( 'NONE',  ( 0.7527319598591023500, -0.5247209981106109000, -2.789809586206346100 ) ) ;
#160 = CARTESIAN_POINT ( 'NONE',  ( -0.4273502691896246500, 0.7401923788646646000, 2.483333333333319200 ) ) ;
#161 = CARTESIAN_POINT ( 'NONE',  ( -0.6410254037844371800, -0.3700961894323351300, 1.733333333333319400 ) ) ;
#162 = CARTESIAN_POINT ( 'NONE',  ( -0.3829420930570989200, -0.5294636294359568200, 4.199585623990603100 ) ) ;
#163 = ORIENTED_EDGE ( 'NONE', *, *, #4353, .T. ) ;
#164 = AXIS2_PLACEMENT_3D ( 'NONE', #2980, #2365, #619 ) ;
#165 = CARTESIAN_POINT ( 'NONE',  ( 0.4273502691896221000, -0.7401923788646700400, 1.433333333333320200 ) ) ;
#166 = CARTESIAN_POINT ( 'NONE',  ( -0.5898502691896253500, -1.021650635094611300, 1.579166666666655700 ) ) ;
#167 =( BOUNDED_CURVE ( )  B_SPLINE_CURVE ( 2, ( #2720, #2040, #3710, #1699, #2379, #33, #4056, #1393, #1712 ),
 .UNSPECIFIED., .F., .F. ) 
 B_SPLINE_CURVE_WITH_KNOTS ( ( 3, 2, 2, 2, 3 ),
 ( 0.1875000000000000300, 0.1916666666666666800, 0.2000000000000000100, 0.2083333333333333400, 0.2125000000000000200 ),
 .UNSPECIFIED. ) 
 CURVE ( )  GEOMETRIC_REPRESENTATION_ITEM ( )  RATIONAL_B_SPLINE_CURVE ( ( 0.9330127018922194100, 0.9330127018922198500, 1.000000000000000000, 0.8660254037844387100, 1.000000000000000000, 0.8660254037844387100, 1.000000000000000000, 0.9330127018922191900, 0.9330127018922194100 ) ) 
 REPRESENTATION_ITEM ( '' )  );
#168 = CARTESIAN_POINT ( 'NONE',  ( -0.4365051191727266100, 0.6917377421733115200, 2.801032681241479000 ) ) ;
#169 = CARTESIAN_POINT ( 'NONE',  ( 0.5898502691896255800, 1.021650635094607100, 1.004166666666652200 ) ) ;
#170 = CYLINDRICAL_SURFACE ( 'NONE', #299, 0.7401923788646666000 ) ;
#171 = CARTESIAN_POINT ( 'NONE',  ( 0.6499999999999986900, -0.2590005040180418700, 4.241861414522393400 ) ) ;
#172 = CARTESIAN_POINT ( 'NONE',  ( 0.0000000000000000000, -1.000000000000001300, 4.299999999999999800 ) ) ;
#173 = CARTESIAN_POINT ( 'NONE',  ( 0.5773502691896270600, -0.9999999999999980000, -1.566666666666670000 ) ) ;
#174 = ORIENTED_EDGE ( 'NONE', *, *, #217, .F. ) ;
#175 = DIRECTION ( 'NONE',  ( 0.0000000000000000000, -1.000000000000000000, 0.0000000000000000000 ) ) ;
#176 = EDGE_CURVE ( 'NONE', #2688, #3799, #324, .T. ) ;
#177 = CARTESIAN_POINT ( 'NONE',  ( 0.8847754037844372000, -0.5108253175473072000, 4.104166666666645600 ) ) ;
#178 = CARTESIAN_POINT ( 'NONE',  ( 0.4273502691896251500, 0.7401923788646644900, 2.016666666666653300 ) ) ;
#179 = ORIENTED_EDGE ( 'NONE', *, *, #1718, .F. ) ;
#180 = CARTESIAN_POINT ( 'NONE',  ( -0.4273502691896249300, -0.7401923788646683800, 0.1666666666666561100 ) ) ;
#181 = CARTESIAN_POINT ( 'NONE',  ( -0.4273502691896254900, -0.7401923788646680400, -0.5833333333333408100 ) ) ;
#182 = ORIENTED_EDGE ( 'NONE', *, *, #1367, .T. ) ;
#183 = CARTESIAN_POINT ( 'NONE',  ( -1.251161180115474400E-016, -1.021650635094611700, 0.8124999999999912300 ) ) ;
#184 = CARTESIAN_POINT ( 'NONE',  ( 0.6410254037844341800, -0.3700961894323402900, 1.866666666666652700 ) ) ;
#185 = CARTESIAN_POINT ( 'NONE',  ( 0.0000000000000000000, 1.021650635094607500, 2.637499999999982900 ) ) ;
#186 = VERTEX_POINT ( 'NONE', #2468 ) ;
#187 = CARTESIAN_POINT ( 'NONE',  ( -0.8415063509460758400, 3.886312194091736100E-013, 2.841506350946080100 ) ) ;
#188 = CARTESIAN_POINT ( 'NONE',  ( 5.470055265963115200E-016, -0.7505553499465118500, 3.389999999999999700 ) ) ;
#189 = CARTESIAN_POINT ( 'NONE',  ( 0.0000000000000000000, 1.021650635094607500, 4.237499999999979400 ) ) ;
#190 = PERSON_AND_ORGANIZATION ( #1331, #4292 ) ;
#191 = ORIENTED_EDGE ( 'NONE', *, *, #661, .T. ) ;
#192 = DATE_TIME_ROLE ( 'creation_date' ) ;
#193 = CARTESIAN_POINT ( 'NONE',  ( -0.6410254037844371800, -0.3700961894323351300, 3.783333333333316300 ) ) ;
#194 = CARTESIAN_POINT ( 'NONE',  ( 0.6410254037844369500, -0.3700961894323356300, -0.1333333333333433800 ) ) ;
#195 = ORIENTED_EDGE ( 'NONE', *, *, #2320, .T. ) ;
#196 = CARTESIAN_POINT ( 'NONE',  ( 0.7401923788646664900, -2.614599868946037200E-015, -2.500000000000004900 ) ) ;
#197 = FACE_OUTER_BOUND ( 'NONE', #1944, .T. ) ;
#198 = CARTESIAN_POINT ( 'NONE',  ( -1.251161180115474400E-016, -1.021650635094611700, 2.012499999999988200 ) ) ;
#199 = ORIENTED_EDGE ( 'NONE', *, *, #2426, .T. ) ;
#200 = CARTESIAN_POINT ( 'NONE',  ( -0.1205405036128053300, 0.7917755719238762600, 2.783616042914191200 ) ) ;
#201 =( BOUNDED_CURVE ( )  B_SPLINE_CURVE ( 2, ( #1798, #3162, #4165, #4181, #1153, #3863, #74, #423, #804 ),
 .UNSPECIFIED., .F., .F. ) 
 B_SPLINE_CURVE_WITH_KNOTS ( ( 3, 2, 2, 2, 3 ),
 ( 0.1125000000000000200, 0.1166666666666666700, 0.1250000000000000000, 0.1333333333333333300, 0.1375000000000000100 ),
 .UNSPECIFIED. ) 
 CURVE ( )  GEOMETRIC_REPRESENTATION_ITEM ( )  RATIONAL_B_SPLINE_CURVE ( ( 0.9330127018922194100, 0.9330127018922196300, 1.000000000000000000, 0.8660254037844387100, 1.000000000000000000, 0.8660254037844387100, 1.000000000000000000, 0.9330127018922191900, 0.9330127018922194100 ) ) 
 REPRESENTATION_ITEM ( '' )  );
#202 = CARTESIAN_POINT ( 'NONE',  ( -0.5898502691896248000, 1.021650635094607500, 2.670833333333316100 ) ) ;
#203 = CYLINDRICAL_SURFACE ( 'NONE', #1028, 0.7401923788646666000 ) ;
#204 = ADVANCED_FACE ( 'NONE', ( #1289 ), #170, .T. ) ;
#205 = EDGE_CURVE ( 'NONE', #2941, #1351, #2825, .T. ) ;
#206 = CARTESIAN_POINT ( 'NONE',  ( 1.154700538379251000, -2.206061094475043000E-015, 0.1499999999999875300 ) ) ;
#207 = EDGE_CURVE ( 'NONE', #977, #1689, #4209, .T. ) ;
#208 = LINE ( 'NONE', #2504, #1273 ) ;
#209 = CARTESIAN_POINT ( 'NONE',  ( 0.0000000000000000000, -1.951563910473908000E-015, 4.299999999999999800 ) ) ;
#210 = CARTESIAN_POINT ( 'NONE',  ( -0.8660254037844381500, 0.4999999999999978400, -1.683333333333341800 ) ) ;
#211 = CARTESIAN_POINT ( 'NONE',  ( -0.8847754037844374200, 0.5108253175473028700, 4.304166666666645800 ) ) ;
#212 = CARTESIAN_POINT ( 'NONE',  ( -0.7401923788646664900, -0.1983339501604577700, 0.1178632794953978100 ) ) ;
#213 =( LENGTH_UNIT ( ) NAMED_UNIT ( * ) SI_UNIT ( .MILLI., .METRE. ) );
#214 = CARTESIAN_POINT ( 'NONE',  ( 0.8547005383792494200, -2.150951988513411000E-015, 4.749999999999981300 ) ) ;
#215 = FACE_OUTER_BOUND ( 'NONE', #3780, .T. ) ;
#216 = CARTESIAN_POINT ( 'NONE',  ( 0.8547005383792494200, -2.150951988513411000E-015, 1.099999999999987200 ) ) ;
#217 = EDGE_CURVE ( 'NONE', #891, #2832, #3148, .T. ) ;
#218 = CARTESIAN_POINT ( 'NONE',  ( -0.8847754037844376400, -0.5108253175473066500, 0.7458333333333244700 ) ) ;
#219 = CARTESIAN_POINT ( 'NONE',  ( 0.8660254037844378200, -0.5000000000000021100, 0.8666666666666577000 ) ) ;
#220 = CARTESIAN_POINT ( 'NONE',  ( 0.5773502691896206200, -1.000000000000009300, -1.116666666666676900 ) ) ;
#221 = CARTESIAN_POINT ( 'NONE',  ( 0.7006292692218191200, 0.7135254915626320100, 3.000000000000000900 ) ) ;
#222 = VERTEX_POINT ( 'NONE', #1126 ) ;
#223 = CARTESIAN_POINT ( 'NONE',  ( -4.170697776137178600E-015, -0.7401923788646686000, 0.1999999999999892400 ) ) ;
#224 = ORIENTED_EDGE ( 'NONE', *, *, #4094, .F. ) ;
#225 = CYLINDRICAL_SURFACE ( 'NONE', #3021, 0.7401923788646666000 ) ;
#226 = ADVANCED_FACE ( 'NONE', ( #3304 ), #3082, .T. ) ;
#227 = DIRECTION ( 'NONE',  ( 1.000000000000000000, 0.0000000000000000000, 0.0000000000000000000 ) ) ;
#228 = CARTESIAN_POINT ( 'NONE',  ( 0.6410254037844369500, -0.3700961894323356300, 3.516666666666650600 ) ) ;
#229 = CARTESIAN_POINT ( 'NONE',  ( 0.8847754037844380900, 0.5108253175473022000, 1.345833333333323000 ) ) ;
#230 = EDGE_CURVE ( 'NONE', #3893, #1691, #3343, .T. ) ;
#231 = CARTESIAN_POINT ( 'NONE',  ( 0.8660254037844378200, -0.5000000000000021100, 2.466666666666653900 ) ) ;
#232 = CARTESIAN_POINT ( 'NONE',  ( -0.4273502691896246500, 0.7401923788646646000, 2.833333333333316600 ) ) ;
#233 = ORIENTED_EDGE ( 'NONE', *, *, #4117, .F. ) ;
#234 = CARTESIAN_POINT ( 'NONE',  ( -0.4273502691896319800, -0.7401923788646643800, 2.216666666666653500 ) ) ;
#235 = CARTESIAN_POINT ( 'NONE',  ( -1.224646799147352500E-016, -1.000000000000001300, 1.249999999999984900 ) ) ;
#236 = CARTESIAN_POINT ( 'NONE',  ( -0.4273502691896249300, -0.7401923788646683800, 3.816666666666649600 ) ) ;
#237 = CARTESIAN_POINT ( 'NONE',  ( 0.5773502691896238400, 1.000000000000000700, -1.033333333333337200 ) ) ;
#238 = VERTEX_POINT ( 'NONE', #4250 ) ;
#239 = CARTESIAN_POINT ( 'NONE',  ( 0.0000000000000000000, 1.021650635094607700, 4.212499999999983500 ) ) ;
#240 = ORIENTED_EDGE ( 'NONE', *, *, #4215, .F. ) ;
#241 = ADVANCED_FACE ( 'NONE', ( #1127 ), #3828, .T. ) ;
#242 = ORIENTED_EDGE ( 'NONE', *, *, #4152, .F. ) ;
#243 = CARTESIAN_POINT ( 'NONE',  ( 0.5773502691896206200, -1.000000000000009300, 0.08333333333332072800 ) ) ;
#244 = CARTESIAN_POINT ( 'NONE',  ( -0.7401923788646674900, -3.413505384457326600E-015, 2.149999999999987900 ) ) ;
#245 = VECTOR ( 'NONE', #1177, 1000.000000000000000 ) ;
#246 = CARTESIAN_POINT ( 'NONE',  ( 0.6410254037844364000, -0.3700961894323364600, -2.133333333333338600 ) ) ;
#247 = CARTESIAN_POINT ( 'NONE',  ( -0.5773502691896302800, -0.9999999999999935600, -1.583333333333342600 ) ) ;
#248 = CARTESIAN_POINT ( 'NONE',  ( 0.8547005383792494200, -2.150951988513411000E-015, 2.299999999999984300 ) ) ;
#249 = VERTEX_POINT ( 'NONE', #3897 ) ;
#250 = CIRCLE ( 'NONE', #1775, 0.7000000000000001800 ) ;
#251 = CARTESIAN_POINT ( 'NONE',  ( -9.064742275298788900E-017, -0.7401923788646686000, 4.649999999999981700 ) ) ;
#252 = EDGE_LOOP ( 'NONE', ( #2326, #3256, #3847, #2367 ) ) ;
#253 = CONICAL_SURFACE ( 'NONE', #4089, 0.7000000000000001800, 0.7853981633974463900 ) ;
#254 = CARTESIAN_POINT ( 'NONE',  ( 0.0000000000000000000, 1.021650635094607700, 3.812499999999984500 ) ) ;
#255 = CARTESIAN_POINT ( 'NONE',  ( -0.6410254037844360700, 0.3700961894323330200, -0.7333333333333419400 ) ) ;
#256 = VECTOR ( 'NONE', #4088, 1000.000000000000000 ) ;
#257 = EDGE_CURVE ( 'NONE', #2616, #3048, #2761, .T. ) ;
#258 = CARTESIAN_POINT ( 'NONE',  ( -0.6410254037844375100, -0.3700961894323345800, -2.266666666666671900 ) ) ;
#259 = CARTESIAN_POINT ( 'NONE',  ( 0.8660254037844386000, 0.4999999999999970000, 2.533333333333321700 ) ) ;
#260 = CARTESIAN_POINT ( 'NONE',  ( 0.6410254037844369500, -0.3700961894323356300, 3.066666666666650000 ) ) ;
#261 = FACE_OUTER_BOUND ( 'NONE', #546, .T. ) ;
#262 = CARTESIAN_POINT ( 'NONE',  ( -0.7401923788646666000, -1.903298623977073300E-015, -3.000000000000000000 ) ) ;
#263 = ADVANCED_FACE ( 'NONE', ( #818 ), #4416, .T. ) ;
#264 = CARTESIAN_POINT ( 'NONE',  ( -0.8415063509460758400, 3.886312194091736100E-013, 2.841506350946080100 ) ) ;
#265 = CARTESIAN_POINT ( 'NONE',  ( 0.8660254037844384900, 0.4999999999999970000, -2.216666666666673900 ) ) ;
#266 = ORIENTED_EDGE ( 'NONE', *, *, #3403, .F. ) ;
#267 = CARTESIAN_POINT ( 'NONE',  ( -0.8847754037844375300, 0.5108253175473029800, 3.079166666666652800 ) ) ;
#268 = ORIENTED_EDGE ( 'NONE', *, *, #2202, .T. ) ;
#269 = CARTESIAN_POINT ( 'NONE',  ( 0.9683012701892397300, 7.580887064460760500E-013, 2.968301270189245100 ) ) ;
#270 = DIRECTION ( 'NONE',  ( 0.0000000000000000000, -1.000000000000000000, 0.0000000000000000000 ) ) ;
#271 = ORIENTED_EDGE ( 'NONE', *, *, #3898, .F. ) ;
#272 = CARTESIAN_POINT ( 'NONE',  ( -0.7401923788646674900, -3.413505384457326200E-015, 2.099999999999985900 ) ) ;
#273 = CARTESIAN_POINT ( 'NONE',  ( 0.8547005383792494200, -2.150951988513411000E-015, 3.499999999999982200 ) ) ;
#274 = AXIS2_PLACEMENT_3D ( 'NONE', #2203, #3268, #3208 ) ;
#275 = CARTESIAN_POINT ( 'NONE',  ( 0.8660254037844386000, 0.4999999999999970000, 0.1333333333333262300 ) ) ;
#276 =( BOUNDED_CURVE ( )  B_SPLINE_CURVE ( 2, ( #349, #1350, #4400, #3399, #2410, #3725, #1011, #366, #2738 ),
 .UNSPECIFIED., .F., .F. ) 
 B_SPLINE_CURVE_WITH_KNOTS ( ( 3, 2, 2, 2, 3 ),
 ( 0.3875000000000000700, 0.3916666666666666600, 0.4000000000000000200, 0.4083333333333333300, 0.4125000000000000300 ),
 .UNSPECIFIED. ) 
 CURVE ( )  GEOMETRIC_REPRESENTATION_ITEM ( )  RATIONAL_B_SPLINE_CURVE ( ( 0.9330127018922194100, 0.9330127018922203000, 1.000000000000000000, 0.8660254037844387100, 1.000000000000000000, 0.8660254037844387100, 1.000000000000000000, 0.9330127018922189700, 0.9330127018922194100 ) ) 
 REPRESENTATION_ITEM ( '' )  );
#277 = VERTEX_POINT ( 'NONE', #2871 ) ;
#278 = CARTESIAN_POINT ( 'NONE',  ( 0.7401923788646667100, -8.424821799937230700E-016, 0.3499999999999909300 ) ) ;
#279 = ORIENTED_EDGE ( 'NONE', *, *, #230, .F. ) ;
#280 = CARTESIAN_POINT ( 'NONE',  ( -0.8847754037844375300, 0.5108253175473029800, 4.279166666666649900 ) ) ;
#281 = EDGE_CURVE ( 'NONE', #891, #2233, #57, .T. ) ;
#282 = EDGE_CURVE ( 'NONE', #1387, #781, #662, .T. ) ;
#283 = ADVANCED_FACE ( 'NONE', ( #3507 ), #440, .T. ) ;
#284 = ORIENTED_EDGE ( 'NONE', *, *, #3773, .F. ) ;
#285 = CARTESIAN_POINT ( 'NONE',  ( 0.5751790095555271400, -0.5091226232917033200, -2.950304732709196000 ) ) ;
#286 = CARTESIAN_POINT ( 'NONE',  ( 0.7401923788646666000, -1.993946046730061400E-015, -3.000000000000000000 ) ) ;
#287 = DIRECTION ( 'NONE',  ( 1.000000000000000000, 0.0000000000000000000, 0.0000000000000000000 ) ) ;
#288 = CARTESIAN_POINT ( 'NONE',  ( -9.064742275298788900E-017, -0.7401923788646686000, 2.599999999999984100 ) ) ;
#289 = EDGE_LOOP ( 'NONE', ( #2261, #301, #3210, #345 ) ) ;
#290 = CARTESIAN_POINT ( 'NONE',  ( 0.2670579069428994400, -0.5963693954838110700, 4.199585623990602200 ) ) ;
#291 = CARTESIAN_POINT ( 'NONE',  ( 1.154700538379250800, -2.206061094475042600E-015, 2.899999999999986100 ) ) ;
#292 = DIRECTION ( 'NONE',  ( -0.0000000000000000000, 6.054590893736192000E-018, 1.000000000000000000 ) ) ;
#293 = ORIENTED_EDGE ( 'NONE', *, *, #3093, .T. ) ;
#294 = CARTESIAN_POINT ( 'NONE',  ( 0.7401923788646667100, -2.963213184805508800E-015, -0.8500000000000066400 ) ) ;
#295 = CARTESIAN_POINT ( 'NONE',  ( -0.5898502691896253500, -1.021650635094611300, 4.379166666666649600 ) ) ;
#296 = VERTEX_POINT ( 'NONE', #2514 ) ;
#297 = CARTESIAN_POINT ( 'NONE',  ( 0.7401923788646664900, -0.1983339501604626200, 0.6821367205045801900 ) ) ;
#298 = LINE ( 'NONE', #129, #2788 ) ;
#299 = AXIS2_PLACEMENT_3D ( 'NONE', #395, #1772, #3505 ) ;
#300 = CARTESIAN_POINT ( 'NONE',  ( 0.0000000000000000000, -1.995762423998182000E-015, -3.000000000000000000 ) ) ;
#301 = ORIENTED_EDGE ( 'NONE', *, *, #1493, .T. ) ;
#302 = PLANE ( 'NONE',  #4204 ) ;
#303 = LINE ( 'NONE', #3242, #2793 ) ;
#304 = CARTESIAN_POINT ( 'NONE',  ( 0.0000000000000000000, -1.993946046730061400E-015, 2.740192378864672000 ) ) ;
#305 = DIRECTION ( 'NONE',  ( -0.8660254037844387100, 0.4999999999999998300, 0.0000000000000000000 ) ) ;
#306 = CARTESIAN_POINT ( 'NONE',  ( -0.5898502691896248000, 1.021650635094607500, -2.529166666666672100 ) ) ;
#307 = CARTESIAN_POINT ( 'NONE',  ( 0.0000000000000000000, 0.9999999999999974500, -2.200000000000002000 ) ) ;
#308 = ADVANCED_FACE ( 'NONE', ( #3135 ), #3994, .T. ) ;
#309 = CARTESIAN_POINT ( 'NONE',  ( 0.8660254037844378200, -0.5000000000000021100, 2.866666666666653800 ) ) ;
#310 = LINE ( 'NONE', #545, #1053 ) ;
#311 = DIRECTION ( 'NONE',  ( -0.0000000000000000000, -0.0000000000000000000, 1.000000000000000000 ) ) ;
#312 = LINE ( 'NONE', #262, #3809 ) ;
#313 = CARTESIAN_POINT ( 'NONE',  ( 0.4273502691896251500, 0.7401923788646644900, -1.583333333333338400 ) ) ;
#314 = CARTESIAN_POINT ( 'NONE',  ( -0.7401923788646659300, -0.1983339501604592400, -0.2821367205046011500 ) ) ;
#315 = CARTESIAN_POINT ( 'NONE',  ( -1.224646799147352500E-016, -1.000000000000001300, -1.600000000000003400 ) ) ;
#316 = CARTESIAN_POINT ( 'NONE',  ( 0.7401923788646656000, 0.1983339501604539100, 2.317863279495392600 ) ) ;
#317 = CARTESIAN_POINT ( 'NONE',  ( 0.0000000000000000000, 1.021650635094607500, -2.562500000000006200 ) ) ;
#318 = VERTEX_POINT ( 'NONE', #525 ) ;
#319 = CARTESIAN_POINT ( 'NONE',  ( 0.6499999999999986900, -0.3752776749732558100, 3.389999999999999700 ) ) ;
#320 = ORIENTED_EDGE ( 'NONE', *, *, #3712, .T. ) ;
#321 = LINE ( 'NONE', #657, #3394 ) ;
#322 = CARTESIAN_POINT ( 'NONE',  ( 0.6410254037844369500, -0.3700961894323356300, -1.283333333333339200 ) ) ;
#323 =( BOUNDED_CURVE ( )  B_SPLINE_CURVE ( 2, ( #3039, #3722, #667, #1301, #4394, #2020, #2049, #1709, #626 ),
 .UNSPECIFIED., .F., .F. ) 
 B_SPLINE_CURVE_WITH_KNOTS ( ( 3, 2, 2, 2, 3 ),
 ( 0.4875000000000000400, 0.4916666666666666400, 0.5000000000000000000, 0.5083333333333333000, 0.5125000000000000700 ),
 .UNSPECIFIED. ) 
 CURVE ( )  GEOMETRIC_REPRESENTATION_ITEM ( )  RATIONAL_B_SPLINE_CURVE ( ( 0.9330127018922194100, 0.9330127018922203000, 1.000000000000000000, 0.8660254037844387100, 1.000000000000000000, 0.8660254037844387100, 1.000000000000000000, 0.9330127018922185200, 0.9330127018922194100 ) ) 
 REPRESENTATION_ITEM ( '' )  );
#324 = LINE ( 'NONE', #2764, #1619 ) ;
#325 = ADVANCED_FACE ( 'NONE', ( #1506 ), #3617, .T. ) ;
#326 = CARTESIAN_POINT ( 'NONE',  ( 0.6410254037844382900, 0.3700961894323290300, -1.266666666666674200 ) ) ;
#327 =( BOUNDED_CURVE ( )  B_SPLINE_CURVE ( 2, ( #1233, #1696, #2998, #685, #2684, #3011, #1669, #2324, #1995 ),
 .UNSPECIFIED., .F., .F. ) 
 B_SPLINE_CURVE_WITH_KNOTS ( ( 3, 2, 2, 2, 3 ),
 ( 0.4625000000000000200, 0.4666666666666666700, 0.4749999999999999800, 0.4833333333333333400, 0.4875000000000000400 ),
 .UNSPECIFIED. ) 
 CURVE ( )  GEOMETRIC_REPRESENTATION_ITEM ( )  RATIONAL_B_SPLINE_CURVE ( ( 0.9330127018922194100, 0.9330127018922198500, 1.000000000000000000, 0.8660254037844387100, 1.000000000000000000, 0.8660254037844387100, 1.000000000000000000, 0.9330127018922185200, 0.9330127018922194100 ) ) 
 REPRESENTATION_ITEM ( '' )  );
#328 = CARTESIAN_POINT ( 'NONE',  ( 1.194684624863452800E-012, 0.8415063509460516400, -2.858493649053944500 ) ) ;
#329 = CARTESIAN_POINT ( 'NONE',  ( 0.0000000000000000000, -1.993946046730061400E-015, -3.000000000000000000 ) ) ;
#330 = CARTESIAN_POINT ( 'NONE',  ( 1.179700538379249800, -2.210653519971845100E-015, -1.862500000000007400 ) ) ;
#331 = CARTESIAN_POINT ( 'NONE',  ( 7.253626479238500900E-015, 0.7401923788646647100, 1.199999999999987500 ) ) ;
#332 = CARTESIAN_POINT ( 'NONE',  ( -0.6410254037844386200, -0.3700961894323326300, -0.2166666666666748900 ) ) ;
#333 = CARTESIAN_POINT ( 'NONE',  ( 0.7401923788646660500, -3.340877610319936300E-016, 1.949999999999987700 ) ) ;
#334 = CARTESIAN_POINT ( 'NONE',  ( -0.7401923788646666000, -1.438029927920320500E-015, -1.850000000000004500 ) ) ;
#335 = ORIENTED_EDGE ( 'NONE', *, *, #3189, .F. ) ;
#336 = CARTESIAN_POINT ( 'NONE',  ( 0.2336672992844264200, 0.9680804533143264600, 2.968080453314339500 ) ) ;
#337 = CARTESIAN_POINT ( 'NONE',  ( 0.0000000000000000000, 0.7401923788646647100, -3.150000000000001700 ) ) ;
#338 = EDGE_CURVE ( 'NONE', #457, #4116, #2376, .T. ) ;
#339 = VERTEX_POINT ( 'NONE', #3286 ) ;
#340 = EDGE_CURVE ( 'NONE', #2467, #3461, #1725, .T. ) ;
#341 = ORIENTED_EDGE ( 'NONE', *, *, #955, .F. ) ;
#342 = CARTESIAN_POINT ( 'NONE',  ( -0.7401923788646667100, -3.253724281355068500E-015, -0.2500000000000075500 ) ) ;
#343 = CARTESIAN_POINT ( 'NONE',  ( -0.7401923788646670400, 0.1983339501604596800, 2.482136720504576600 ) ) ;
#344 = CARTESIAN_POINT ( 'NONE',  ( -1.179700538379249800, -1.921710222316133300E-015, -3.262500000000004600 ) ) ;
#345 = ORIENTED_EDGE ( 'NONE', *, *, #1890, .F. ) ;
#346 = CARTESIAN_POINT ( 'NONE',  ( 0.7401923788646660500, -5.243725292719552800E-015, 1.099999999999987000 ) ) ;
#347 = LOCAL_TIME ( 15, 25, 15.00000000000000000, #2169 ) ;
#348 = CARTESIAN_POINT ( 'NONE',  ( 0.7401923788646664900, -2.614599868946037200E-015, -2.500000000000004900 ) ) ;
#349 = CARTESIAN_POINT ( 'NONE',  ( 0.7401923788646667100, -6.536499672365093000E-016, -0.05000000000000800300 ) ) ;
#350 = DIRECTION ( 'NONE',  ( 0.0000000000000000000, -1.000000000000000000, 0.0000000000000000000 ) ) ;
#351 = ADVANCED_FACE ( 'NONE', ( #2623 ), #111, .T. ) ;
#352 = ORIENTED_EDGE ( 'NONE', *, *, #3987, .F. ) ;
#353 = CYLINDRICAL_SURFACE ( 'NONE', #20, 0.9999999999999993300 ) ;
#354 = PLANE ( 'NONE',  #2044 ) ;
#355 = CARTESIAN_POINT ( 'NONE',  ( -9.064742275298788900E-017, -0.7401923788646686000, -1.750000000000004900 ) ) ;
#356 = VERTEX_POINT ( 'NONE', #3305 ) ;
#357 =( BOUNDED_CURVE ( )  B_SPLINE_CURVE ( 2, ( #3297, #924, #2308, #2275, #1635, #4352, #1933 ),
 .UNSPECIFIED., .F., .F. ) 
 B_SPLINE_CURVE_WITH_KNOTS ( ( 3, 2, 2, 3 ),
 ( 0.8250000000000001800, 0.8333333333333335900, 0.8416666666666669000, 0.8500000000000002000 ),
 .UNSPECIFIED. ) 
 CURVE ( )  GEOMETRIC_REPRESENTATION_ITEM ( )  RATIONAL_B_SPLINE_CURVE ( ( 0.9999999999999964500, 0.8660254037844421500, 1.000000000000000000, 0.8660254037844386000, 1.000000000000000000, 0.8660254037844350400, 1.000000000000003600 ) ) 
 REPRESENTATION_ITEM ( '' )  );
#358 = VECTOR ( 'NONE', #3419, 1000.000000000000000 ) ;
#359 = CARTESIAN_POINT ( 'NONE',  ( -1.224646799147352500E-016, -1.000000000000001300, 2.049999999999983400 ) ) ;
#360 = CARTESIAN_POINT ( 'NONE',  ( 1.179700538379250000, -2.210653519971845100E-015, -2.687500000000000900 ) ) ;
#361 = CARTESIAN_POINT ( 'NONE',  ( 1.812948455059757800E-016, 0.7401923788646647100, -2.750000000000002700 ) ) ;
#362 = CARTESIAN_POINT ( 'NONE',  ( -0.8847754037844375300, -0.5108253175473065300, -3.229166666666671400 ) ) ;
#363 = VECTOR ( 'NONE', #2377, 1000.000000000000000 ) ;
#364 = VERTEX_POINT ( 'NONE', #4001 ) ;
#365 = DIRECTION ( 'NONE',  ( -0.0000000000000000000, -0.0000000000000000000, 1.000000000000000000 ) ) ;
#366 = CARTESIAN_POINT ( 'NONE',  ( -0.7401923788646666000, 0.1983339501604598200, 0.1321367205045828600 ) ) ;
#367 = CARTESIAN_POINT ( 'NONE',  ( -0.8660254037844381500, 0.4999999999999978400, -0.08333333333334527700 ) ) ;
#368 = CARTESIAN_POINT ( 'NONE',  ( 0.0000000000000000000, -1.993946046730061400E-015, -3.000000000000000000 ) ) ;
#369 = EDGE_CURVE ( 'NONE', #3564, #2438, #495, .T. ) ;
#370 = CARTESIAN_POINT ( 'NONE',  ( 0.7006292692221060000, -0.7135254915623544500, -2.700000000000000200 ) ) ;
#371 = CARTESIAN_POINT ( 'NONE',  ( -0.6410254037844371800, -0.3700961894323351300, -2.216666666666670800 ) ) ;
#372 = VERTEX_POINT ( 'NONE', #3520 ) ;
#373 = CARTESIAN_POINT ( 'NONE',  ( 0.7401923788646666000, -1.016788837923458900E-015, 0.7499999999999902300 ) ) ;
#374 = AXIS2_PLACEMENT_3D ( 'NONE', #3585, #558, #1566 ) ;
#375 = DIRECTION ( 'NONE',  ( 0.0000000000000000000, -1.000000000000000000, 0.0000000000000000000 ) ) ;
#376 = CARTESIAN_POINT ( 'NONE',  ( -0.5898502691896253500, -1.021650635094611300, -2.820833333333334200 ) ) ;
#377 = ORIENTED_EDGE ( 'NONE', *, *, #3746, .F. ) ;
#378 = CARTESIAN_POINT ( 'NONE',  ( 0.0000000000000000000, 1.021650635094607500, -0.9625000000000097900 ) ) ;
#379 = CARTESIAN_POINT ( 'NONE',  ( 0.0000000000000000000, -1.993946046730061400E-015, -3.000000000000000000 ) ) ;
#380 = ORIENTED_EDGE ( 'NONE', *, *, #2345, .F. ) ;
#381 = CARTESIAN_POINT ( 'NONE',  ( -0.7401923788646672700, 0.1983339501604583800, -0.3178632794954172600 ) ) ;
#382 = CARTESIAN_POINT ( 'NONE',  ( 0.8547005383792494200, -2.150951988513411000E-015, -0.4500000000000077300 ) ) ;
#383 = CARTESIAN_POINT ( 'NONE',  ( 0.8660254037844378200, -0.5000000000000021100, -1.933333333333336000 ) ) ;
#384 = ORIENTED_EDGE ( 'NONE', *, *, #1827, .F. ) ;
#385 = CARTESIAN_POINT ( 'NONE',  ( 0.6410254037844339600, -0.3700961894323406800, 2.716666666666652100 ) ) ;
#386 = DIRECTION ( 'NONE',  ( 1.000000000000000000, 0.0000000000000000000, 0.0000000000000000000 ) ) ;
#387 = CARTESIAN_POINT ( 'NONE',  ( 1.179700538379249800, -2.210653519971845100E-015, -0.2625000000000110000 ) ) ;
#388 = CARTESIAN_POINT ( 'NONE',  ( 0.7401923788646659300, -4.793433093067735000E-016, 2.299999999999985200 ) ) ;
#389 = VERTEX_POINT ( 'NONE', #1290 ) ;
#390 = EDGE_CURVE ( 'NONE', #5, #3578, #4097, .T. ) ;
#391 = DIRECTION ( 'NONE',  ( -0.0000000000000000000, -0.0000000000000000000, 1.000000000000000000 ) ) ;
#392 = CARTESIAN_POINT ( 'NONE',  ( 0.4397072302068894000, 0.4966902622219390700, 4.210128554084010800 ) ) ;
#393 = CARTESIAN_POINT ( 'NONE',  ( -0.8547005383792494200, -1.941610732802278000E-015, -3.100000000000003600 ) ) ;
#394 = CARTESIAN_POINT ( 'NONE',  ( 0.8660254037844384900, 0.4999999999999970000, -1.416666666666675800 ) ) ;
#395 = CARTESIAN_POINT ( 'NONE',  ( 0.0000000000000000000, -1.993946046730061400E-015, -3.000000000000000000 ) ) ;
#396 = ORIENTED_EDGE ( 'NONE', *, *, #1262, .T. ) ;
#397 = CARTESIAN_POINT ( 'NONE',  ( 0.5773502691896216200, 1.000000000000004900, -0.2333333333333390300 ) ) ;
#398 = CARTESIAN_POINT ( 'NONE',  ( 0.8547005383792494200, -2.150951988513411000E-015, -1.250000000000006000 ) ) ;
#399 = EDGE_CURVE ( 'NONE', #1387, #1895, #1938, .T. ) ;
#400 = COORDINATED_UNIVERSAL_TIME_OFFSET ( 6, 0, .BEHIND. ) ;
#401 = ORIENTED_EDGE ( 'NONE', *, *, #2202, .F. ) ;
#402 = CARTESIAN_POINT ( 'NONE',  ( 0.8660254037844384900, 0.4999999999999970000, 2.183333333333316700 ) ) ;
#403 = ORIENTED_EDGE ( 'NONE', *, *, #4326, .T. ) ;
#404 = CARTESIAN_POINT ( 'NONE',  ( 0.8847754037844373100, -0.5108253175473073100, -2.320833333333335500 ) ) ;
#405 = CARTESIAN_POINT ( 'NONE',  ( -1.154700538379251000, -1.923241030815067900E-015, -2.450000000000007700 ) ) ;
#406 = CARTESIAN_POINT ( 'NONE',  ( -1.251161180115474100E-016, -1.021650635094611500, -1.162500000000009000 ) ) ;
#407 = VERTEX_POINT ( 'NONE', #569 ) ;
#408 = CARTESIAN_POINT ( 'NONE',  ( 1.812948455059757800E-016, 0.7401923788646647100, -2.800000000000003800 ) ) ;
#409 = DIRECTION ( 'NONE',  ( 0.0000000000000000000, -1.000000000000000000, 0.0000000000000000000 ) ) ;
#410 = VECTOR ( 'NONE', #2423, 1000.000000000000000 ) ;
#411 = CARTESIAN_POINT ( 'NONE',  ( -0.5773502691896208500, 1.000000000000005300, -0.1166666666666789400 ) ) ;
#412 = DIRECTION ( 'NONE',  ( -0.0000000000000000000, -0.0000000000000000000, 1.000000000000000000 ) ) ;
#413 = CARTESIAN_POINT ( 'NONE',  ( 0.7401923788646667100, -1.379927708610408600E-015, -1.700000000000006000 ) ) ;
#414 =( BOUNDED_CURVE ( )  B_SPLINE_CURVE ( 2, ( #572, #917, #2965, #3275, #3614, #1940, #944 ),
 .UNSPECIFIED., .F., .F. ) 
 B_SPLINE_CURVE_WITH_KNOTS ( ( 3, 2, 2, 3 ),
 ( 0.6000000000000000900, 0.6083333333333333900, 0.6166666666666667000, 0.6250000000000000000 ),
 .UNSPECIFIED. ) 
 CURVE ( )  GEOMETRIC_REPRESENTATION_ITEM ( )  RATIONAL_B_SPLINE_CURVE ( ( 0.9999999999999982200, 0.8660254037844404800, 1.000000000000000000, 0.8660254037844387100, 1.000000000000000000, 0.8660254037844387100, 1.000000000000000000 ) ) 
 REPRESENTATION_ITEM ( '' )  );
#415 = FACE_OUTER_BOUND ( 'NONE', #2954, .T. ) ;
#416 = CARTESIAN_POINT ( 'NONE',  ( -0.4273502691896246500, 0.7401923788646646000, -0.7166666666666735600 ) ) ;
#417 = CARTESIAN_POINT ( 'NONE',  ( -0.4273502691896246500, 0.7401923788646646000, -1.966666666666672600 ) ) ;
#418 = CYLINDRICAL_SURFACE ( 'NONE', #274, 0.9999999999999993300 ) ;
#419 = CARTESIAN_POINT ( 'NONE',  ( -0.5773502691896208500, 1.000000000000005300, 1.883333333333316200 ) ) ;
#420 = CARTESIAN_POINT ( 'NONE',  ( -1.251161180115474400E-016, -1.021650635094611700, -2.787500000000001000 ) ) ;
#421 = CARTESIAN_POINT ( 'NONE',  ( 0.0000000000000000000, 0.9999999999999974500, 2.599999999999987700 ) ) ;
#422 = CARTESIAN_POINT ( 'NONE',  ( 0.8847754037844378600, 0.5108253175473020900, -1.029166666666676100 ) ) ;
#423 = CARTESIAN_POINT ( 'NONE',  ( 0.7401923788646663800, -0.1983339501604619900, -2.067863279495412200 ) ) ;
#424 = CARTESIAN_POINT ( 'NONE',  ( 0.1021696567345117000, 0.6915676711278293500, 4.241012321179930200 ) ) ;
#425 = DIRECTION ( 'NONE',  ( 0.0000000000000000000, -1.000000000000000000, 0.0000000000000000000 ) ) ;
#426 = CARTESIAN_POINT ( 'NONE',  ( -0.5773502691896257300, -1.000000000000001100, -2.433333333333334500 ) ) ;
#427 = CARTESIAN_POINT ( 'NONE',  ( 0.4273502691896290400, 0.7401923788646621600, 1.616666666666654300 ) ) ;
#428 = EDGE_CURVE ( 'NONE', #3091, #658, #3476, .T. ) ;
#429 = EDGE_CURVE ( 'NONE', #1452, #3760, #1719, .T. ) ;
#430 = ORIENTED_EDGE ( 'NONE', *, *, #1401, .F. ) ;
#431 = CARTESIAN_POINT ( 'NONE',  ( 0.6410254037844374000, 0.3700961894323307500, -0.4166666666666745700 ) ) ;
#432 = CARTESIAN_POINT ( 'NONE',  ( 0.6410254037844369500, -0.3700961894323356300, -1.733333333333339800 ) ) ;
#433 = CARTESIAN_POINT ( 'NONE',  ( 0.0000000000000000000, 0.9999999999999974500, 1.799999999999988900 ) ) ;
#434 = CARTESIAN_POINT ( 'NONE',  ( 0.0000000000000000000, -1.995519075587110800E-015, -2.959807621135333500 ) ) ;
#435 = EDGE_CURVE ( 'NONE', #2688, #2488, #1595, .T. ) ;
#436 = ORIENTED_EDGE ( 'NONE', *, *, #3378, .T. ) ;
#437 = CARTESIAN_POINT ( 'NONE',  ( -0.8847754037844376400, -0.5108253175473066500, -0.05416666666667371100 ) ) ;
#438 = CARTESIAN_POINT ( 'NONE',  ( 0.4273502691896278700, 0.7401923788646628300, -0.7833333333333403200 ) ) ;
#439 = CARTESIAN_POINT ( 'NONE',  ( -1.179700538379249800, -1.921710222316133300E-015, -1.262500000000008800 ) ) ;
#440 = CYLINDRICAL_SURFACE ( 'NONE', #1848, 0.9999999999999993300 ) ;
#441 = CARTESIAN_POINT ( 'NONE',  ( -0.4273502691896249300, -0.7401923788646683800, -2.633333333333337700 ) ) ;
#442 = CARTESIAN_POINT ( 'NONE',  ( 0.5773502691896238400, 1.000000000000000700, -0.6333333333333387400 ) ) ;
#443 = ORIENTED_EDGE ( 'NONE', *, *, #3691, .T. ) ;
#444 = CARTESIAN_POINT ( 'NONE',  ( -0.7401923788646656000, 0.1983339501604617400, 1.732136720504579700 ) ) ;
#445 = CARTESIAN_POINT ( 'NONE',  ( 0.9815676218677884500, -0.1168565948366070400, -2.718432378132212600 ) ) ;
#446 = CARTESIAN_POINT ( 'NONE',  ( 0.4273502691896251500, 0.7401923788646644900, 0.4166666666666571900 ) ) ;
#447 = ORIENTED_EDGE ( 'NONE', *, *, #1639, .T. ) ;
#448 = CARTESIAN_POINT ( 'NONE',  ( -0.6410254037844370600, 0.3700961894323314100, -1.133333333333341300 ) ) ;
#449 = CARTESIAN_POINT ( 'NONE',  ( 0.0000000000000000000, 0.9999999999999974500, -1.400000000000004100 ) ) ;
#450 = ORIENTED_EDGE ( 'NONE', *, *, #1114, .T. ) ;
#451 = CARTESIAN_POINT ( 'NONE',  ( -0.8847754037844376400, -0.5108253175473066500, -0.4541666666666726000 ) ) ;
#452 = CARTESIAN_POINT ( 'NONE',  ( 0.6410254037844397300, 0.3700961894323265800, -0.8166666666666734200 ) ) ;
#453 = CARTESIAN_POINT ( 'NONE',  ( -0.5898502691896252400, -1.021650635094611300, 2.004166666666650900 ) ) ;
#454 = EDGE_CURVE ( 'NONE', #238, #1889, #2411, .T. ) ;
#455 = CARTESIAN_POINT ( 'NONE',  ( -1.224646799147352500E-016, -1.000000000000001300, -0.7500000000000105500 ) ) ;
#456 = DATE_AND_TIME ( #2783, #675 ) ;
#457 = VERTEX_POINT ( 'NONE', #586 ) ;
#458 = CARTESIAN_POINT ( 'NONE',  ( 0.8660254037844379300, -0.5000000000000021100, -0.6833333333333436700 ) ) ;
#459 = ORIENTED_EDGE ( 'NONE', *, *, #1606, .T. ) ;
#460 = CARTESIAN_POINT ( 'NONE',  ( 0.7401923788646656000, 0.1983339501604542400, 1.567863279495396800 ) ) ;
#461 = APPROVAL_DATE_TIME ( #1361, #3956 ) ;
#462 = CARTESIAN_POINT ( 'NONE',  ( 0.5773502691896250600, -1.000000000000001600, -2.366666666666668500 ) ) ;
#463 = CARTESIAN_POINT ( 'NONE',  ( -0.4273502691896249300, -0.7401923788646683800, 1.416666666666654800 ) ) ;
#464 = AXIS2_PLACEMENT_3D ( 'NONE', #4112, #4099, #3751 ) ;
#465 = CARTESIAN_POINT ( 'NONE',  ( -0.8547005383792494200, -1.941610732802278000E-015, -1.900000000000005900 ) ) ;
#466 = ORIENTED_EDGE ( 'NONE', *, *, #1744, .F. ) ;
#467 = CARTESIAN_POINT ( 'NONE',  ( -0.2102927697931094000, 0.6291427626978273200, 4.210128554084009900 ) ) ;
#468 = LINE ( 'NONE', #491, #1419 ) ;
#469 =( BOUNDED_CURVE ( )  B_SPLINE_CURVE ( 2, ( #972, #3002, #986, #4033, #2366 ),
 .UNSPECIFIED., .F., .F. ) 
 B_SPLINE_CURVE_WITH_KNOTS ( ( 3, 2, 3 ),
 ( 0.03750000000000017900, 0.04166666666666669200, 0.05000000000000007900 ),
 .UNSPECIFIED. ) 
 CURVE ( )  GEOMETRIC_REPRESENTATION_ITEM ( )  RATIONAL_B_SPLINE_CURVE ( ( 0.9330127018922194100, 0.9330127018922223000, 1.000000000000000000, 0.8660254037844374900, 1.000000000000001100 ) ) 
 REPRESENTATION_ITEM ( '' )  );
#470 = CARTESIAN_POINT ( 'NONE',  ( -1.251161180115474400E-016, -1.021650635094611700, -1.187500000000004400 ) ) ;
#471 = ORIENTED_EDGE ( 'NONE', *, *, #2484, .F. ) ;
#472 = CARTESIAN_POINT ( 'NONE',  ( 0.5773502691896305100, 0.9999999999999893400, 1.416666666666651200 ) ) ;
#473 = CARTESIAN_POINT ( 'NONE',  ( 0.0000000000000000000, 1.021650635094607500, 1.837499999999984100 ) ) ;
#474 = CARTESIAN_POINT ( 'NONE',  ( -0.7401923788646666000, -1.438029927920320500E-015, -1.900000000000005900 ) ) ;
#475 = CARTESIAN_POINT ( 'NONE',  ( 0.7401923788646668200, 0.1983339501604552700, -1.232136720504598100 ) ) ;
#476 = ORIENTED_EDGE ( 'NONE', *, *, #669, .T. ) ;
#477 =( BOUNDED_CURVE ( )  B_SPLINE_CURVE ( 2, ( #2829, #2165, #1853, #2194, #3155, #145, #433 ),
 .UNSPECIFIED., .F., .F. ) 
 B_SPLINE_CURVE_WITH_KNOTS ( ( 3, 2, 2, 3 ),
 ( 0.5750000000000000700, 0.5833333333333334800, 0.5916666666666667900, 0.6000000000000000900 ),
 .UNSPECIFIED. ) 
 CURVE ( )  GEOMETRIC_REPRESENTATION_ITEM ( )  RATIONAL_B_SPLINE_CURVE ( ( 0.9999999999999982200, 0.8660254037844404800, 1.000000000000000000, 0.8660254037844387100, 1.000000000000000000, 0.8660254037844369300, 1.000000000000001800 ) ) 
 REPRESENTATION_ITEM ( '' )  );
#478 = CARTESIAN_POINT ( 'NONE',  ( 0.8660254037844378200, -0.5000000000000021100, -1.533333333333337000 ) ) ;
#479 = DIRECTION ( 'NONE',  ( -0.0000000000000000000, 6.054590893736192000E-018, 1.000000000000000000 ) ) ;
#480 = DIRECTION ( 'NONE',  ( -0.0000000000000000000, -0.0000000000000000000, 1.000000000000000000 ) ) ;
#481 = CARTESIAN_POINT ( 'NONE',  ( -0.6410254037844371800, -0.3700961894323351300, 2.983333333333317800 ) ) ;
#482 = FACE_OUTER_BOUND ( 'NONE', #3689, .T. ) ;
#483 = CARTESIAN_POINT ( 'NONE',  ( 0.4273502691896244900, -0.7401923788646687100, -0.9666666666666748900 ) ) ;
#484 = CARTESIAN_POINT ( 'NONE',  ( -1.154700538379250800, -1.923241030815067500E-015, 1.499999999999989800 ) ) ;
#485 = DIRECTION ( 'NONE',  ( 0.0000000000000000000, 0.0000000000000000000, -1.000000000000000000 ) ) ;
#486 = CARTESIAN_POINT ( 'NONE',  ( -1.251161180115474400E-016, -1.021650635094611700, 0.01249999999999298500 ) ) ;
#487 = CARTESIAN_POINT ( 'NONE',  ( 0.7401923788646667100, -2.963213184805508800E-015, -0.8500000000000066400 ) ) ;
#488 = ORIENTED_EDGE ( 'NONE', *, *, #2703, .F. ) ;
#489 = CARTESIAN_POINT ( 'NONE',  ( 0.5898502691896244700, -1.021650635094611700, 0.8708333333333198000 ) ) ;
#490 = CARTESIAN_POINT ( 'NONE',  ( -1.224646799147352500E-016, -1.000000000000001300, -2.400000000000002100 ) ) ;
#491 = CARTESIAN_POINT ( 'NONE',  ( 0.0000000000000000000, -1.000000000000001300, 4.299999999999999800 ) ) ;
#492 = LINE ( 'NONE', #3680, #1770 ) ;
#493 = CARTESIAN_POINT ( 'NONE',  ( 0.2871404575446581700, -0.8791162855389100800, 2.917272435346936400 ) ) ;
#494 = EDGE_CURVE ( 'NONE', #571, #3638, #709, .T. ) ;
#495 = LINE ( 'NONE', #3622, #1826 ) ;
#496 = DIRECTION ( 'NONE',  ( 0.0000000000000000000, 0.0000000000000000000, 1.000000000000000000 ) ) ;
#497 = CARTESIAN_POINT ( 'NONE',  ( 0.0000000000000000000, 0.7401923788646647100, 1.649999999999987500 ) ) ;
#498 = CARTESIAN_POINT ( 'NONE',  ( -0.6410254037844371800, -0.3700961894323351300, 0.5333333333333218900 ) ) ;
#499 = CARTESIAN_POINT ( 'NONE',  ( 0.6410254037844347300, -0.3700961894323394100, -0.4833333333333408300 ) ) ;
#500 = VERTEX_POINT ( 'NONE', #1640 ) ;
#501 = CARTESIAN_POINT ( 'NONE',  ( 1.179700538379250000, -2.210653519971845100E-015, 0.1124999999999928100 ) ) ;
#502 =( BOUNDED_CURVE ( )  B_SPLINE_CURVE ( 2, ( #3129, #1410, #2822, #3830, #1469, #805, #3428, #1455, #2156 ),
 .UNSPECIFIED., .F., .F. ) 
 B_SPLINE_CURVE_WITH_KNOTS ( ( 3, 2, 2, 2, 3 ),
 ( 0.06250000000000000000, 0.06666666666666666600, 0.07499999999999999700, 0.08333333333333332900, 0.08749999999999999400 ),
 .UNSPECIFIED. ) 
 CURVE ( )  GEOMETRIC_REPRESENTATION_ITEM ( )  RATIONAL_B_SPLINE_CURVE ( ( 0.9330127018922194100, 0.9330127018922194100, 1.000000000000000000, 0.8660254037844387100, 1.000000000000000000, 0.8660254037844387100, 1.000000000000000000, 0.9330127018922194100, 0.9330127018922194100 ) ) 
 REPRESENTATION_ITEM ( '' )  );
#503 = CARTESIAN_POINT ( 'NONE',  ( -1.179700538379249800, -1.921710222316133300E-015, 0.7374999999999862800 ) ) ;
#504 = ORIENTED_EDGE ( 'NONE', *, *, #807, .T. ) ;
#505 = CARTESIAN_POINT ( 'NONE',  ( 0.5773502691896305100, 0.9999999999999893400, 0.2166666666666537400 ) ) ;
#506 = CARTESIAN_POINT ( 'NONE',  ( 0.4273502691896277100, 0.7401923788646628300, -1.183333333333339100 ) ) ;
#507 = CARTESIAN_POINT ( 'NONE',  ( -1.224646799147352500E-016, -1.000000000000001300, -1.550000000000008700 ) ) ;
#508 = CARTESIAN_POINT ( 'NONE',  ( 0.0000000000000000000, -1.993946046730061400E-015, -3.000000000000000000 ) ) ;
#509 = CARTESIAN_POINT ( 'NONE',  ( 0.5898502691896244700, -1.021650635094611700, 3.670833333333313000 ) ) ;
#510 = VERTEX_POINT ( 'NONE', #654 ) ;
#511 = CARTESIAN_POINT ( 'NONE',  ( 0.4273502691896244900, -0.7401923788646687100, 1.483333333333321800 ) ) ;
#512 = AXIS2_PLACEMENT_3D ( 'NONE', #1305, #2699, #4358 ) ;
#513 = CARTESIAN_POINT ( 'NONE',  ( -9.064742275298788900E-017, -0.7401923788646686000, 1.799999999999985600 ) ) ;
#514 = ORIENTED_EDGE ( 'NONE', *, *, #4376, .T. ) ;
#515 = CARTESIAN_POINT ( 'NONE',  ( -2.710505431213761100E-016, -0.7505553499465117400, 4.299999999999999800 ) ) ;
#516 = CARTESIAN_POINT ( 'NONE',  ( 7.253626479238500900E-015, 0.7401923788646647100, 1.249999999999988900 ) ) ;
#517 = CARTESIAN_POINT ( 'NONE',  ( 0.0000000000000000000, 1.021650635094607700, 2.612499999999987400 ) ) ;
#518 = CARTESIAN_POINT ( 'NONE',  ( 0.0000000000000000000, -1.993946046730061400E-015, -3.000000000000000000 ) ) ;
#519 = EDGE_LOOP ( 'NONE', ( #1522, #2159, #2034, #2476 ) ) ;
#520 = CARTESIAN_POINT ( 'NONE',  ( -0.8847754037844375300, -0.5108253175473065300, 0.7708333333333196000 ) ) ;
#521 = CLOSED_SHELL ( 'NONE', ( #4135, #4339, #4320, #4302, #3983, #3619, #2075, #1991, #3917, #3034, #4398, #590, #946, #241, #2054, #1701, #308, #2327, #3640, #4006, #283, #1593, #967, #3334, #1428, #3290, #1616, #3724, #226, #925, #2957, #3576, #1228, #204, #2591, #877, #2937, #3266, #1276, #2242, #1381, #2309, #3959, #1928, #325, #3247, #3662, #612, #1907, #1402, #263, #697, #542, #3353, #1315, #4360, #1971, #565, #351, #4281, #3938, #3313, #2613, #2287, #32, #1947, #4, #3373, #2431, #2260, #3390, #1565, #2566, #903, #2914, #1657, #3601, #2729, #1637, #2994, #2636, #3727, #1293, #2979, #1251, #2385, #2658, #4091, #631 ) ) ;
#522 = EDGE_CURVE ( 'NONE', #4313, #2765, #327, .T. ) ;
#523 = CARTESIAN_POINT ( 'NONE',  ( 0.8660254037844379300, -0.5000000000000021100, -1.083333333333343000 ) ) ;
#524 = CARTESIAN_POINT ( 'NONE',  ( 3.536165816866263100E-015, 0.7401923788646647100, -1.150000000000006100 ) ) ;
#525 = CARTESIAN_POINT ( 'NONE',  ( 0.7401923788646660500, -3.340877610319936300E-016, 1.899999999999986100 ) ) ;
#526 = CARTESIAN_POINT ( 'NONE',  ( 1.179700538379249800, -2.210653519971845100E-015, 4.137499999999978900 ) ) ;
#527 = EDGE_LOOP ( 'NONE', ( #4065, #2694, #1199, #4126 ) ) ;
#528 = VECTOR ( 'NONE', #1247, 1000.000000000000000 ) ;
#529 = CARTESIAN_POINT ( 'NONE',  ( 0.5773502691896270600, -0.9999999999999980000, 0.4333333333333260800 ) ) ;
#530 = CARTESIAN_POINT ( 'NONE',  ( 0.0000000000000000000, 0.7401923788646647100, 2.049999999999986900 ) ) ;
#531 = CARTESIAN_POINT ( 'NONE',  ( -0.4273502691896246500, 0.7401923788646646000, 1.233333333333321000 ) ) ;
#532 = DIRECTION ( 'NONE',  ( -0.0000000000000000000, -0.0000000000000000000, 1.000000000000000000 ) ) ;
#533 = LINE ( 'NONE', #1553, #3116 ) ;
#534 = CARTESIAN_POINT ( 'NONE',  ( 0.8847754037844373100, -0.5108253175473073100, 2.079166666666655500 ) ) ;
#535 = CARTESIAN_POINT ( 'NONE',  ( -0.1200778981531913800, -0.7303876067571578600, -2.959807621135332600 ) ) ;
#536 = CARTESIAN_POINT ( 'NONE',  ( 1.179700538379249800, -2.210653519971845100E-015, 2.537499999999982300 ) ) ;
#537 = CARTESIAN_POINT ( 'NONE',  ( -0.7401923788646659300, -6.028105253403363800E-015, 2.499999999999985300 ) ) ;
#538 = CARTESIAN_POINT ( 'NONE',  ( -1.224646799147352500E-016, -1.000000000000001300, 1.999999999999988700 ) ) ;
#539 = CARTESIAN_POINT ( 'NONE',  ( 0.9630896647452660300, -0.1193992046678502700, 2.963089664745179000 ) ) ;
#540 = CARTESIAN_POINT ( 'NONE',  ( -0.8847754037844374200, 0.5108253175473028700, 3.504166666666647800 ) ) ;
#541 = AXIS2_PLACEMENT_3D ( 'NONE', #2010, #1346, #3667 ) ;
#542 = ADVANCED_FACE ( 'NONE', ( #2352 ), #2143, .T. ) ;
#543 = CARTESIAN_POINT ( 'NONE',  ( -0.6410254037844370600, 0.3700961894323314100, 4.516666666666648000 ) ) ;
#544 = CARTESIAN_POINT ( 'NONE',  ( -0.6410254037844370600, 0.3700961894323314100, 0.8666666666666544800 ) ) ;
#545 = CARTESIAN_POINT ( 'NONE',  ( 0.7505553499465115200, 2.603474084306562500E-017, 4.299999999999999800 ) ) ;
#546 = EDGE_LOOP ( 'NONE', ( #3529, #3324, #4179, #2120 ) ) ;
#547 = AXIS2_PLACEMENT_3D ( 'NONE', #1440, #3803, #64 ) ;
#548 = CARTESIAN_POINT ( 'NONE',  ( 0.5898502691896245800, -1.021650635094612000, 2.045833333333321400 ) ) ;
#549 = CARTESIAN_POINT ( 'NONE',  ( -0.7401923788646660500, -1.118467721715804800E-015, 1.699999999999986400 ) ) ;
#550 = CARTESIAN_POINT ( 'NONE',  ( -1.251161180115474100E-016, -1.021650635094611500, 2.837499999999982600 ) ) ;
#551 = CARTESIAN_POINT ( 'NONE',  ( -1.224646799147352500E-016, -1.000000000000001300, -1.150000000000009500 ) ) ;
#552 = CARTESIAN_POINT ( 'NONE',  ( 0.7401923788646666000, -2.832483191358207100E-015, -1.300000000000007100 ) ) ;
#553 = CARTESIAN_POINT ( 'NONE',  ( -0.4273502691896235400, 0.7401923788646652700, -1.566666666666673300 ) ) ;
#554 = ORIENTED_EDGE ( 'NONE', *, *, #338, .T. ) ;
#555 = AXIS2_PLACEMENT_3D ( 'NONE', #4200, #2208, #2179 ) ;
#556 = CARTESIAN_POINT ( 'NONE',  ( 0.8847754037844378600, 0.5108253175473020900, 4.570833333333312400 ) ) ;
#557 = CARTESIAN_POINT ( 'NONE',  ( 0.8660254037844384900, 0.4999999999999970000, -0.2166666666666782500 ) ) ;
#558 = DIRECTION ( 'NONE',  ( -0.0000000000000000000, 6.054590893736192000E-018, 1.000000000000000000 ) ) ;
#559 = CARTESIAN_POINT ( 'NONE',  ( 0.6410254037844369500, -0.3700961894323356300, 4.316666666666648700 ) ) ;
#560 = ORIENTED_EDGE ( 'NONE', *, *, #4124, .F. ) ;
#561 = CARTESIAN_POINT ( 'NONE',  ( 0.6410254037844369500, -0.3700961894323356300, 0.6666666666666548600 ) ) ;
#562 = ORIENTED_EDGE ( 'NONE', *, *, #2868, .T. ) ;
#563 = CARTESIAN_POINT ( 'NONE',  ( -0.5898502691896250200, 1.021650635094607700, 1.845833333333322600 ) ) ;
#564 = CARTESIAN_POINT ( 'NONE',  ( 1.154700538379251000, -2.206061094475043000E-015, 0.9499999999999858600 ) ) ;
#565 = ADVANCED_FACE ( 'NONE', ( #3299 ), #2931, .T. ) ;
#566 = CARTESIAN_POINT ( 'NONE',  ( -1.051785002784580000E-014, -0.7401923788646686000, 2.599999999999984100 ) ) ;
#567 = EDGE_LOOP ( 'NONE', ( #1422, #3456, #3088, #3245 ) ) ;
#568 = CARTESIAN_POINT ( 'NONE',  ( 0.7401923788646667100, -8.424821799937230700E-016, 0.3499999999999909300 ) ) ;
#569 = CARTESIAN_POINT ( 'NONE',  ( 0.7401923788646660500, -5.243725292719552800E-015, 1.149999999999988800 ) ) ;
#570 = DIRECTION ( 'NONE',  ( -0.0000000000000000000, -0.0000000000000000000, 1.000000000000000000 ) ) ;
#571 = VERTEX_POINT ( 'NONE', #272 ) ;
#572 = CARTESIAN_POINT ( 'NONE',  ( 0.0000000000000000000, 0.9999999999999974500, 1.799999999999988900 ) ) ;
#573 = CARTESIAN_POINT ( 'NONE',  ( -1.224646799147352500E-016, -1.000000000000001300, 0.3999999999999921400 ) ) ;
#574 = CARTESIAN_POINT ( 'NONE',  ( -0.6410254037844371800, -0.3700961894323351300, 4.183333333333315800 ) ) ;
#575 = ORIENTED_EDGE ( 'NONE', *, *, #610, .F. ) ;
#576 = LINE ( 'NONE', #829, #245 ) ;
#577 = CARTESIAN_POINT ( 'NONE',  ( -1.251161180115474400E-016, -1.021650635094611700, 1.612499999999988900 ) ) ;
#578 = ORIENTED_EDGE ( 'NONE', *, *, #3928, .F. ) ;
#579 = FACE_OUTER_BOUND ( 'NONE', #4381, .T. ) ;
#580 = EDGE_CURVE ( 'NONE', #2959, #500, #3255, .T. ) ;
#581 = CARTESIAN_POINT ( 'NONE',  ( 7.616216170250453500E-015, 0.7401923788646647100, 2.049999999999986900 ) ) ;
#582 = ORIENTED_EDGE ( 'NONE', *, *, #835, .T. ) ;
#583 = EDGE_CURVE ( 'NONE', #2765, #3274, #323, .T. ) ;
#584 = VECTOR ( 'NONE', #1133, 1000.000000000000000 ) ;
#585 = CARTESIAN_POINT ( 'NONE',  ( -0.7401923788646666000, -2.701753197910905400E-015, 0.9499999999999895200 ) ) ;
#586 = CARTESIAN_POINT ( 'NONE',  ( -0.7401923788646666000, -3.616863152042018100E-015, -1.100000000000007200 ) ) ;
#587 = CARTESIAN_POINT ( 'NONE',  ( -0.4273502691896246500, 0.7401923788646646000, 3.233333333333316500 ) ) ;
#588 =( BOUNDED_CURVE ( )  B_SPLINE_CURVE ( 2, ( #1261, #2917, #3609, #1609, #1950, #3253, #2644 ),
 .UNSPECIFIED., .F., .F. ) 
 B_SPLINE_CURVE_WITH_KNOTS ( ( 3, 2, 2, 3 ),
 ( 0.4000000000000000200, 0.4083333333333333300, 0.4166666666666667400, 0.4250000000000000400 ),
 .UNSPECIFIED. ) 
 CURVE ( )  GEOMETRIC_REPRESENTATION_ITEM ( )  RATIONAL_B_SPLINE_CURVE ( ( 1.000000000000000000, 0.8660254037844387100, 1.000000000000000000, 0.8660254037844387100, 1.000000000000000000, 0.8660254037844378200, 1.000000000000000900 ) ) 
 REPRESENTATION_ITEM ( '' )  );
#589 = CARTESIAN_POINT ( 'NONE',  ( -0.6410254037844418400, -0.3700961894323271400, 2.183333333333320200 ) ) ;
#590 = ADVANCED_FACE ( 'NONE', ( #4362 ), #3246, .T. ) ;
#591 = DIRECTION ( 'NONE',  ( -0.0000000000000000000, 6.054590893736192000E-018, 1.000000000000000000 ) ) ;
#592 = CARTESIAN_POINT ( 'NONE',  ( -9.064742275298788900E-017, -0.7401923788646686000, 4.249999999999982200 ) ) ;
#593 = LINE ( 'NONE', #4415, #3283 ) ;
#594 = CARTESIAN_POINT ( 'NONE',  ( 0.7401923788646668200, 0.1983339501604551300, 0.3678632794953987100 ) ) ;
#595 = CARTESIAN_POINT ( 'NONE',  ( 0.8847754037844373100, -0.5108253175473073100, 3.679166666666651600 ) ) ;
#596 = CARTESIAN_POINT ( 'NONE',  ( 0.0000000000000000000, -1.951563910473908000E-015, 4.299999999999999800 ) ) ;
#597 = CARTESIAN_POINT ( 'NONE',  ( -0.8660254037844382600, -0.5000000000000014400, -1.216666666666676100 ) ) ;
#598 = CARTESIAN_POINT ( 'NONE',  ( -0.4273502691896192700, 0.7401923788646676000, 2.083333333333319700 ) ) ;
#599 = ORIENTED_EDGE ( 'NONE', *, *, #2391, .T. ) ;
#600 = CARTESIAN_POINT ( 'NONE',  ( 0.7401923788646666000, -2.454818765843779200E-015, -2.100000000000005400 ) ) ;
#601 = DIRECTION ( 'NONE',  ( -0.0000000000000000000, 6.054590893736192000E-018, 1.000000000000000000 ) ) ;
#602 = CARTESIAN_POINT ( 'NONE',  ( -9.064742275298788900E-017, -0.7401923788646686000, 3.399999999999982100 ) ) ;
#603 = AXIS2_PLACEMENT_3D ( 'NONE', #2395, #292, #2677 ) ;
#604 = CARTESIAN_POINT ( 'NONE',  ( 0.6410254037844315100, -0.3700961894323450100, 2.316666666666652700 ) ) ;
#605 = VECTOR ( 'NONE', #4418, 1000.000000000000000 ) ;
#606 = CARTESIAN_POINT ( 'NONE',  ( 0.4273502691896244900, -0.7401923788646687100, 4.683333333333314000 ) ) ;
#607 = CARTESIAN_POINT ( 'NONE',  ( 0.0000000000000000000, 2.603474084306562500E-017, 4.299999999999999800 ) ) ;
#608 = LINE ( 'NONE', #1325, #4318 ) ;
#609 = CARTESIAN_POINT ( 'NONE',  ( -0.8847754037844376400, -0.5108253175473066500, 2.745833333333320700 ) ) ;
#610 = EDGE_CURVE ( 'NONE', #318, #2201, #106, .T. ) ;
#611 = CARTESIAN_POINT ( 'NONE',  ( -0.7401923788646667100, -3.428030939284804100E-015, -0.7000000000000082800 ) ) ;
#612 = ADVANCED_FACE ( 'NONE', ( #3079 ), #1124, .T. ) ;
#613 = ORIENTED_EDGE ( 'NONE', *, *, #808, .F. ) ;
#614 = CARTESIAN_POINT ( 'NONE',  ( -0.5773502691896259500, -1.000000000000001300, -0.3833333333333449100 ) ) ;
#615 = CARTESIAN_POINT ( 'NONE',  ( -0.5773502691896298400, 0.9999999999999897900, 1.033333333333325000 ) ) ;
#616 = CARTESIAN_POINT ( 'NONE',  ( 0.4273502691896244900, -0.7401923788646687100, 3.033333333333317200 ) ) ;
#617 = EDGE_LOOP ( 'NONE', ( #3643, #4038, #65, #3998 ) ) ;
#618 =( BOUNDED_CURVE ( )  B_SPLINE_CURVE ( 2, ( #2448, #1420, #1078, #405, #3038, #3424, #4129 ),
 .UNSPECIFIED., .F., .F. ) 
 B_SPLINE_CURVE_WITH_KNOTS ( ( 3, 2, 2, 3 ),
 ( 0.8750000000000002200, 0.8833333333333334100, 0.8916666666666667200, 0.9000000000000000200 ),
 .UNSPECIFIED. ) 
 CURVE ( )  GEOMETRIC_REPRESENTATION_ITEM ( )  RATIONAL_B_SPLINE_CURVE ( ( 0.9999999999999964500, 0.8660254037844421500, 1.000000000000000000, 0.8660254037844386000, 1.000000000000000000, 0.8660254037844386000, 1.000000000000000000 ) ) 
 REPRESENTATION_ITEM ( '' )  );
#619 = DIRECTION ( 'NONE',  ( 0.0000000000000000000, -1.000000000000000000, 0.0000000000000000000 ) ) ;
#620 = CARTESIAN_POINT ( 'NONE',  ( 0.0000000000000000000, 0.9999999999999974500, 0.6499999999999865900 ) ) ;
#621 = ORIENTED_EDGE ( 'NONE', *, *, #1805, .T. ) ;
#622 = CARTESIAN_POINT ( 'NONE',  ( 0.8847754037844373100, -0.5108253175473073100, 4.079166666666650600 ) ) ;
#623 = CARTESIAN_POINT ( 'NONE',  ( -0.8660254037844381500, 0.4999999999999978400, 0.7166666666666530200 ) ) ;
#624 = ORIENTED_EDGE ( 'NONE', *, *, #4349, .T. ) ;
#625 = ORIENTED_EDGE ( 'NONE', *, *, #1284, .T. ) ;
#626 = CARTESIAN_POINT ( 'NONE',  ( -0.7401923788646666000, -2.701753197910905400E-015, 0.9499999999999895200 ) ) ;
#627 = CARTESIAN_POINT ( 'NONE',  ( 0.4273502691896251500, 0.7401923788646644900, 3.166666666666649600 ) ) ;
#628 = ORIENTED_EDGE ( 'NONE', *, *, #2780, .T. ) ;
#629 = CARTESIAN_POINT ( 'NONE',  ( 0.6499999999999986900, -0.3752776749732551500, 4.299999999999999800 ) ) ;
#630 = LINE ( 'NONE', #1861, #2286 ) ;
#631 = ADVANCED_FACE ( 'NONE', ( #1446 ), #2036, .F. ) ;
#632 = CARTESIAN_POINT ( 'NONE',  ( 6.891036788226549800E-015, 0.7401923788646647100, 0.4499999999999903500 ) ) ;
#633 = ORIENTED_EDGE ( 'NONE', *, *, #3205, .T. ) ;
#634 = EDGE_CURVE ( 'NONE', #3965, #2941, #1336, .T. ) ;
#635 = CARTESIAN_POINT ( 'NONE',  ( 0.8847754037844380900, 0.5108253175473022000, 2.945833333333319500 ) ) ;
#636 = CARTESIAN_POINT ( 'NONE',  ( 0.4273502691896171000, -0.7401923788646727100, 0.6333333333333217600 ) ) ;
#637 = EDGE_CURVE ( 'NONE', #130, #1172, #49, .T. ) ;
#638 = CARTESIAN_POINT ( 'NONE',  ( 0.4340844946278357200, -0.5995460026161737500, -2.959807621135348600 ) ) ;
#639 =( BOUNDED_CURVE ( )  B_SPLINE_CURVE ( 2, ( #4025, #314, #25, #1375, #1062, #1753, #2446, #712, #4064 ),
 .UNSPECIFIED., .F., .T. ) 
 B_SPLINE_CURVE_WITH_KNOTS ( ( 3, 2, 2, 2, 3 ),
 ( 0.3625000000000000400, 0.3666666666666666400, 0.3750000000000000000, 0.3833333333333333600, 0.3875000000000000700 ),
 .UNSPECIFIED. ) 
 CURVE ( )  GEOMETRIC_REPRESENTATION_ITEM ( )  RATIONAL_B_SPLINE_CURVE ( ( 0.9330127018922194100, 0.9330127018922203000, 1.000000000000000000, 0.8660254037844387100, 1.000000000000000000, 0.8660254037844387100, 1.000000000000000000, 0.9330127018922185200, 0.9330127018922194100 ) ) 
 REPRESENTATION_ITEM ( '' )  );
#640 = CARTESIAN_POINT ( 'NONE',  ( 0.0000000000000000000, -1.951563910473908000E-015, 4.299999999999999800 ) ) ;
#641 = DIRECTION ( 'NONE',  ( -0.0000000000000000000, 6.054590893736192000E-018, 1.000000000000000000 ) ) ;
#642 = CARTESIAN_POINT ( 'NONE',  ( 0.7401923788646659300, -4.793433093067735000E-016, 2.299999999999985200 ) ) ;
#643 = CARTESIAN_POINT ( 'NONE',  ( 0.4273502691896244900, -0.7401923788646687100, 2.233333333333317800 ) ) ;
#644 = LINE ( 'NONE', #864, #4136 ) ;
#645 = CARTESIAN_POINT ( 'NONE',  ( -0.8660254037844381500, -0.5000000000000014400, -2.066666666666669500 ) ) ;
#646 = DIRECTION ( 'NONE',  ( -0.0000000000000000000, -0.0000000000000000000, 1.000000000000000000 ) ) ;
#647 = CARTESIAN_POINT ( 'NONE',  ( -1.251161180115474400E-016, -1.021650635094611700, 3.212499999999986100 ) ) ;
#648 = CARTESIAN_POINT ( 'NONE',  ( -0.7401923788646667100, -2.033577675846917800E-016, 0.4999999999999889500 ) ) ;
#649 = VERTEX_POINT ( 'NONE', #8 ) ;
#650 = CARTESIAN_POINT ( 'NONE',  ( 0.5928854580172969700, 0.5743134913551399800, -2.891363692462273400 ) ) ;
#651 = CARTESIAN_POINT ( 'NONE',  ( -6.345319592709152500E-016, -0.7401923788646686000, -1.750000000000004900 ) ) ;
#652 = CARTESIAN_POINT ( 'NONE',  ( 0.0000000000000000000, -1.951563910473908000E-015, 4.299999999999999800 ) ) ;
#653 = VECTOR ( 'NONE', #3321, 1000.000000000000000 ) ;
#654 = CARTESIAN_POINT ( 'NONE',  ( 0.0000000000000000000, 0.9999999999999974500, 0.2499999999999873200 ) ) ;
#655 = CARTESIAN_POINT ( 'NONE',  ( 0.8847754037844378600, 0.5108253175473020900, -2.229166666666673600 ) ) ;
#656 = ORIENTED_EDGE ( 'NONE', *, *, #3067, .F. ) ;
#657 = CARTESIAN_POINT ( 'NONE',  ( 1.224646799147352500E-016, 0.9999999999999974500, 4.299999999999999800 ) ) ;
#658 = VERTEX_POINT ( 'NONE', #3055 ) ;
#659 = CARTESIAN_POINT ( 'NONE',  ( 0.8660254037844379300, -0.5000000000000021100, -2.683333333333339800 ) ) ;
#660 = CARTESIAN_POINT ( 'NONE',  ( 0.8547005383792494200, -2.150951988513411000E-015, -2.850000000000002300 ) ) ;
#661 = EDGE_CURVE ( 'NONE', #3097, #4169, #492, .T. ) ;
#662 =( BOUNDED_CURVE ( )  B_SPLINE_CURVE ( 2, ( #1847, #1220, #4232, #1864, #3914, #881, #2858 ),
 .UNSPECIFIED., .F., .F. ) 
 B_SPLINE_CURVE_WITH_KNOTS ( ( 3, 2, 2, 3 ),
 ( 0.3500000000000000900, 0.3583333333333334500, 0.3666666666666667000, 0.3750000000000000600 ),
 .UNSPECIFIED. ) 
 CURVE ( )  GEOMETRIC_REPRESENTATION_ITEM ( )  RATIONAL_B_SPLINE_CURVE ( ( 0.9999999999999982200, 0.8660254037844404800, 1.000000000000000000, 0.8660254037844387100, 1.000000000000000000, 0.8660254037844378200, 1.000000000000000900 ) ) 
 REPRESENTATION_ITEM ( '' )  );
#663 = EDGE_CURVE ( 'NONE', #737, #3134, #2051, .T. ) ;
#664 = ORIENTED_EDGE ( 'NONE', *, *, #2055, .F. ) ;
#665 = DIRECTION ( 'NONE',  ( 6.982962677686266700E-015, -1.000000000000000000, 0.0000000000000000000 ) ) ;
#666 = DIRECTION ( 'NONE',  ( -0.0000000000000000000, 6.054590893736192000E-018, 1.000000000000000000 ) ) ;
#667 = CARTESIAN_POINT ( 'NONE',  ( 0.6410254037844401700, 0.3700961894323259200, 0.7833333333333234400 ) ) ;
#668 = CARTESIAN_POINT ( 'NONE',  ( -0.5898502691896252400, -1.021650635094611300, -2.395833333333339700 ) ) ;
#669 = EDGE_CURVE ( 'NONE', #883, #2522, #3948, .T. ) ;
#670 = ORIENTED_EDGE ( 'NONE', *, *, #1802, .F. ) ;
#671 = CARTESIAN_POINT ( 'NONE',  ( 0.0000000000000000000, -1.993946046730061400E-015, -3.000000000000000000 ) ) ;
#672 = DIRECTION ( 'NONE',  ( -0.0000000000000000000, 6.054590893736192000E-018, 1.000000000000000000 ) ) ;
#673 = CARTESIAN_POINT ( 'NONE',  ( 0.0000000000000000000, 0.9999999999999974500, -0.5500000000000108100 ) ) ;
#674 = CARTESIAN_POINT ( 'NONE',  ( 0.7232598876415266000, 0.4599500965014582400, 2.849291645498606100 ) ) ;
#675 = LOCAL_TIME ( 15, 25, 15.00000000000000000, #400 ) ;
#676 = ORIENTED_EDGE ( 'NONE', *, *, #3458, .F. ) ;
#677 = CARTESIAN_POINT ( 'NONE',  ( -0.6410254037844371800, -0.3700961894323351300, -2.616666666666669400 ) ) ;
#678 = ORIENTED_EDGE ( 'NONE', *, *, #3214, .F. ) ;
#679 = APPROVAL_PERSON_ORGANIZATION ( #3371, #3956, #1269 ) ;
#680 = CARTESIAN_POINT ( 'NONE',  ( 1.194684624863452800E-012, 0.8415063509460516400, -2.858493649053944500 ) ) ;
#681 = ORIENTED_EDGE ( 'NONE', *, *, #1744, .T. ) ;
#682 = CARTESIAN_POINT ( 'NONE',  ( 0.0000000000000000000, 0.9999999999999974500, -1.350000000000009000 ) ) ;
#683 = VECTOR ( 'NONE', #838, 1000.000000000000000 ) ;
#684 = DIRECTION ( 'NONE',  ( 0.0000000000000000000, -1.000000000000000000, 0.0000000000000000000 ) ) ;
#685 = CARTESIAN_POINT ( 'NONE',  ( -0.4273502691896312000, -0.7401923788646648200, 0.6166666666666568200 ) ) ;
#686 = CARTESIAN_POINT ( 'NONE',  ( -0.6410254037844370600, 0.3700961894323314100, 4.466666666666646400 ) ) ;
#687 = ORIENTED_EDGE ( 'NONE', *, *, #1574, .F. ) ;
#688 = CARTESIAN_POINT ( 'NONE',  ( 0.0000000000000000000, -1.993946046730061400E-015, -3.000000000000000000 ) ) ;
#689 = CARTESIAN_POINT ( 'NONE',  ( 0.0000000000000000000, 2.603474084306562500E-017, 4.299999999999999800 ) ) ;
#690 = VECTOR ( 'NONE', #2138, 1000.000000000000200 ) ;
#691 = CARTESIAN_POINT ( 'NONE',  ( -0.5773502691896254000, 0.9999999999999976700, 2.283333333333316300 ) ) ;
#692 = EDGE_CURVE ( 'NONE', #4298, #3760, #760, .T. ) ;
#693 = EDGE_CURVE ( 'NONE', #389, #2959, #2763, .T. ) ;
#694 = SPHERICAL_SURFACE ( 'NONE', #10, 1.790942933915002000 ) ;
#695 = CARTESIAN_POINT ( 'NONE',  ( -0.8660254037844382600, -0.5000000000000014400, 0.3833333333333202600 ) ) ;
#696 = CARTESIAN_POINT ( 'NONE',  ( 0.6410254037844374000, 0.3700961894323307500, -2.016666666666671000 ) ) ;
#697 = ADVANCED_FACE ( 'NONE', ( #3191 ), #1714, .T. ) ;
#698 = CYLINDRICAL_SURFACE ( 'NONE', #2192, 0.7401923788646666000 ) ;
#699 = CARTESIAN_POINT ( 'NONE',  ( 1.154700538379251000, -2.206061094475043000E-015, 2.149999999999983000 ) ) ;
#700 = CARTESIAN_POINT ( 'NONE',  ( -0.7401923788646666000, -1.903298623977073300E-015, -3.000000000000000000 ) ) ;
#701 = CARTESIAN_POINT ( 'NONE',  ( -0.4273502691896197700, 0.7401923788646676000, 0.8333333333333213800 ) ) ;
#702 = CARTESIAN_POINT ( 'NONE',  ( 0.4273502691896294800, 0.7401923788646619400, 2.366666666666651600 ) ) ;
#703 = CARTESIAN_POINT ( 'NONE',  ( 1.179700538379249800, -2.210653519971845100E-015, -3.062500000000005300 ) ) ;
#704 = CARTESIAN_POINT ( 'NONE',  ( -0.7401923788646660500, -1.118467721715804800E-015, 1.749999999999988200 ) ) ;
#705 = ORIENTED_EDGE ( 'NONE', *, *, #1661, .F. ) ;
#706 = CARTESIAN_POINT ( 'NONE',  ( -0.4273502691896308700, -0.7401923788646649300, -0.1833333333333417600 ) ) ;
#707 = CARTESIAN_POINT ( 'NONE',  ( 0.7401923788646659300, -0.1983339501604633700, -0.5178632794954171100 ) ) ;
#708 = CARTESIAN_POINT ( 'NONE',  ( 0.0000000000000000000, 0.9999999999999974500, 1.849999999999983700 ) ) ;
#709 = LINE ( 'NONE', #3989, #870 ) ;
#710 = DIRECTION ( 'NONE',  ( 2.889066536033006700E-016, -1.000000000000000000, 0.0000000000000000000 ) ) ;
#711 = CARTESIAN_POINT ( 'NONE',  ( 0.4273502691896251500, 0.7401923788646644900, -2.783333333333335900 ) ) ;
#712 = CARTESIAN_POINT ( 'NONE',  ( 0.7401923788646666000, -0.1983339501604622900, -0.1178632794954178500 ) ) ;
#713 = CARTESIAN_POINT ( 'NONE',  ( -0.5898502691896253500, -1.021650635094611300, -1.620833333333336900 ) ) ;
#714 = CARTESIAN_POINT ( 'NONE',  ( -0.4273502691896137700, 0.7401923788646709300, 2.433333333333317100 ) ) ;
#715 = CARTESIAN_POINT ( 'NONE',  ( 0.8847754037844372000, -0.5108253175473072000, -3.095833333333338500 ) ) ;
#716 = ORIENTED_EDGE ( 'NONE', *, *, #3575, .T. ) ;
#717 = CARTESIAN_POINT ( 'NONE',  ( -0.7401923788646667100, -2.033577675846917800E-016, 0.4999999999999889500 ) ) ;
#718 = VERTEX_POINT ( 'NONE', #1702 ) ;
#719 = CARTESIAN_POINT ( 'NONE',  ( -0.4595317679285139700, 0.7412596537693283400, -2.835984772013802500 ) ) ;
#720 =( BOUNDED_CURVE ( )  B_SPLINE_CURVE ( 2, ( #1131, #3841, #755, #3139, #1779, #2831, #100 ),
 .UNSPECIFIED., .F., .F. ) 
 B_SPLINE_CURVE_WITH_KNOTS ( ( 3, 2, 2, 3 ),
 ( 0.2061418025223363800, 0.2083333333333333700, 0.2166666666666667000, 0.2250000000000000100 ),
 .UNSPECIFIED. ) 
 CURVE ( )  GEOMETRIC_REPRESENTATION_ITEM ( )  RATIONAL_B_SPLINE_CURVE ( ( 0.9480652107225757700, 0.9647668653403263000, 1.000000000000000000, 0.8660254037844386000, 1.000000000000000000, 0.8660254037844381500, 1.000000000000000400 ) ) 
 REPRESENTATION_ITEM ( '' )  );
#721 = CARTESIAN_POINT ( 'NONE',  ( 1.269063918541830500E-015, 0.7401923788646647100, -0.4000000000000092900 ) ) ;
#722 = CARTESIAN_POINT ( 'NONE',  ( -0.8547005383792494200, -1.941610732802278000E-015, -1.850000000000004800 ) ) ;
#723 = EDGE_CURVE ( 'NONE', #3799, #1417, #3294, .T. ) ;
#724 = ORIENTED_EDGE ( 'NONE', *, *, #1892, .F. ) ;
#725 = CARTESIAN_POINT ( 'NONE',  ( -0.7401923788646666000, 0.1983339501604598200, 0.08213672050458145600 ) ) ;
#726 = ORIENTED_EDGE ( 'NONE', *, *, #1197, .F. ) ;
#727 = CARTESIAN_POINT ( 'NONE',  ( -0.8847754037844376400, -0.5108253175473066500, -2.454166666666668400 ) ) ;
#728 = CARTESIAN_POINT ( 'NONE',  ( -0.4273502691896277100, -0.7401923788646666000, -1.433333333333340500 ) ) ;
#729 = CARTESIAN_POINT ( 'NONE',  ( 1.179700538379249800, -2.210653519971845100E-015, -0.6625000000000103000 ) ) ;
#730 = VERTEX_POINT ( 'NONE', #3092 ) ;
#731 = CARTESIAN_POINT ( 'NONE',  ( 0.4273502691896251500, 0.7401923788646644900, -2.833333333333337900 ) ) ;
#732 = CYLINDRICAL_SURFACE ( 'NONE', #555, 0.9999999999999993300 ) ;
#733 = ORIENTED_EDGE ( 'NONE', *, *, #454, .T. ) ;
#734 = CARTESIAN_POINT ( 'NONE',  ( 0.4509870966418662000, 0.8434167331362182300, 2.928155899322412800 ) ) ;
#735 = CARTESIAN_POINT ( 'NONE',  ( 0.5773502691896295100, -0.9999999999999940000, -0.3666666666666723600 ) ) ;
#736 = CARTESIAN_POINT ( 'NONE',  ( 0.4273502691896244900, -0.7401923788646687100, 0.2833333333333242200 ) ) ;
#737 = VERTEX_POINT ( 'NONE', #14 ) ;
#738 = CARTESIAN_POINT ( 'NONE',  ( -1.224646799147352500E-016, -1.000000000000001300, 1.999999999999988700 ) ) ;
#739 = VECTOR ( 'NONE', #2404, 1000.000000000000000 ) ;
#740 = CARTESIAN_POINT ( 'NONE',  ( -1.154700538379250800, -1.923241030815067500E-015, -0.9000000000000048000 ) ) ;
#741 = CARTESIAN_POINT ( 'NONE',  ( 0.7401923788646663800, -0.1983339501604623500, -1.317863279495415500 ) ) ;
#742 = CARTESIAN_POINT ( 'NONE',  ( -0.5898502691896248000, 1.021650635094607500, -1.729166666666674700 ) ) ;
#743 = LINE ( 'NONE', #3694, #2390 ) ;
#744 = CARTESIAN_POINT ( 'NONE',  ( 0.5101501476672335400, -0.8858426842494003800, -2.710502538120388200 ) ) ;
#745 = CARTESIAN_POINT ( 'NONE',  ( 0.6499999999999986900, 0.3752776749732551500, 4.299999999999999800 ) ) ;
#746 = CARTESIAN_POINT ( 'NONE',  ( -0.6410254037844371800, -0.3700961894323351300, -3.066666666666670400 ) ) ;
#747 = LINE ( 'NONE', #3226, #4254 ) ;
#748 = DIRECTION ( 'NONE',  ( -0.0000000000000000000, -0.0000000000000000000, 1.000000000000000000 ) ) ;
#749 = EDGE_CURVE ( 'NONE', #3314, #222, #4134, .T. ) ;
#750 =( BOUNDED_CURVE ( )  B_SPLINE_CURVE ( 2, ( #2804, #472, #1150, #2124, #3515, #3826, #1120 ),
 .UNSPECIFIED., .F., .F. ) 
 B_SPLINE_CURVE_WITH_KNOTS ( ( 3, 2, 2, 3 ),
 ( 0.4000000000000001300, 0.4083333333333334400, 0.4166666666666666900, 0.4250000000000001000 ),
 .UNSPECIFIED. ) 
 CURVE ( )  GEOMETRIC_REPRESENTATION_ITEM ( )  RATIONAL_B_SPLINE_CURVE ( ( 0.9999999999999982200, 0.8660254037844403700, 1.000000000000000000, 0.8660254037844386000, 1.000000000000000000, 0.8660254037844377100, 1.000000000000000900 ) ) 
 REPRESENTATION_ITEM ( '' )  );
#751 = CARTESIAN_POINT ( 'NONE',  ( 0.0000000000000000000, 0.9999999999999974500, -0.2000000000000063700 ) ) ;
#752 = CARTESIAN_POINT ( 'NONE',  ( -0.4273502691896246500, 0.7401923788646646000, 0.08333333333332458600 ) ) ;
#753 = DIRECTION ( 'NONE',  ( 0.0000000000000000000, -0.7071067811865462400, 0.7071067811865489100 ) ) ;
#754 = PRODUCT_DEFINITION ( 'UNKNOWN', '', #1291, #75 ) ;
#755 = CARTESIAN_POINT ( 'NONE',  ( 0.8660254037844384900, 0.4999999999999970000, 2.983333333333314300 ) ) ;
#756 = CARTESIAN_POINT ( 'NONE',  ( 0.8847754037844380900, 0.5108253175473022000, -2.254166666666669100 ) ) ;
#757 = ORIENTED_EDGE ( 'NONE', *, *, #2656, .T. ) ;
#758 = CARTESIAN_POINT ( 'NONE',  ( -1.251161180115474100E-016, -1.021650635094611500, -0.3625000000000108100 ) ) ;
#759 = VERTEX_POINT ( 'NONE', #3293 ) ;
#760 = LINE ( 'NONE', #1069, #605 ) ;
#761 = CARTESIAN_POINT ( 'NONE',  ( 0.0000000000000000000, -1.995519075587110800E-015, -2.959807621135333500 ) ) ;
#762 = B_SPLINE_CURVE_WITH_KNOTS ( 'NONE', 3,
 ( #1926, #2546, #1894, #2606 ),
 .UNSPECIFIED., .F., .F.,
 ( 4, 4 ),
 ( 0.0008327430616189324400, 0.001221725220544698500 ),
 .UNSPECIFIED. ) ;
#763 = ORIENTED_EDGE ( 'NONE', *, *, #893, .T. ) ;
#764 = CARTESIAN_POINT ( 'NONE',  ( 0.8547005383792494200, -2.150951988513411000E-015, -0.05000000000000837100 ) ) ;
#765 = AXIS2_PLACEMENT_3D ( 'NONE', #2558, #479, #3929 ) ;
#766 = CARTESIAN_POINT ( 'NONE',  ( -0.8547005383792494200, -1.941610732802278000E-015, -1.500000000000006900 ) ) ;
#767 = ORIENTED_EDGE ( 'NONE', *, *, #3403, .T. ) ;
#768 = CARTESIAN_POINT ( 'NONE',  ( -0.5773502691896342800, 0.9999999999999821300, 2.633333333333322200 ) ) ;
#769 = CARTESIAN_POINT ( 'NONE',  ( 0.5898502691896256900, 1.021650635094607300, -2.620833333333334900 ) ) ;
#770 = CARTESIAN_POINT ( 'NONE',  ( -1.179700538379249800, -1.921710222316133300E-015, -1.662500000000008300 ) ) ;
#771 = ORIENTED_EDGE ( 'NONE', *, *, #4349, .F. ) ;
#772 = CARTESIAN_POINT ( 'NONE',  ( 0.0000000000000000000, 0.9999999999999974500, 1.799999999999988900 ) ) ;
#773 = UNCERTAINTY_MEASURE_WITH_UNIT (LENGTH_MEASURE( 1.000000000000000100E-005 ), #213, 'distance_accuracy_value', 'NONE');
#774 = CARTESIAN_POINT ( 'NONE',  ( 0.6410254037844369500, -0.3700961894323356300, -2.933333333333337100 ) ) ;
#775 = CARTESIAN_POINT ( 'NONE',  ( -1.224646799147352500E-016, -1.000000000000001300, -2.400000000000002100 ) ) ;
#776 = CARTESIAN_POINT ( 'NONE',  ( -0.7401923788646668200, -0.1983339501604595400, -1.882136720504598000 ) ) ;
#777 = VERTEX_POINT ( 'NONE', #1646 ) ;
#778 = CARTESIAN_POINT ( 'NONE',  ( 0.4273502691896251500, 0.7401923788646644900, 0.01666666666665789200 ) ) ;
#779 = CARTESIAN_POINT ( 'NONE',  ( 0.6410254037844369500, -0.3700961894323356300, -0.5333333333333422100 ) ) ;
#780 = APPROVAL_DATE_TIME ( #3468, #1752 ) ;
#781 = VERTEX_POINT ( 'NONE', #1942 ) ;
#782 = CARTESIAN_POINT ( 'NONE',  ( -0.5773502691896235100, -1.000000000000004900, -1.233333333333337400 ) ) ;
#783 = CARTESIAN_POINT ( 'NONE',  ( -0.5773502691896215100, -1.000000000000008900, 2.766666666666654600 ) ) ;
#784 = ORIENTED_EDGE ( 'NONE', *, *, #282, .F. ) ;
#785 = CARTESIAN_POINT ( 'NONE',  ( 0.0000000000000000000, 1.021650635094607700, -0.5875000000000060200 ) ) ;
#786 = FACE_OUTER_BOUND ( 'NONE', #873, .T. ) ;
#787 = CARTESIAN_POINT ( 'NONE',  ( -0.6410254037844370600, 0.3700961894323314100, 2.066666666666651800 ) ) ;
#788 = CARTESIAN_POINT ( 'NONE',  ( 0.0000000000000000000, 1.021650635094607500, -0.5625000000000104400 ) ) ;
#789 = ORIENTED_EDGE ( 'NONE', *, *, #923, .T. ) ;
#790 = CARTESIAN_POINT ( 'NONE',  ( -0.6499999999999979100, -0.2589885041879018700, 4.241855414607322800 ) ) ;
#791 = DIRECTION ( 'NONE',  ( 0.0000000000000000000, -1.000000000000000000, 0.0000000000000000000 ) ) ;
#792 = LINE ( 'NONE', #3023, #4295 ) ;
#793 = CARTESIAN_POINT ( 'NONE',  ( 0.6410254037844369500, -0.3700961894323356300, -2.533333333333338100 ) ) ;
#794 = VERTEX_POINT ( 'NONE', #2652 ) ;
#795 = CARTESIAN_POINT ( 'NONE',  ( 0.0000000000000000000, -1.951563910473908000E-015, 4.299999999999999800 ) ) ;
#796 = CARTESIAN_POINT ( 'NONE',  ( 0.0000000000000000000, 0.7401923788646647100, 0.4499999999999903500 ) ) ;
#797 = CARTESIAN_POINT ( 'NONE',  ( -0.4273502691896246500, 0.7401923788646646000, -1.566666666666673300 ) ) ;
#798 = CARTESIAN_POINT ( 'NONE',  ( -0.2670579069428990500, 0.5963693954838101800, 4.199585623990603100 ) ) ;
#799 = AXIS2_PLACEMENT_3D ( 'NONE', #518, #4287, #1514 ) ;
#800 =( BOUNDED_CURVE ( )  B_SPLINE_CURVE ( 2, ( #3961, #2290, #2638, #3993, #1974, #237, #934 ),
 .UNSPECIFIED., .F., .F. ) 
 B_SPLINE_CURVE_WITH_KNOTS ( ( 3, 2, 2, 3 ),
 ( 0.2250000000000000600, 0.2333333333333333900, 0.2416666666666667200, 0.2500000000000000600 ),
 .UNSPECIFIED. ) 
 CURVE ( )  GEOMETRIC_REPRESENTATION_ITEM ( )  RATIONAL_B_SPLINE_CURVE ( ( 0.9999999999999991100, 0.8660254037844396000, 1.000000000000000000, 0.8660254037844387100, 1.000000000000000000, 0.8660254037844378200, 1.000000000000000900 ) ) 
 REPRESENTATION_ITEM ( '' )  );
#801 = CARTESIAN_POINT ( 'NONE',  ( 0.8847754037844373100, -0.5108253175473073100, -1.520833333333337000 ) ) ;
#802 = CARTESIAN_POINT ( 'NONE',  ( -0.4273502691896205500, 0.7401923788646669300, -0.7166666666666735600 ) ) ;
#803 = CARTESIAN_POINT ( 'NONE',  ( 1.179700538379249800, -2.210653519971845100E-015, 2.137499999999983300 ) ) ;
#804 = CARTESIAN_POINT ( 'NONE',  ( 0.7401923788646666000, -2.454818765843779200E-015, -2.050000000000004300 ) ) ;
#805 = CARTESIAN_POINT ( 'NONE',  ( 0.4273502691896239300, -0.7401923788646689300, -2.516666666666669700 ) ) ;
#806 = DIRECTION ( 'NONE',  ( 0.0000000000000000000, -1.000000000000000000, 0.0000000000000000000 ) ) ;
#807 = EDGE_CURVE ( 'NONE', #1272, #339, #814, .T. ) ;
#808 = EDGE_CURVE ( 'NONE', #759, #1729, #4039, .T. ) ;
#809 = ORIENTED_EDGE ( 'NONE', *, *, #1805, .F. ) ;
#810 = CARTESIAN_POINT ( 'NONE',  ( -0.7401923788646667100, -2.033577675846917800E-016, 0.5499999999999903900 ) ) ;
#811 = CARTESIAN_POINT ( 'NONE',  ( -9.064742275298788900E-017, -0.7401923788646686000, 1.849999999999987000 ) ) ;
#812 = CARTESIAN_POINT ( 'NONE',  ( -0.6410254037844371800, -0.3700961894323351300, -0.2666666666666763200 ) ) ;
#813 = CARTESIAN_POINT ( 'NONE',  ( -0.7401923788646658200, -0.1983339501604594000, -0.6321367205045989000 ) ) ;
#814 = CIRCLE ( 'NONE', #3479, 1.749999999999996200 ) ;
#815 = CARTESIAN_POINT ( 'NONE',  ( 0.0000000000000000000, 1.021650635094607700, -0.1875000000000066600 ) ) ;
#816 = CARTESIAN_POINT ( 'NONE',  ( 5.470055265963115200E-016, -0.7505553499465118500, 3.389999999999999700 ) ) ;
#817 = CARTESIAN_POINT ( 'NONE',  ( 0.0000000000000000000, 1.021650635094607500, 2.237499999999983400 ) ) ;
#818 = FACE_OUTER_BOUND ( 'NONE', #3517, .T. ) ;
#819 = CARTESIAN_POINT ( 'NONE',  ( -0.4273502691896237100, 0.7401923788646651600, -1.966666666666672600 ) ) ;
#820 = DIRECTION ( 'NONE',  ( -0.0000000000000000000, 6.054590893736192000E-018, 1.000000000000000000 ) ) ;
#821 = DIRECTION ( 'NONE',  ( -0.0000000000000000000, 6.054590893736192000E-018, 1.000000000000000000 ) ) ;
#822 = ORIENTED_EDGE ( 'NONE', *, *, #48, .T. ) ;
#823 = DIRECTION ( 'NONE',  ( 1.000000000000000000, 0.0000000000000000000, 0.0000000000000000000 ) ) ;
#824 = CARTESIAN_POINT ( 'NONE',  ( 0.0000000000000000000, 2.603474084306562500E-017, 4.299999999999999800 ) ) ;
#825 = CARTESIAN_POINT ( 'NONE',  ( 0.6410254037844369500, -0.3700961894323356300, 2.716666666666652100 ) ) ;
#826 = AXIS2_PLACEMENT_3D ( 'NONE', #2762, #3401, #3077 ) ;
#827 = ORIENTED_EDGE ( 'NONE', *, *, #2092, .T. ) ;
#828 = CARTESIAN_POINT ( 'NONE',  ( -0.6410254037844370600, 0.3700961894323314100, -1.533333333333340100 ) ) ;
#829 = CARTESIAN_POINT ( 'NONE',  ( -0.7401923788646666000, -1.903298623977073300E-015, -3.000000000000000000 ) ) ;
#830 = ORIENTED_EDGE ( 'NONE', *, *, #2212, .T. ) ;
#831 = CARTESIAN_POINT ( 'NONE',  ( -0.8847754037844375300, 0.5108253175473029800, -1.320833333333337500 ) ) ;
#832 =( BOUNDED_CURVE ( )  B_SPLINE_CURVE ( 2, ( #3083, #1030, #402, #699, #3036, #1720, #1389 ),
 .UNSPECIFIED., .F., .F. ) 
 B_SPLINE_CURVE_WITH_KNOTS ( ( 3, 2, 2, 3 ),
 ( 0.3000000000000000400, 0.3083333333333334000, 0.3166666666666667600, 0.3250000000000001200 ),
 .UNSPECIFIED. ) 
 CURVE ( )  GEOMETRIC_REPRESENTATION_ITEM ( )  RATIONAL_B_SPLINE_CURVE ( ( 1.000000000000000000, 0.8660254037844386000, 1.000000000000000000, 0.8660254037844386000, 1.000000000000000000, 0.8660254037844359300, 1.000000000000002700 ) ) 
 REPRESENTATION_ITEM ( '' )  );
#833 = CARTESIAN_POINT ( 'NONE',  ( -0.7750195318828004800, 0.3279429999140065500, 2.825288215608640700 ) ) ;
#834 = CARTESIAN_POINT ( 'NONE',  ( -0.5898502691896248000, 1.021650635094607500, 0.6708333333333201800 ) ) ;
#835 = EDGE_CURVE ( 'NONE', #777, #2427, #3804, .T. ) ;
#836 = ORIENTED_EDGE ( 'NONE', *, *, #3690, .F. ) ;
#837 = CARTESIAN_POINT ( 'NONE',  ( 0.4273502691896290400, 0.7401923788646621600, 1.566666666666652900 ) ) ;
#838 = DIRECTION ( 'NONE',  ( -0.0000000000000000000, 6.054590893736192000E-018, 1.000000000000000000 ) ) ;
#839 = ORIENTED_EDGE ( 'NONE', *, *, #1200, .F. ) ;
#840 = CARTESIAN_POINT ( 'NONE',  ( -0.6410254037844371800, -0.3700961894323351300, 1.783333333333320800 ) ) ;
#841 = CARTESIAN_POINT ( 'NONE',  ( 0.4273502691896251500, 0.7401923788646644900, 0.3666666666666557600 ) ) ;
#842 = ORIENTED_EDGE ( 'NONE', *, *, #1952, .F. ) ;
#843 = CONICAL_SURFACE ( 'NONE', #2629, 0.9999999999999952300, 0.7853981633974500600 ) ;
#844 = CARTESIAN_POINT ( 'NONE',  ( 0.8847754037844380900, 0.5108253175473022000, -1.054166666666671600 ) ) ;
#845 = ORIENTED_EDGE ( 'NONE', *, *, #281, .F. ) ;
#846 = CARTESIAN_POINT ( 'NONE',  ( 0.0000000000000000000, 2.603474084306562500E-017, 4.299999999999999800 ) ) ;
#847 = CARTESIAN_POINT ( 'NONE',  ( 0.8847754037844372000, -0.5108253175473072000, 0.5041666666666536600 ) ) ;
#848 = FACE_OUTER_BOUND ( 'NONE', #1878, .T. ) ;
#849 = CARTESIAN_POINT ( 'NONE',  ( 0.7401923788646673800, -3.137519842735244800E-015, 2.699999999999984200 ) ) ;
#850 = FACE_OUTER_BOUND ( 'NONE', #3362, .T. ) ;
#851 = CARTESIAN_POINT ( 'NONE',  ( 0.8660254037844386000, 0.4999999999999970000, -1.466666666666670300 ) ) ;
#852 = CARTESIAN_POINT ( 'NONE',  ( 0.5898502691896255800, 1.021650635094607100, 3.404166666666647200 ) ) ;
#853 = CARTESIAN_POINT ( 'NONE',  ( -0.8660254037844381500, 0.4999999999999978400, -0.8833333333333435200 ) ) ;
#854 = CARTESIAN_POINT ( 'NONE',  ( -0.6410254037844371800, -0.3700961894323351300, 2.583333333333319300 ) ) ;
#855 = CYLINDRICAL_SURFACE ( 'NONE', #2715, 0.7401923788646666000 ) ;
#856 = CARTESIAN_POINT ( 'NONE',  ( 0.8547005383792494200, -2.150951988513411000E-015, 1.899999999999985900 ) ) ;
#857 =( BOUNDED_CURVE ( )  B_SPLINE_CURVE ( 2, ( #3767, #44, #1726, #1438, #1784, #1423, #3102, #1758, #346 ),
 .UNSPECIFIED., .F., .F. ) 
 B_SPLINE_CURVE_WITH_KNOTS ( ( 3, 2, 2, 2, 3 ),
 ( 0.5125000000000000700, 0.5166666666666667200, 0.5250000000000000200, 0.5333333333333333300, 0.5374999999999999800 ),
 .UNSPECIFIED. ) 
 CURVE ( )  GEOMETRIC_REPRESENTATION_ITEM ( )  RATIONAL_B_SPLINE_CURVE ( ( 0.9330127018922194100, 0.9330127018922203000, 1.000000000000000000, 0.8660254037844387100, 1.000000000000000000, 0.8660254037844387100, 1.000000000000000000, 0.9330127018922194100, 0.9330127018922194100 ) ) 
 REPRESENTATION_ITEM ( '' )  );
#858 = CARTESIAN_POINT ( 'NONE',  ( -0.6410254037844385100, -0.3700961894323328000, -0.6166666666666738000 ) ) ;
#859 = AXIS2_PLACEMENT_3D ( 'NONE', #3015, #2041, #3060 ) ;
#860 = CARTESIAN_POINT ( 'NONE',  ( -0.7401923788646674900, 1.191095495853194700E-015, 1.349999999999988100 ) ) ;
#861 = CARTESIAN_POINT ( 'NONE',  ( 0.0000000000000000000, 1.021650635094607700, 1.012499999999990900 ) ) ;
#862 = CARTESIAN_POINT ( 'NONE',  ( 0.4273502691896167200, -0.7401923788646731500, 1.883333333333320200 ) ) ;
#863 = CARTESIAN_POINT ( 'NONE',  ( 1.179700538379249800, -2.210653519971845100E-015, 1.337499999999985500 ) ) ;
#864 = CARTESIAN_POINT ( 'NONE',  ( 0.0000000000000000000, -1.000000000000001300, 4.299999999999999800 ) ) ;
#865 = ORIENTED_EDGE ( 'NONE', *, *, #1578, .F. ) ;
#866 = CARTESIAN_POINT ( 'NONE',  ( 0.5942232319303671900, 0.4413428467343285000, 2.740192378864672000 ) ) ;
#867 = CARTESIAN_POINT ( 'NONE',  ( -0.6410254037844384000, -0.3700961894323329100, -1.066666666666674400 ) ) ;
#868 = EDGE_CURVE ( 'NONE', #781, #4371, #3991, .T. ) ;
#869 = CARTESIAN_POINT ( 'NONE',  ( 0.0000000000000000000, 1.021650635094607500, 4.637499999999978900 ) ) ;
#870 = VECTOR ( 'NONE', #1968, 1000.000000000000000 ) ;
#871 = CARTESIAN_POINT ( 'NONE',  ( 0.6410254037844369500, -0.3700961894323356300, 1.516666666666654800 ) ) ;
#872 = CARTESIAN_POINT ( 'NONE',  ( 0.4273502691896251500, 0.7401923788646644900, 1.566666666666652900 ) ) ;
#873 = EDGE_LOOP ( 'NONE', ( #628, #763, #2109, #233 ) ) ;
#874 = CARTESIAN_POINT ( 'NONE',  ( -0.8660254037844382600, -0.5000000000000014400, -0.8166666666666766400 ) ) ;
#875 = CARTESIAN_POINT ( 'NONE',  ( 0.8847754037844373100, -0.5108253175473073100, 0.8791666666666574400 ) ) ;
#876 = CARTESIAN_POINT ( 'NONE',  ( 1.179700538379249800, -2.210653519971845100E-015, 2.937499999999981800 ) ) ;
#877 = ADVANCED_FACE ( 'NONE', ( #3937 ), #225, .T. ) ;
#878 = ORIENTED_EDGE ( 'NONE', *, *, #1694, .F. ) ;
#879 = CARTESIAN_POINT ( 'NONE',  ( 0.5773502691896169600, 1.000000000000012400, 2.166666666666656300 ) ) ;
#880 = CARTESIAN_POINT ( 'NONE',  ( 0.0000000000000000000, 0.9999999999999974500, 0.9999999999999911200 ) ) ;
#881 = CARTESIAN_POINT ( 'NONE',  ( -0.5773502691896235100, -1.000000000000004900, -0.03333333333334005000 ) ) ;
#882 = CARTESIAN_POINT ( 'NONE',  ( -0.5898502691896252400, -1.021650635094611300, 4.404166666666646400 ) ) ;
#883 = VERTEX_POINT ( 'NONE', #620 ) ;
#884 = APPROVAL_STATUS ( 'not_yet_approved' ) ;
#885 = CARTESIAN_POINT ( 'NONE',  ( -0.6410254037844370600, 0.3700961894323314100, 3.716666666666650400 ) ) ;
#886 = CARTESIAN_POINT ( 'NONE',  ( 0.6410254037844374000, 0.3700961894323307500, 1.133333333333320400 ) ) ;
#887 = VERTEX_POINT ( 'NONE', #4348 ) ;
#888 =( BOUNDED_CURVE ( )  B_SPLINE_CURVE ( 2, ( #3360, #3670, #4397, #3386, #4069, #2674, #4345 ),
 .UNSPECIFIED., .F., .F. ) 
 B_SPLINE_CURVE_WITH_KNOTS ( ( 3, 2, 2, 3 ),
 ( 0.02366824690636297500, 0.02500000000000000100, 0.03333333333333333300, 0.03749999999999999900 ),
 .UNSPECIFIED. ) 
 CURVE ( )  GEOMETRIC_REPRESENTATION_ITEM ( )  RATIONAL_B_SPLINE_CURVE ( ( 0.9640221895668190700, 0.9785894700425386000, 1.000000000000000000, 0.8660254037844387100, 1.000000000000000000, 0.9330127018922194100, 0.9330127018922194100 ) ) 
 REPRESENTATION_ITEM ( '' )  );
#889 = CARTESIAN_POINT ( 'NONE',  ( 0.5898502691896256900, 1.021650635094607300, 1.379166666666656200 ) ) ;
#890 = CARTESIAN_POINT ( 'NONE',  ( 0.0000000000000000000, 0.9999999999999974500, 0.9999999999999911200 ) ) ;
#891 = VERTEX_POINT ( 'NONE', #3309 ) ;
#892 = ORIENTED_EDGE ( 'NONE', *, *, #3833, .F. ) ;
#893 = EDGE_CURVE ( 'NONE', #3591, #658, #2035, .T. ) ;
#894 = CARTESIAN_POINT ( 'NONE',  ( 0.0000000000000000000, 0.9999999999999974500, 0.1999999999999924900 ) ) ;
#895 = CARTESIAN_POINT ( 'NONE',  ( 0.7401923788646664900, -2.614599868946037200E-015, -2.450000000000002800 ) ) ;
#896 = EDGE_CURVE ( 'NONE', #3308, #4313, #3209, .T. ) ;
#897 = VECTOR ( 'NONE', #1192, 1000.000000000000000 ) ;
#898 = CARTESIAN_POINT ( 'NONE',  ( -0.7401923788646663800, 0.1983339501604582900, -1.517863279495414800 ) ) ;
#899 = DIRECTION ( 'NONE',  ( -0.0000000000000000000, 6.054590893736192000E-018, 1.000000000000000000 ) ) ;
#900 = CARTESIAN_POINT ( 'NONE',  ( 0.5898502691896255800, 1.021650635094607100, 4.604166666666645600 ) ) ;
#901 = ORIENTED_EDGE ( 'NONE', *, *, #2343, .F. ) ;
#902 = VECTOR ( 'NONE', #2466, 1000.000000000000000 ) ;
#903 = ADVANCED_FACE ( 'NONE', ( #2256 ), #3713, .F. ) ;
#904 = APPLICATION_PROTOCOL_DEFINITION ( 'international standard', 'config_control_design', 1994, #2950 ) ;
#905 = CARTESIAN_POINT ( 'NONE',  ( -0.6410254037844371800, -0.3700961894323351300, 3.383333333333317300 ) ) ;
#906 = CARTESIAN_POINT ( 'NONE',  ( -0.6410254037844370600, 0.3700961894323314100, 0.06666666666665628500 ) ) ;
#907 = ORIENTED_EDGE ( 'NONE', *, *, #4062, .T. ) ;
#908 = CARTESIAN_POINT ( 'NONE',  ( 0.8847754037844380900, 0.5108253175473022000, 2.145833333333321500 ) ) ;
#909 = DIRECTION ( 'NONE',  ( 0.0000000000000000000, -1.000000000000000000, 0.0000000000000000000 ) ) ;
#910 = CIRCLE ( 'NONE', #2925, 0.9999999999999952300 ) ;
#911 = DIRECTION ( 'NONE',  ( 0.0000000000000000000, -6.054590893736192000E-018, -1.000000000000000000 ) ) ;
#912 = CARTESIAN_POINT ( 'NONE',  ( -9.792670645821896500E-015, -0.7401923788646686000, 1.049999999999989400 ) ) ;
#913 = CARTESIAN_POINT ( 'NONE',  ( -0.8660254037844382600, -0.5000000000000014400, 1.583333333333317700 ) ) ;
#914 = CARTESIAN_POINT ( 'NONE',  ( -1.224646799147352500E-016, -1.000000000000001300, 2.049999999999983400 ) ) ;
#915 = AXIS2_PLACEMENT_3D ( 'NONE', #4315, #4305, #2298 ) ;
#916 =( BOUNDED_CURVE ( )  B_SPLINE_CURVE ( 2, ( #3174, #768, #3156, #3513, #3794, #783, #2523 ),
 .UNSPECIFIED., .F., .F. ) 
 B_SPLINE_CURVE_WITH_KNOTS ( ( 3, 2, 2, 3 ),
 ( 0.7000000000000001800, 0.7083333333333335900, 0.7166666666666667900, 0.7250000000000000900 ),
 .UNSPECIFIED. ) 
 CURVE ( )  GEOMETRIC_REPRESENTATION_ITEM ( )  RATIONAL_B_SPLINE_CURVE ( ( 0.9999999999999964500, 0.8660254037844422600, 1.000000000000000000, 0.8660254037844387100, 1.000000000000000000, 0.8660254037844369300, 1.000000000000001800 ) ) 
 REPRESENTATION_ITEM ( '' )  );
#917 = CARTESIAN_POINT ( 'NONE',  ( -0.5773502691896298400, 0.9999999999999897900, 1.833333333333323300 ) ) ;
#918 = DATE_TIME_ROLE ( 'classification_date' ) ;
#919 = CARTESIAN_POINT ( 'NONE',  ( -0.8547005383792494200, -1.941610732802278000E-015, 3.349999999999984100 ) ) ;
#920 = CARTESIAN_POINT ( 'NONE',  ( 0.0000000000000000000, 0.9999999999999974500, -2.150000000000007900 ) ) ;
#921 = ORIENTED_EDGE ( 'NONE', *, *, #3147, .F. ) ;
#922 = CARTESIAN_POINT ( 'NONE',  ( -0.5898502691896250200, 1.021650635094607700, 2.245833333333321100 ) ) ;
#923 = EDGE_CURVE ( 'NONE', #238, #4054, #800, .T. ) ;
#924 = CARTESIAN_POINT ( 'NONE',  ( -0.5773502691896347200, -0.9999999999999859000, -1.983333333333342500 ) ) ;
#925 = ADVANCED_FACE ( 'NONE', ( #1934 ), #2817, .T. ) ;
#926 = CARTESIAN_POINT ( 'NONE',  ( -1.224646799147352500E-016, -1.000000000000001300, 0.04999999999998767900 ) ) ;
#927 = CARTESIAN_POINT ( 'NONE',  ( 0.4273502691896259300, 0.7401923788646639400, -2.383333333333336400 ) ) ;
#928 = AXIS2_PLACEMENT_3D ( 'NONE', #795, #141, #3508 ) ;
#929 = CARTESIAN_POINT ( 'NONE',  ( 0.6410254037844374000, 0.3700961894323307500, 3.533333333333315500 ) ) ;
#930 = CARTESIAN_POINT ( 'NONE',  ( 0.5773502691896251800, -1.000000000000001800, -0.3166666666666780900 ) ) ;
#931 = CARTESIAN_POINT ( 'NONE',  ( 0.0000000000000000000, 0.0000000000000000000, 0.0000000000000000000 ) ) ;
#932 = CARTESIAN_POINT ( 'NONE',  ( 0.6410254037844374000, 0.3700961894323307500, 3.183333333333317600 ) ) ;
#933 = ORIENTED_EDGE ( 'NONE', *, *, #2544, .F. ) ;
#934 = CARTESIAN_POINT ( 'NONE',  ( 0.0000000000000000000, 0.9999999999999974500, -1.000000000000004700 ) ) ;
#935 = ORIENTED_EDGE ( 'NONE', *, *, #1369, .T. ) ;
#936 = CARTESIAN_POINT ( 'NONE',  ( 0.8847754037844380900, 0.5108253175473022000, 3.745833333333318000 ) ) ;
#937 = CARTESIAN_POINT ( 'NONE',  ( 0.7401923788646672700, 0.1983339501604544400, -0.8821367205045997900 ) ) ;
#938 = ORIENTED_EDGE ( 'NONE', *, *, #2567, .T. ) ;
#939 = CARTESIAN_POINT ( 'NONE',  ( -1.224646799147352500E-016, -1.000000000000001300, -0.3500000000000111900 ) ) ;
#940 = DIRECTION ( 'NONE',  ( -0.0000000000000000000, -0.0000000000000000000, 1.000000000000000000 ) ) ;
#941 = CARTESIAN_POINT ( 'NONE',  ( -0.5773502691896164100, 1.000000000000013100, -1.716666666666676300 ) ) ;
#942 = CARTESIAN_POINT ( 'NONE',  ( -0.6410254037844370600, 0.3700961894323314100, 2.466666666666650800 ) ) ;
#943 = ORIENTED_EDGE ( 'NONE', *, *, #2807, .F. ) ;
#944 = CARTESIAN_POINT ( 'NONE',  ( -1.224646799147352500E-016, -1.000000000000001300, 1.999999999999988700 ) ) ;
#945 =( BOUNDED_CURVE ( )  B_SPLINE_CURVE ( 2, ( #2590, #3654, #557, #2922, #3257, #930, #3289 ),
 .UNSPECIFIED., .F., .F. ) 
 B_SPLINE_CURVE_WITH_KNOTS ( ( 3, 2, 2, 3 ),
 ( 0.6000000000000000900, 0.6083333333333335000, 0.6166666666666667000, 0.6250000000000000000 ),
 .UNSPECIFIED. ) 
 CURVE ( )  GEOMETRIC_REPRESENTATION_ITEM ( )  RATIONAL_B_SPLINE_CURVE ( ( 0.9999999999999982200, 0.8660254037844403700, 1.000000000000000000, 0.8660254037844386000, 1.000000000000000000, 0.8660254037844386000, 1.000000000000000000 ) ) 
 REPRESENTATION_ITEM ( '' )  );
#946 = ADVANCED_FACE ( 'NONE', ( #3503 ), #1238, .T. ) ;
#947 = CARTESIAN_POINT ( 'NONE',  ( -0.4273502691896246500, 0.7401923788646646000, 3.283333333333317700 ) ) ;
#948 = CARTESIAN_POINT ( 'NONE',  ( 0.0000000000000000000, -1.959434878635765100E-015, 3.000000000000000000 ) ) ;
#949 = ORIENTED_EDGE ( 'NONE', *, *, #1200, .T. ) ;
#950 = CYLINDRICAL_SURFACE ( 'NONE', #928, 0.9999999999999993300 ) ;
#951 = CARTESIAN_POINT ( 'NONE',  ( -1.251161180115474400E-016, -1.021650635094611700, 2.812499999999986700 ) ) ;
#952 = ORIENTED_EDGE ( 'NONE', *, *, #693, .T. ) ;
#953 = CARTESIAN_POINT ( 'NONE',  ( 0.0000000000000000000, -1.951563910473908000E-015, 4.299999999999999800 ) ) ;
#954 = LINE ( 'NONE', #968, #3967 ) ;
#955 = EDGE_CURVE ( 'NONE', #2668, #186, #4139, .T. ) ;
#956 = AXIS2_PLACEMENT_3D ( 'NONE', #3164, #3143, #409 ) ;
#957 = CARTESIAN_POINT ( 'NONE',  ( 0.9529880658291604000, 0.2616180985545664100, 2.979615724566960600 ) ) ;
#958 = ORIENTED_EDGE ( 'NONE', *, *, #1429, .T. ) ;
#959 = LINE ( 'NONE', #121, #2491 ) ;
#960 = CARTESIAN_POINT ( 'NONE',  ( -0.7401923788646691500, -0.1983339501604564100, 1.367863279495396400 ) ) ;
#961 = CARTESIAN_POINT ( 'NONE',  ( -1.224646799147352500E-016, -1.000000000000001300, 2.849999999999981900 ) ) ;
#962 = CARTESIAN_POINT ( 'NONE',  ( 0.4273502691896244900, -0.7401923788646687100, 3.833333333333314800 ) ) ;
#963 = DIRECTION ( 'NONE',  ( -0.0000000000000000000, 6.054590893736192000E-018, 1.000000000000000000 ) ) ;
#964 = LINE ( 'NONE', #1665, #4396 ) ;
#965 = CARTESIAN_POINT ( 'NONE',  ( -0.7401923788646666000, -1.903298623977073300E-015, -3.000000000000000000 ) ) ;
#966 = CARTESIAN_POINT ( 'NONE',  ( -1.251161180115474400E-016, -1.021650635094611700, 4.412499999999983700 ) ) ;
#967 = ADVANCED_FACE ( 'NONE', ( #2405 ), #3024, .T. ) ;
#968 = CARTESIAN_POINT ( 'NONE',  ( 1.224646799147352500E-016, 0.9999999999999974500, 4.299999999999999800 ) ) ;
#969 = CARTESIAN_POINT ( 'NONE',  ( -0.6410254037844371800, -0.3700961894323351300, 2.533333333333318100 ) ) ;
#970 = DIRECTION ( 'NONE',  ( -0.0000000000000000000, -0.0000000000000000000, 1.000000000000000000 ) ) ;
#971 = ORIENTED_EDGE ( 'NONE', *, *, #78, .F. ) ;
#972 = CARTESIAN_POINT ( 'NONE',  ( 0.9999999999999993300, 2.082964562260343200E-014, -2.699999999999999700 ) ) ;
#973 = VECTOR ( 'NONE', #2841, 1000.000000000000200 ) ;
#974 = CARTESIAN_POINT ( 'NONE',  ( 0.5898502691896245800, -1.021650635094612000, 3.245833333333318900 ) ) ;
#975 = EDGE_CURVE ( 'NONE', #2438, #2233, #994, .T. ) ;
#976 = EDGE_CURVE ( 'NONE', #1483, #1711, #4410, .T. ) ;
#977 = VERTEX_POINT ( 'NONE', #1659 ) ;
#978 = CARTESIAN_POINT ( 'NONE',  ( 0.6937628489455087700, 0.4338091179419185100, -2.898916748907717000 ) ) ;
#979 = DIRECTION ( 'NONE',  ( 0.0000000000000000000, 0.0000000000000000000, -1.000000000000000000 ) ) ;
#980 = CARTESIAN_POINT ( 'NONE',  ( 0.7401923788646667100, -6.536499672365093000E-016, -0.1000000000000094400 ) ) ;
#981 = CARTESIAN_POINT ( 'NONE',  ( 0.7557752869670735200, -0.03688937932716095800, 2.755775286967079300 ) ) ;
#982 = CARTESIAN_POINT ( 'NONE',  ( -0.8547005383792494200, -1.941610732802278000E-015, 2.899999999999983500 ) ) ;
#983 = VERTEX_POINT ( 'NONE', #1308 ) ;
#984 = CARTESIAN_POINT ( 'NONE',  ( -1.224646799147352500E-016, -1.000000000000001300, -1.150000000000009500 ) ) ;
#985 = CARTESIAN_POINT ( 'NONE',  ( -1.224646799147352500E-016, -1.000000000000001300, 2.799999999999987400 ) ) ;
#986 = CARTESIAN_POINT ( 'NONE',  ( 0.8660254037844386000, 0.4999999999999970000, -2.666666666666667900 ) ) ;
#987 = ORIENTED_EDGE ( 'NONE', *, *, #19, .T. ) ;
#988 = CARTESIAN_POINT ( 'NONE',  ( 0.8847754037844373100, -0.5108253175473073100, 3.279166666666652600 ) ) ;
#989 = ORIENTED_EDGE ( 'NONE', *, *, #3065, .T. ) ;
#990 = CARTESIAN_POINT ( 'NONE',  ( 0.0000000000000000000, -1.993946046730061400E-015, 3.000000000000000000 ) ) ;
#991 = COORDINATED_UNIVERSAL_TIME_OFFSET ( 6, 0, .BEHIND. ) ;
#992 = ORIENTED_EDGE ( 'NONE', *, *, #896, .T. ) ;
#993 = CARTESIAN_POINT ( 'NONE',  ( 0.7401923788646668200, -0.1983339501604616000, -1.667863279495413100 ) ) ;
#994 =( BOUNDED_CURVE ( )  B_SPLINE_CURVE ( 2, ( #3045, #1024, #3684, #4021, #1700, #3726, #2339, #3348, #334 ),
 .UNSPECIFIED., .F., .F. ) 
 B_SPLINE_CURVE_WITH_KNOTS ( ( 3, 2, 2, 2, 3 ),
 ( 0.1375000000000000100, 0.1416666666666666600, 0.1499999999999999900, 0.1583333333333333300, 0.1625000000000000100 ),
 .UNSPECIFIED. ) 
 CURVE ( )  GEOMETRIC_REPRESENTATION_ITEM ( )  RATIONAL_B_SPLINE_CURVE ( ( 0.9330127018922194100, 0.9330127018922196300, 1.000000000000000000, 0.8660254037844387100, 1.000000000000000000, 0.8660254037844387100, 1.000000000000000000, 0.9330127018922191900, 0.9330127018922194100 ) ) 
 REPRESENTATION_ITEM ( '' )  );
#995 = CARTESIAN_POINT ( 'NONE',  ( 0.0000000000000000000, -1.993946046730061400E-015, -3.000000000000000000 ) ) ;
#996 = CARTESIAN_POINT ( 'NONE',  ( -0.4273502691896246500, 0.7401923788646646000, 4.433333333333313100 ) ) ;
#997 = VERTEX_POINT ( 'NONE', #673 ) ;
#998 = CARTESIAN_POINT ( 'NONE',  ( 0.0000000000000000000, 0.9999999999999974500, 0.1999999999999924900 ) ) ;
#999 = FACE_OUTER_BOUND ( 'NONE', #1041, .T. ) ;
#1000 = DIRECTION ( 'NONE',  ( -0.0000000000000000000, 6.054590893736192000E-018, 1.000000000000000000 ) ) ;
#1001 = VERTEX_POINT ( 'NONE', #4401 ) ;
#1002 = CYLINDRICAL_SURFACE ( 'NONE', #1135, 0.7401923788646666000 ) ;
#1003 = CARTESIAN_POINT ( 'NONE',  ( -0.5773502691896302800, -0.9999999999999935600, 0.4166666666666533600 ) ) ;
#1004 = CARTESIAN_POINT ( 'NONE',  ( 0.6410254037844369500, -0.3700961894323356300, -2.483333333333336500 ) ) ;
#1005 = DIRECTION ( 'NONE',  ( -0.0000000000000000000, -0.0000000000000000000, 1.000000000000000000 ) ) ;
#1006 = DIRECTION ( 'NONE',  ( -0.0000000000000000000, -0.0000000000000000000, 1.000000000000000000 ) ) ;
#1007 = CARTESIAN_POINT ( 'NONE',  ( -0.8847754037844375300, -0.5108253175473065300, -2.029166666666673900 ) ) ;
#1008 = VECTOR ( 'NONE', #3698, 1000.000000000000000 ) ;
#1009 = CARTESIAN_POINT ( 'NONE',  ( 0.0000000000000000000, -1.000000000000001300, 4.299999999999999800 ) ) ;
#1010 = CARTESIAN_POINT ( 'NONE',  ( -0.7401923788646667100, -3.253724281355068500E-015, -0.2500000000000075500 ) ) ;
#1011 = CARTESIAN_POINT ( 'NONE',  ( -0.6410254037844359500, 0.3700961894323333600, 0.1166666666666577200 ) ) ;
#1012 = CARTESIAN_POINT ( 'NONE',  ( 0.0000000000000000000, 0.7401923788646647100, -1.550000000000005400 ) ) ;
#1013 =( BOUNDED_CURVE ( )  B_SPLINE_CURVE ( 2, ( #1998, #4372, #1349, #4055, #275, #2988, #998 ),
 .UNSPECIFIED., .F., .F. ) 
 B_SPLINE_CURVE_WITH_KNOTS ( ( 3, 2, 2, 3 ),
 ( 0.3750000000000000600, 0.3833333333333334100, 0.3916666666666666600, 0.4000000000000000200 ),
 .UNSPECIFIED. ) 
 CURVE ( )  GEOMETRIC_REPRESENTATION_ITEM ( )  RATIONAL_B_SPLINE_CURVE ( ( 0.9999999999999991100, 0.8660254037844396000, 1.000000000000000000, 0.8660254037844387100, 1.000000000000000000, 0.8660254037844387100, 1.000000000000000000 ) ) 
 REPRESENTATION_ITEM ( '' )  );
#1014 = ORIENTED_EDGE ( 'NONE', *, *, #3862, .T. ) ;
#1015 = CARTESIAN_POINT ( 'NONE',  ( 0.7114251049508135700, -0.2481603301745069200, 2.727649024113135900 ) ) ;
#1016 = DIRECTION ( 'NONE',  ( -0.0000000000000000000, -0.0000000000000000000, 1.000000000000000000 ) ) ;
#1017 = CARTESIAN_POINT ( 'NONE',  ( 0.6410254037844401700, 0.3700961894323259200, 0.7333333333333219600 ) ) ;
#1018 = CIRCLE ( 'NONE', #1189, 0.7401923788646666000 ) ;
#1019 = CARTESIAN_POINT ( 'NONE',  ( 0.5898502691896255800, 1.021650635094607100, -2.195833333333340400 ) ) ;
#1020 = AXIS2_PLACEMENT_3D ( 'NONE', #1322, #4030, #2013 ) ;
#1021 = CARTESIAN_POINT ( 'NONE',  ( 0.5478303432654873000, -0.4342653537919378100, 4.241012321179931100 ) ) ;
#1022 = DIRECTION ( 'NONE',  ( -0.0000000000000000000, 6.054590893736192000E-018, 1.000000000000000000 ) ) ;
#1023 = VECTOR ( 'NONE', #2975, 1000.000000000000000 ) ;
#1024 = CARTESIAN_POINT ( 'NONE',  ( 0.7401923788646668200, 0.1983339501604556600, -2.032136720504595900 ) ) ;
#1025 = CARTESIAN_POINT ( 'NONE',  ( 0.8660254037844384900, 0.4999999999999970000, 0.5833333333333203800 ) ) ;
#1026 = CARTESIAN_POINT ( 'NONE',  ( 0.8547005383792494200, -2.150951988513411000E-015, -2.450000000000003300 ) ) ;
#1027 = EDGE_CURVE ( 'NONE', #3611, #3848, #469, .T. ) ;
#1028 = AXIS2_PLACEMENT_3D ( 'NONE', #995, #1006, #1329 ) ;
#1029 = EDGE_LOOP ( 'NONE', ( #2285, #2533, #733, #3184 ) ) ;
#1030 = CARTESIAN_POINT ( 'NONE',  ( 0.5773502691896260600, 0.9999999999999972200, 2.216666666666650400 ) ) ;
#1031 = CARTESIAN_POINT ( 'NONE',  ( 0.7401923788646666000, -2.100502098063922500E-015, 2.740192378864672000 ) ) ;
#1032 = CARTESIAN_POINT ( 'NONE',  ( -0.6410254037844357300, 0.3700961894323336900, 0.8666666666666544800 ) ) ;
#1033 = CARTESIAN_POINT ( 'NONE',  ( 0.7401923788646669300, 0.1983339501604566800, -2.832136720504594000 ) ) ;
#1034 = CARTESIAN_POINT ( 'NONE',  ( 0.8547005383792494200, -2.150951988513411000E-015, 4.699999999999980600 ) ) ;
#1035 = EDGE_LOOP ( 'NONE', ( #771, #2769, #3074, #901, #1341, #2653, #2728 ) ) ;
#1036 = CARTESIAN_POINT ( 'NONE',  ( 0.0000000000000000000, 0.9999999999999974500, 2.199999999999988600 ) ) ;
#1037 = CARTESIAN_POINT ( 'NONE',  ( 1.224646799147352500E-016, 0.9999999999999974500, 4.299999999999999800 ) ) ;
#1038 = CARTESIAN_POINT ( 'NONE',  ( -0.7401923788646674900, -3.413505384457326600E-015, 2.099999999999985900 ) ) ;
#1039 = CARTESIAN_POINT ( 'NONE',  ( -0.5773502691896279500, -0.9999999999999974500, 2.416666666666649600 ) ) ;
#1040 = APPROVAL_PERSON_ORGANIZATION ( #1582, #1752, #1223 ) ;
#1041 = EDGE_LOOP ( 'NONE', ( #4106, #2252 ) ) ;
#1042 = CARTESIAN_POINT ( 'NONE',  ( -1.154700538379251000, -1.923241030815067900E-015, 0.3499999999999872700 ) ) ;
#1043 = CARTESIAN_POINT ( 'NONE',  ( -0.4273502691896249300, -0.7401923788646683800, -1.383333333333339100 ) ) ;
#1044 = ORIENTED_EDGE ( 'NONE', *, *, #1056, .T. ) ;
#1045 = EDGE_LOOP ( 'NONE', ( #3765, #1638, #2061, #4004 ) ) ;
#1046 = CARTESIAN_POINT ( 'NONE',  ( 0.0000000000000000000, 1.021650635094607700, -2.587500000000001200 ) ) ;
#1047 = CARTESIAN_POINT ( 'NONE',  ( -0.7198565014421066700, -0.6047428805462115000, -2.767350781552022600 ) ) ;
#1048 = CARTESIAN_POINT ( 'NONE',  ( -0.8847754037844374200, 0.5108253175473028700, -2.895833333333338800 ) ) ;
#1049 = ORIENTED_EDGE ( 'NONE', *, *, #4215, .T. ) ;
#1050 = CARTESIAN_POINT ( 'NONE',  ( 0.7401923788646669300, 0.1983339501604566800, -2.882136720504596000 ) ) ;
#1051 = CARTESIAN_POINT ( 'NONE',  ( -0.7401923788646659300, -0.1983339501604592400, -0.2321367205045997100 ) ) ;
#1052 = CARTESIAN_POINT ( 'NONE',  ( -0.6410254037844385100, -0.3700961894323328000, -0.6666666666666751800 ) ) ;
#1053 = VECTOR ( 'NONE', #2862, 1000.000000000000000 ) ;
#1054 = CARTESIAN_POINT ( 'NONE',  ( 0.7401923788646667100, -8.424821799937230700E-016, 0.3499999999999909300 ) ) ;
#1055 = CARTESIAN_POINT ( 'NONE',  ( -0.7955734462594897800, 0.4064531059897039100, -2.814463868153493500 ) ) ;
#1056 = EDGE_CURVE ( 'NONE', #2488, #3461, #321, .T. ) ;
#1057 = CYLINDRICAL_SURFACE ( 'NONE', #164, 0.9999999999999993300 ) ;
#1058 = CARTESIAN_POINT ( 'NONE',  ( 0.0000000000000000000, 0.9999999999999974500, 0.5999999999999917600 ) ) ;
#1059 = CARTESIAN_POINT ( 'NONE',  ( 0.6410254037844374000, 0.3700961894323307500, -2.416666666666670100 ) ) ;
#1060 = CARTESIAN_POINT ( 'NONE',  ( -0.7401923788646666000, -3.776644255144275800E-016, 0.09999999999998976400 ) ) ;
#1061 = AXIS2_PLACEMENT_3D ( 'NONE', #4218, #2872, #227 ) ;
#1062 = CARTESIAN_POINT ( 'NONE',  ( -3.989402930631201500E-015, -0.7401923788646686000, -0.2000000000000096400 ) ) ;
#1063 = CARTESIAN_POINT ( 'NONE',  ( 0.5898502691896245800, -1.021650635094612000, -2.354166666666668700 ) ) ;
#1064 = PLANE ( 'NONE',  #3355 ) ;
#1065 = CARTESIAN_POINT ( 'NONE',  ( 1.179700538379249800, -2.210653519971845100E-015, -1.062500000000009500 ) ) ;
#1066 = ORIENTED_EDGE ( 'NONE', *, *, #4403, .T. ) ;
#1067 = EDGE_LOOP ( 'NONE', ( #4333, #1997, #892, #575 ) ) ;
#1068 = CARTESIAN_POINT ( 'NONE',  ( -3.989402930631201500E-015, -0.7401923788646686000, -0.1500000000000082100 ) ) ;
#1069 = CARTESIAN_POINT ( 'NONE',  ( -0.6499999999999978000, -0.3752776749732560400, 3.389999999999999700 ) ) ;
#1070 =( BOUNDED_CURVE ( )  B_SPLINE_CURVE ( 2, ( #449, #3463, #2800, #1445, #2136, #782, #1130 ),
 .UNSPECIFIED., .F., .F. ) 
 B_SPLINE_CURVE_WITH_KNOTS ( ( 3, 2, 2, 3 ),
 ( 0.2000000000000000100, 0.2083333333333333700, 0.2166666666666667000, 0.2250000000000000600 ),
 .UNSPECIFIED. ) 
 CURVE ( )  GEOMETRIC_REPRESENTATION_ITEM ( )  RATIONAL_B_SPLINE_CURVE ( ( 1.000000000000000000, 0.8660254037844387100, 1.000000000000000000, 0.8660254037844387100, 1.000000000000000000, 0.8660254037844378200, 1.000000000000000900 ) ) 
 REPRESENTATION_ITEM ( '' )  );
#1071 = ORIENTED_EDGE ( 'NONE', *, *, #2969, .F. ) ;
#1072 = CARTESIAN_POINT ( 'NONE',  ( -0.5773502691896254000, 0.9999999999999974500, 0.6333333333333248700 ) ) ;
#1073 = CARTESIAN_POINT ( 'NONE',  ( 0.4273502691896244900, -0.7401923788646687100, -0.5166666666666743800 ) ) ;
#1074 = DIRECTION ( 'NONE',  ( -1.000000000000000000, -6.982962677686266700E-015, 4.227898223961896300E-032 ) ) ;
#1075 = FACE_OUTER_BOUND ( 'NONE', #3053, .T. ) ;
#1076 = CARTESIAN_POINT ( 'NONE',  ( -0.8660254037844382600, -0.5000000000000014400, 1.983333333333317000 ) ) ;
#1077 = CARTESIAN_POINT ( 'NONE',  ( -0.7401923788646666000, 0.1983339501604579100, -2.317863279495412600 ) ) ;
#1078 = CARTESIAN_POINT ( 'NONE',  ( -0.8660254037844382600, -0.5000000000000014400, -2.416666666666673200 ) ) ;
#1079 = CARTESIAN_POINT ( 'NONE',  ( -0.8847754037844374200, 0.5108253175473028700, -1.695833333333341300 ) ) ;
#1080 = AXIS2_PLACEMENT_3D ( 'NONE', #4293, #570, #2936 ) ;
#1081 = EDGE_LOOP ( 'NONE', ( #4365, #2866, #1766, #878 ) ) ;
#1082 = CARTESIAN_POINT ( 'NONE',  ( 0.7401923788646659300, -4.793433093067735000E-016, 2.349999999999987200 ) ) ;
#1083 = CARTESIAN_POINT ( 'NONE',  ( 0.2127112901949103400, 0.6277464292928070000, 4.199167121815182900 ) ) ;
#1084 = ORIENTED_EDGE ( 'NONE', *, *, #3746, .T. ) ;
#1085 = CARTESIAN_POINT ( 'NONE',  ( -0.6410254037844327300, 0.3700961894323388500, 2.516666666666652400 ) ) ;
#1086 = CARTESIAN_POINT ( 'NONE',  ( -0.4273502691896203800, 0.7401923788646671600, -0.3666666666666761300 ) ) ;
#1087 = CARTESIAN_POINT ( 'NONE',  ( 0.8547005383792494200, -2.150951988513411000E-015, -0.8500000000000069700 ) ) ;
#1088 = EDGE_CURVE ( 'NONE', #130, #1365, #2712, .T. ) ;
#1089 = ORIENTED_EDGE ( 'NONE', *, *, #976, .T. ) ;
#1090 = CARTESIAN_POINT ( 'NONE',  ( 0.7401923788646667100, -2.963213184805508800E-015, -0.9000000000000080200 ) ) ;
#1091 = VERTEX_POINT ( 'NONE', #2424 ) ;
#1092 = CARTESIAN_POINT ( 'NONE',  ( 0.6499999999999986900, 2.603474075589764800E-017, 4.199444650053488100 ) ) ;
#1093 = CARTESIAN_POINT ( 'NONE',  ( 0.5898502691896255800, 1.021650635094607100, -1.795833333333341200 ) ) ;
#1094 = DIRECTION ( 'NONE',  ( -0.0000000000000000000, -0.0000000000000000000, 1.000000000000000000 ) ) ;
#1095 = PERSON_AND_ORGANIZATION ( #1331, #4292 ) ;
#1096 = ORIENTED_EDGE ( 'NONE', *, *, #2177, .T. ) ;
#1097 = CARTESIAN_POINT ( 'NONE',  ( -0.6410254037844386200, -0.3700961894323324700, 0.1833333333333244100 ) ) ;
#1098 = B_SPLINE_CURVE_WITH_KNOTS ( 'NONE', 3,
 ( #4157, #3823, #1146, #467, #798, #3172, #2849, #1839 ),
 .UNSPECIFIED., .F., .F.,
 ( 4, 2, 2, 4 ),
 ( 2.544447657668227600E-007, 0.0001940764893329894100, 0.0003878985339002119800, 0.0007755426230346569000 ),
 .UNSPECIFIED. ) ;
#1099 = ORIENTED_EDGE ( 'NONE', *, *, #2295, .F. ) ;
#1100 = CARTESIAN_POINT ( 'NONE',  ( -0.7401923788646660500, -1.118467721715804800E-015, 1.749999999999988200 ) ) ;
#1101 = CYLINDRICAL_SURFACE ( 'NONE', #3834, 0.7401923788646666000 ) ;
#1102 = CARTESIAN_POINT ( 'NONE',  ( 0.6410254037844369500, -0.3700961894323356300, -0.8833333333333401900 ) ) ;
#1103 = CARTESIAN_POINT ( 'NONE',  ( 0.8547005383792494200, -2.150951988513411000E-015, -0.9000000000000086800 ) ) ;
#1104 = ORIENTED_EDGE ( 'NONE', *, *, #2266, .F. ) ;
#1105 = CARTESIAN_POINT ( 'NONE',  ( 0.8660254037844386000, 0.4999999999999970000, 1.333333333333323300 ) ) ;
#1106 = FACE_OUTER_BOUND ( 'NONE', #617, .T. ) ;
#1107 = AXIS2_PLACEMENT_3D ( 'NONE', #4020, #3671, #2350 ) ;
#1108 = CARTESIAN_POINT ( 'NONE',  ( -0.8847754037844374200, 0.5108253175473028700, -0.09583333333334490000 ) ) ;
#1109 = CARTESIAN_POINT ( 'NONE',  ( -0.7401923788646663800, 0.1983339501604580700, -1.917863279495414000 ) ) ;
#1110 = CARTESIAN_POINT ( 'NONE',  ( 0.9999999999999993300, 2.082964562260343200E-014, -2.699999999999999700 ) ) ;
#1111 = CARTESIAN_POINT ( 'NONE',  ( 0.8547005383792494200, -2.150951988513411000E-015, -2.900000000000003900 ) ) ;
#1112 = CIRCLE ( 'NONE', #2022, 0.9999999999999952300 ) ;
#1113 = CARTESIAN_POINT ( 'NONE',  ( 0.8660254037844379300, -0.5000000000000021100, -1.483333333333342100 ) ) ;
#1114 = EDGE_CURVE ( 'NONE', #2547, #372, #1018, .T. ) ;
#1115 = EDGE_CURVE ( 'NONE', #1729, #3308, #1921, .T. ) ;
#1116 = CARTESIAN_POINT ( 'NONE',  ( -0.8547005383792494200, -1.941610732802278000E-015, -1.050000000000006300 ) ) ;
#1117 = CARTESIAN_POINT ( 'NONE',  ( -0.4273502691896249300, -0.7401923788646683800, -2.233333333333338700 ) ) ;
#1118 = CARTESIAN_POINT ( 'NONE',  ( 0.0000000000000000000, 0.9999999999999974500, -1.800000000000002900 ) ) ;
#1119 = CARTESIAN_POINT ( 'NONE',  ( -0.8847754037844375300, 0.5108253175473029800, -0.5208333333333392500 ) ) ;
#1120 = CARTESIAN_POINT ( 'NONE',  ( -1.224646799147352500E-016, -1.000000000000001300, 1.249999999999984900 ) ) ;
#1121 = VERTEX_POINT ( 'NONE', #717 ) ;
#1122 = CARTESIAN_POINT ( 'NONE',  ( -1.179700538379249800, -1.921710222316133300E-015, -0.06250000000001176800 ) ) ;
#1123 = CARTESIAN_POINT ( 'NONE',  ( -0.6499999999999978000, -0.3752776749732566500, 4.299999999999999800 ) ) ;
#1124 = CYLINDRICAL_SURFACE ( 'NONE', #3649, 0.7401923788646666000 ) ;
#1125 = CARTESIAN_POINT ( 'NONE',  ( 0.6410254037844374000, 0.3700961894323307500, -2.466666666666671700 ) ) ;
#1126 = CARTESIAN_POINT ( 'NONE',  ( -1.185827051147542200E-016, -0.9683012701892199600, -2.731698729810782200 ) ) ;
#1127 = FACE_OUTER_BOUND ( 'NONE', #1304, .T. ) ;
#1128 = CARTESIAN_POINT ( 'NONE',  ( -9.064742275298788900E-017, -0.7401923788646686000, -0.9500000000000063900 ) ) ;
#1129 = CARTESIAN_POINT ( 'NONE',  ( -0.4273502691896249300, -0.7401923788646683800, -1.433333333333340500 ) ) ;
#1130 = CARTESIAN_POINT ( 'NONE',  ( -1.224646799147352500E-016, -1.000000000000001300, -1.200000000000004200 ) ) ;
#1131 = CARTESIAN_POINT ( 'NONE',  ( 0.7006292692218191200, 0.7135254915626320100, 3.000000000000000900 ) ) ;
#1132 = CARTESIAN_POINT ( 'NONE',  ( 0.8847754037844380900, 0.5108253175473022000, -1.454166666666670600 ) ) ;
#1133 = DIRECTION ( 'NONE',  ( 0.0000000000000000000, 1.000000000000000000, 0.0000000000000000000 ) ) ;
#1134 = CARTESIAN_POINT ( 'NONE',  ( 0.8847754037844378600, 0.5108253175473020900, 0.5708333333333207600 ) ) ;
#1135 = AXIS2_PLACEMENT_3D ( 'NONE', #2960, #940, #1625 ) ;
#1136 = EDGE_LOOP ( 'NONE', ( #2470, #2627, #2167, #4337 ) ) ;
#1137 = EDGE_CURVE ( 'NONE', #1989, #3274, #2619, .T. ) ;
#1138 = CARTESIAN_POINT ( 'NONE',  ( 0.7401923788646666000, -2.832483191358207100E-015, -1.250000000000005800 ) ) ;
#1139 = CARTESIAN_POINT ( 'NONE',  ( -1.224646799147352500E-016, -1.000000000000001300, 1.649999999999983900 ) ) ;
#1140 = EDGE_LOOP ( 'NONE', ( #335, #1145, #1185, #1193 ) ) ;
#1141 = DIRECTION ( 'NONE',  ( 1.000000000000000000, 0.0000000000000000000, 0.0000000000000000000 ) ) ;
#1142 = CARTESIAN_POINT ( 'NONE',  ( 0.8547005383792494200, -2.150951988513411000E-015, 2.349999999999985900 ) ) ;
#1143 = CC_DESIGN_PERSON_AND_ORGANIZATION_ASSIGNMENT ( #1095, #2592, ( #1291 ) ) ;
#1144 = CARTESIAN_POINT ( 'NONE',  ( 0.4273502691896244900, -0.7401923788646687100, -2.166666666666672300 ) ) ;
#1145 = ORIENTED_EDGE ( 'NONE', *, *, #1865, .T. ) ;
#1146 = CARTESIAN_POINT ( 'NONE',  ( -0.1027150441303157500, 0.6912527915680490900, 4.245749438421300100 ) ) ;
#1147 = ORIENTED_EDGE ( 'NONE', *, *, #4062, .F. ) ;
#1148 = CARTESIAN_POINT ( 'NONE',  ( 0.8847754037844380900, 0.5108253175473022000, 0.1458333333333259300 ) ) ;
#1149 = CIRCLE ( 'NONE', #1612, 0.7401923788646666000 ) ;
#1150 = CARTESIAN_POINT ( 'NONE',  ( 0.8660254037844384900, 0.4999999999999970000, 1.383333333333318000 ) ) ;
#1151 = CARTESIAN_POINT ( 'NONE',  ( -1.251161180115474100E-016, -1.021650635094611500, 0.8374999999999867000 ) ) ;
#1152 = ORIENTED_EDGE ( 'NONE', *, *, #3409, .T. ) ;
#1153 = CARTESIAN_POINT ( 'NONE',  ( -1.768082908433131500E-015, -0.7401923788646686000, -2.150000000000003900 ) ) ;
#1154 = DIRECTION ( 'NONE',  ( 0.0000000000000000000, -6.054590893736192000E-018, -1.000000000000000000 ) ) ;
#1155 = CYLINDRICAL_SURFACE ( 'NONE', #2680, 0.9999999999999993300 ) ;
#1156 = CARTESIAN_POINT ( 'NONE',  ( 1.224646799147352500E-016, 0.9999999999999974500, 4.299999999999999800 ) ) ;
#1157 = EDGE_LOOP ( 'NONE', ( #3784, #2894, #18, #1099 ) ) ;
#1158 = CYLINDRICAL_SURFACE ( 'NONE', #2597, 1.749999999999996000 ) ;
#1159 = CARTESIAN_POINT ( 'NONE',  ( 0.4612207714395142300, -0.7229911149258769800, -2.850136724970065800 ) ) ;
#1160 = CARTESIAN_POINT ( 'NONE',  ( -0.6410254037844370600, 0.3700961894323314100, 0.9166666666666558600 ) ) ;
#1161 = CARTESIAN_POINT ( 'NONE',  ( -9.064742275298788900E-017, -0.7401923788646686000, 0.9999999999999879000 ) ) ;
#1162 = CARTESIAN_POINT ( 'NONE',  ( 0.0000000000000000000, 0.9999999999999974500, 1.399999999999990400 ) ) ;
#1164 = VECTOR ( 'NONE', #4018, 1000.000000000000000 ) ;
#1163 = AXIS2_PLACEMENT_3D ( 'NONE', #640, #2008, #1680 ) ;
#1165 = CARTESIAN_POINT ( 'NONE',  ( 0.5898502691896256900, 1.021650635094607300, -1.020833333333337900 ) ) ;
#1166 = CARTESIAN_POINT ( 'NONE',  ( -0.8332636488910104600, 0.1641142918734750100, 2.833263648891091200 ) ) ;
#1167 = CARTESIAN_POINT ( 'NONE',  ( 1.179700538379249800, -2.210653519971845100E-015, 1.737499999999984500 ) ) ;
#1168 = LINE ( 'NONE', #1656, #1164 ) ;
#1169 = DIRECTION ( 'NONE',  ( -0.0000000000000000000, 6.054590893736192000E-018, 1.000000000000000000 ) ) ;
#1170 = CARTESIAN_POINT ( 'NONE',  ( -0.4068571280825202300, -0.7958894202971951200, 2.885980803227820200 ) ) ;
#1171 = EDGE_CURVE ( 'NONE', #4359, #2901, #2512, .T. ) ;
#1172 = VERTEX_POINT ( 'NONE', #2130 ) ;
#1173 = CARTESIAN_POINT ( 'NONE',  ( 0.6410254037844369500, -0.3700961894323356300, 1.916666666666654300 ) ) ;
#1174 = CARTESIAN_POINT ( 'NONE',  ( -0.8547005383792494200, -1.941610732802278000E-015, 0.4999999999999887300 ) ) ;
#1175 = CARTESIAN_POINT ( 'NONE',  ( 0.5773502691896270600, -0.9999999999999980000, -0.7666666666666716000 ) ) ;
#1176 = EDGE_LOOP ( 'NONE', ( #2463, #3682, #3934, #430 ) ) ;
#1177 = DIRECTION ( 'NONE',  ( -0.0000000000000000000, -0.0000000000000000000, 1.000000000000000000 ) ) ;
#1178 = CARTESIAN_POINT ( 'NONE',  ( 0.0000000000000000000, 1.021650635094607700, -0.9875000000000048200 ) ) ;
#1179 = CARTESIAN_POINT ( 'NONE',  ( 0.4273502691896167200, -0.7401923788646731500, 1.833333333333318600 ) ) ;
#1180 = CARTESIAN_POINT ( 'NONE',  ( 1.179700538379249800, -2.210653519971845100E-015, 0.9374999999999860100 ) ) ;
#1181 = ORIENTED_EDGE ( 'NONE', *, *, #1453, .F. ) ;
#1182 = CARTESIAN_POINT ( 'NONE',  ( 0.5773502691896350600, 0.9999999999999815700, -0.9833333333333444900 ) ) ;
#1183 = CARTESIAN_POINT ( 'NONE',  ( -0.7401923788646660500, -1.118467721715804800E-015, 1.699999999999986400 ) ) ;
#1184 = CARTESIAN_POINT ( 'NONE',  ( 0.0000000000000000000, 0.9999999999999974500, -1.400000000000004100 ) ) ;
#1185 = ORIENTED_EDGE ( 'NONE', *, *, #4117, .T. ) ;
#1186 = CARTESIAN_POINT ( 'NONE',  ( 0.8847754037844378600, 0.5108253175473020900, 3.770833333333313500 ) ) ;
#1187 = CARTESIAN_POINT ( 'NONE',  ( 0.0000000000000000000, 0.9999999999999973400, -0.9500000000000101700 ) ) ;
#1188 = CARTESIAN_POINT ( 'NONE',  ( -0.4273502691896246500, 0.7401923788646646000, 0.8833333333333228700 ) ) ;
#1189 = AXIS2_PLACEMENT_3D ( 'NONE', #761, #2441, #425 ) ;
#1190 = EDGE_LOOP ( 'NONE', ( #3374, #1642 ) ) ;
#1191 = CARTESIAN_POINT ( 'NONE',  ( 0.6410254037844374000, 0.3700961894323307500, -0.06666666666667667200 ) ) ;
#1192 = DIRECTION ( 'NONE',  ( 0.7071067811865487900, -8.659560562354948900E-017, 0.7071067811865463500 ) ) ;
#1193 = ORIENTED_EDGE ( 'NONE', *, *, #2628, .T. ) ;
#1194 = CARTESIAN_POINT ( 'NONE',  ( -0.5898502691896250200, 1.021650635094607700, 1.445833333333323300 ) ) ;
#1195 = CARTESIAN_POINT ( 'NONE',  ( -0.6410254037844390600, -0.3700961894323318600, 1.733333333333319400 ) ) ;
#1196 = CARTESIAN_POINT ( 'NONE',  ( -0.8847754037844374200, 0.5108253175473028700, 0.7041666666666532800 ) ) ;
#1197 = EDGE_CURVE ( 'NONE', #318, #571, #3017, .T. ) ;
#1198 = PLANE ( 'NONE',  #125 ) ;
#1199 = ORIENTED_EDGE ( 'NONE', *, *, #2295, .T. ) ;
#1200 = EDGE_CURVE ( 'NONE', #4371, #1895, #2435, .T. ) ;
#1201 = CARTESIAN_POINT ( 'NONE',  ( 0.5773502691896260600, 0.9999999999999970000, -1.433333333333337100 ) ) ;
#1202 = DIRECTION ( 'NONE',  ( -0.0000000000000000000, -0.0000000000000000000, 1.000000000000000000 ) ) ;
#1203 = EDGE_LOOP ( 'NONE', ( #845, #4322, #1955, #1213 ) ) ;
#1204 = APPLICATION_PROTOCOL_DEFINITION ( 'international standard', 'config_control_design', 1994, #1915 ) ;
#1205 = CARTESIAN_POINT ( 'NONE',  ( 0.8547005383792494200, -2.150951988513411000E-015, 3.949999999999983300 ) ) ;
#1206 = CC_DESIGN_PERSON_AND_ORGANIZATION_ASSIGNMENT ( #3963, #3568, ( #754 ) ) ;
#1207 = CARTESIAN_POINT ( 'NONE',  ( 0.0000000000000000000, 0.7401923788646647100, 0.3999999999999889200 ) ) ;
#1208 = VERTEX_POINT ( 'NONE', #46 ) ;
#1209 = CARTESIAN_POINT ( 'NONE',  ( 0.7401923788646672700, 0.1983339501604542100, -0.4321367205045993900 ) ) ;
#1210 =( BOUNDED_CURVE ( )  B_SPLINE_CURVE ( 2, ( #487, #4193, #452, #438, #2820, #802, #3859, #102, #4145 ),
 .UNSPECIFIED., .F., .F. ) 
 B_SPLINE_CURVE_WITH_KNOTS ( ( 3, 2, 2, 2, 3 ),
 ( 0.2875000000000000300, 0.2916666666666666900, 0.2999999999999999900, 0.3083333333333333500, 0.3125000000000000600 ),
 .UNSPECIFIED. ) 
 CURVE ( )  GEOMETRIC_REPRESENTATION_ITEM ( )  RATIONAL_B_SPLINE_CURVE ( ( 0.9330127018922194100, 0.9330127018922198500, 1.000000000000000000, 0.8660254037844387100, 1.000000000000000000, 0.8660254037844387100, 1.000000000000000000, 0.9330127018922185200, 0.9330127018922194100 ) ) 
 REPRESENTATION_ITEM ( '' )  );
#1211 = CYLINDRICAL_SURFACE ( 'NONE', #3066, 0.9999999999999993300 ) ;
#1212 = CARTESIAN_POINT ( 'NONE',  ( -0.8847754037844376400, -0.5108253175473066500, 2.345833333333321200 ) ) ;
#1213 = ORIENTED_EDGE ( 'NONE', *, *, #2323, .F. ) ;
#1214 = CARTESIAN_POINT ( 'NONE',  ( 0.3661492747490706100, 0.6846832456205284000, 2.758486808984524700 ) ) ;
#1215 = CARTESIAN_POINT ( 'NONE',  ( 0.5898502691896255800, 1.021650635094607100, 3.004166666666648200 ) ) ;
#1216 = CARTESIAN_POINT ( 'NONE',  ( 0.6410254037844339600, -0.3700961894323406800, 2.666666666666650500 ) ) ;
#1217 = CARTESIAN_POINT ( 'NONE',  ( 0.0000000000000000000, 0.9999999999999974500, -0.5500000000000108100 ) ) ;
#1218 = FACE_OUTER_BOUND ( 'NONE', #2899, .T. ) ;
#1219 = CARTESIAN_POINT ( 'NONE',  ( 0.6410254037844382900, 0.3700961894323291900, -1.666666666666673200 ) ) ;
#1220 = CARTESIAN_POINT ( 'NONE',  ( -0.5773502691896298400, 0.9999999999999897900, -0.1666666666666728200 ) ) ;
#1221 = CARTESIAN_POINT ( 'NONE',  ( 1.179700538379249800, -2.210653519971845100E-015, 4.537499999999979200 ) ) ;
#1222 = EDGE_LOOP ( 'NONE', ( #958, #2719, #2634, #128 ) ) ;
#1223 = APPROVAL_ROLE ( '' ) ;
#1224 = CARTESIAN_POINT ( 'NONE',  ( -9.064742275298788900E-017, -0.7401923788646686000, 3.849999999999982800 ) ) ;
#1225 = CARTESIAN_POINT ( 'NONE',  ( 0.6410254037844374000, 0.3700961894323307500, 1.533333333333319700 ) ) ;
#1226 = AXIS2_PLACEMENT_3D ( 'NONE', #3665, #666, #270 ) ;
#1227 = CARTESIAN_POINT ( 'NONE',  ( 0.5898502691896256900, 1.021650635094607300, 1.779166666666655900 ) ) ;
#1228 = ADVANCED_FACE ( 'NONE', ( #1504 ), #2970, .T. ) ;
#1229 = DIRECTION ( 'NONE',  ( 0.0000000000000000000, -1.000000000000000000, 0.0000000000000000000 ) ) ;
#1230 = CARTESIAN_POINT ( 'NONE',  ( 0.7401923788646668200, 0.1983339501604552700, -1.282136720504599300 ) ) ;
#1231 = ORIENTED_EDGE ( 'NONE', *, *, #3833, .T. ) ;
#1232 = CARTESIAN_POINT ( 'NONE',  ( -0.7401923788646664900, -1.917373237227094000E-015, -2.300000000000004700 ) ) ;
#1233 = CARTESIAN_POINT ( 'NONE',  ( -0.7401923788646667100, -2.033577675846917800E-016, 0.5499999999999903900 ) ) ;
#1234 = AXIS2_PLACEMENT_3D ( 'NONE', #1475, #480, #3540 ) ;
#1235 = CARTESIAN_POINT ( 'NONE',  ( -0.5898502691896248000, 1.021650635094607500, 4.270833333333312600 ) ) ;
#1236 = CARTESIAN_POINT ( 'NONE',  ( 0.4273502691896218200, -0.7401923788646701500, 2.283333333333319400 ) ) ;
#1237 = ORIENTED_EDGE ( 'NONE', *, *, #257, .T. ) ;
#1238 = CYLINDRICAL_SURFACE ( 'NONE', #3447, 0.9999999999999993300 ) ;
#1239 = APPROVAL_STATUS ( 'not_yet_approved' ) ;
#1240 = CARTESIAN_POINT ( 'NONE',  ( 0.4273502691896251500, 0.7401923788646644900, 3.616666666666650300 ) ) ;
#1241 = CARTESIAN_POINT ( 'NONE',  ( -0.7401923788646667100, -2.033577675846917800E-016, 0.5499999999999903900 ) ) ;
#1242 = ORIENTED_EDGE ( 'NONE', *, *, #723, .F. ) ;
#1243 = CARTESIAN_POINT ( 'NONE',  ( -0.5898502691896253500, -1.021650635094611300, 2.379166666666654400 ) ) ;
#1244 = CARTESIAN_POINT ( 'NONE',  ( 0.5773502691896228400, -1.000000000000005600, 0.8833333333333192000 ) ) ;
#1245 = CARTESIAN_POINT ( 'NONE',  ( 1.224646799147352500E-016, 0.9999999999999974500, 4.299999999999999800 ) ) ;
#1246 = CARTESIAN_POINT ( 'NONE',  ( -1.224646799147352500E-016, -1.000000000000001300, 2.449999999999982400 ) ) ;
#1247 = DIRECTION ( 'NONE',  ( 0.0000000000000000000, -0.7071067811865462400, 0.7071067811865489100 ) ) ;
#1248 = CARTESIAN_POINT ( 'NONE',  ( 0.5773502691896250600, -1.000000000000001600, 2.433333333333321100 ) ) ;
#1249 = CARTESIAN_POINT ( 'NONE',  ( 0.0000000000000000000, 1.021650635094607500, 3.837499999999979900 ) ) ;
#1250 = ORIENTED_EDGE ( 'NONE', *, *, #3263, .F. ) ;
#1251 = ADVANCED_FACE ( 'NONE', ( #1324 ), #2251, .T. ) ;
#1252 = APPROVAL_STATUS ( 'not_yet_approved' ) ;
#1253 = CARTESIAN_POINT ( 'NONE',  ( -9.064742275298788900E-017, -0.7401923788646686000, 3.449999999999983300 ) ) ;
#1254 = VERTEX_POINT ( 'NONE', #3942 ) ;
#1255 = EDGE_CURVE ( 'NONE', #2369, #4359, #762, .T. ) ;
#1256 = CARTESIAN_POINT ( 'NONE',  ( -0.8847754037844375300, 0.5108253175473029800, 2.279166666666654400 ) ) ;
#1257 = ORIENTED_EDGE ( 'NONE', *, *, #2725, .F. ) ;
#1258 = VERTEX_POINT ( 'NONE', #914 ) ;
#1259 = EDGE_CURVE ( 'NONE', #4174, #983, #3013, .T. ) ;
#1260 = CARTESIAN_POINT ( 'NONE',  ( 0.0000000000000000000, -1.951563910473908000E-015, 4.299999999999999800 ) ) ;
#1261 = CARTESIAN_POINT ( 'NONE',  ( 0.0000000000000000000, 0.9999999999999974500, 0.1999999999999924900 ) ) ;
#1262 = EDGE_CURVE ( 'NONE', #1091, #1959, #2664, .T. ) ;
#1263 = CARTESIAN_POINT ( 'NONE',  ( -1.154700538379251000, -1.923241030815067900E-015, -1.650000000000008800 ) ) ;
#1264 = CARTESIAN_POINT ( 'NONE',  ( -0.4273502691896249300, -0.7401923788646683800, 2.166666666666651900 ) ) ;
#1265 = ORIENTED_EDGE ( 'NONE', *, *, #428, .T. ) ;
#1266 = CARTESIAN_POINT ( 'NONE',  ( -5.077172003667057100E-015, -0.7401923788646686000, 2.249999999999986200 ) ) ;
#1267 =( BOUNDED_CURVE ( )  B_SPLINE_CURVE ( 2, ( #1232, #1560, #258, #2919, #4308, #3271, #246, #3973, #600 ),
 .UNSPECIFIED., .F., .F. ) 
 B_SPLINE_CURVE_WITH_KNOTS ( ( 3, 2, 2, 2, 3 ),
 ( 0.1125000000000000200, 0.1166666666666666700, 0.1250000000000000000, 0.1333333333333333300, 0.1375000000000000100 ),
 .UNSPECIFIED. ) 
 CURVE ( )  GEOMETRIC_REPRESENTATION_ITEM ( )  RATIONAL_B_SPLINE_CURVE ( ( 0.9330127018922194100, 0.9330127018922196300, 1.000000000000000000, 0.8660254037844387100, 1.000000000000000000, 0.8660254037844387100, 1.000000000000000000, 0.9330127018922191900, 0.9330127018922194100 ) ) 
 REPRESENTATION_ITEM ( '' )  );
#1268 = VECTOR ( 'NONE', #820, 1000.000000000000000 ) ;
#1269 = APPROVAL_ROLE ( '' ) ;
#1270 = CARTESIAN_POINT ( 'NONE',  ( 0.8547005383792494200, -2.150951988513411000E-015, 3.149999999999984800 ) ) ;
#1271 = CARTESIAN_POINT ( 'NONE',  ( 0.5773502691896350600, 0.9999999999999815700, -2.183333333333342000 ) ) ;
#1272 = VERTEX_POINT ( 'NONE', #4103 ) ;
#1273 = VECTOR ( 'NONE', #1465, 1000.000000000000000 ) ;
#1274 = CARTESIAN_POINT ( 'NONE',  ( 0.5898502691896256900, 1.021650635094607300, 4.179166666666650300 ) ) ;
#1275 = CARTESIAN_POINT ( 'NONE',  ( 1.087769073035854800E-015, 0.7401923788646647100, -0.8000000000000085900 ) ) ;
#1276 = ADVANCED_FACE ( 'NONE', ( #261 ), #855, .T. ) ;
#1277 = LINE ( 'NONE', #1009, #363 ) ;
#1278 = CARTESIAN_POINT ( 'NONE',  ( -0.8660254037844380400, 0.4999999999999978400, 1.066666666666657300 ) ) ;
#1279 = CARTESIAN_POINT ( 'NONE',  ( -0.8547005383792494200, -1.941610732802278000E-015, 2.499999999999983600 ) ) ;
#1280 = DIRECTION ( 'NONE',  ( -0.0000000000000000000, -0.0000000000000000000, 1.000000000000000000 ) ) ;
#1281 = DIRECTION ( 'NONE',  ( -0.0000000000000000000, -0.0000000000000000000, 1.000000000000000000 ) ) ;
#1282 = ORIENTED_EDGE ( 'NONE', *, *, #138, .T. ) ;
#1283 = CARTESIAN_POINT ( 'NONE',  ( 1.179700538379250000, -2.210653519971845100E-015, 4.112499999999984700 ) ) ;
#1284 = EDGE_CURVE ( 'NONE', #2691, #2648, #3014, .T. ) ;
#1285 = CARTESIAN_POINT ( 'NONE',  ( 0.8660254037844384900, 0.4999999999999970000, 0.9833333333333189600 ) ) ;
#1286 = ORIENTED_EDGE ( 'NONE', *, *, #2343, .T. ) ;
#1287 = CARTESIAN_POINT ( 'NONE',  ( 0.0000000000000000000, -1.993946046730061400E-015, -3.000000000000000000 ) ) ;
#1288 = CARTESIAN_POINT ( 'NONE',  ( -0.8660254037844381500, -0.5000000000000014400, -1.666666666666670100 ) ) ;
#1289 = FACE_OUTER_BOUND ( 'NONE', #252, .T. ) ;
#1290 = CARTESIAN_POINT ( 'NONE',  ( 0.0000000000000000000, 0.9999999999999974500, 2.999999999999986700 ) ) ;
#1291 = PRODUCT_DEFINITION_FORMATION_WITH_SPECIFIED_SOURCE ( 'ANY', '', #4344, .NOT_KNOWN. ) ;
#1292 = CARTESIAN_POINT ( 'NONE',  ( 0.0000000000000000000, 0.7401923788646647100, 2.399999999999984800 ) ) ;
#1293 = ADVANCED_FACE ( 'NONE', ( #2915 ), #2302, .T. ) ;
#1294 = VERTEX_POINT ( 'NONE', #2439 ) ;
#1295 = ORIENTED_EDGE ( 'NONE', *, *, #3489, .T. ) ;
#1296 = CARTESIAN_POINT ( 'NONE',  ( 0.0000000000000000000, 1.021650635094607700, 4.612499999999982900 ) ) ;
#1297 = DIRECTION ( 'NONE',  ( -0.0000000000000000000, 6.054590893736192000E-018, 1.000000000000000000 ) ) ;
#1298 = AXIS2_PLACEMENT_3D ( 'NONE', #3706, #1682, #3341 ) ;
#1299 = ORIENTED_EDGE ( 'NONE', *, *, #3007, .F. ) ;
#1300 = CARTESIAN_POINT ( 'NONE',  ( -1.154700538379250800, -1.923241030815067500E-015, -1.700000000000003300 ) ) ;
#1301 = CARTESIAN_POINT ( 'NONE',  ( 0.4273502691896286500, 0.7401923788646621600, 0.8166666666666565500 ) ) ;
#1302 = CARTESIAN_POINT ( 'NONE',  ( -0.8547005383792494200, -1.941610732802278000E-015, 4.099999999999981000 ) ) ;
#1303 = B_SPLINE_CURVE_WITH_KNOTS ( 'NONE', 3,
 ( #1495, #445, #3168, #3851, #159, #1833, #1159, #2147, #3494, #3555 ),
 .UNSPECIFIED., .F., .F.,
 ( 4, 2, 2, 2, 4 ),
 ( 8.688973905713515100E-018, 0.0003540880937546232800, 0.0007081761875092378800, 0.001062264281263852500, 0.001416352375018467100 ),
 .UNSPECIFIED. ) ;
#1304 = EDGE_LOOP ( 'NONE', ( #4324, #1044, #3041, #1472 ) ) ;
#1305 = CARTESIAN_POINT ( 'NONE',  ( 0.0000000000000000000, -1.993946046730061400E-015, 2.740192378864672000 ) ) ;
#1306 = CARTESIAN_POINT ( 'NONE',  ( 0.5773502691896295100, -0.9999999999999940000, 2.833333333333321000 ) ) ;
#1307 = AXIS2_PLACEMENT_3D ( 'NONE', #1727, #3733, #2386 ) ;
#1308 = CARTESIAN_POINT ( 'NONE',  ( 1.222018468595095100E-014, -1.749999999999997600, 3.194999999999999800 ) ) ;
#1309 = VERTEX_POINT ( 'NONE', #3089 ) ;
#1310 = CARTESIAN_POINT ( 'NONE',  ( -0.8847754037844376400, -0.5108253175473066500, 3.945833333333317800 ) ) ;
#1311 = ORIENTED_EDGE ( 'NONE', *, *, #2055, .T. ) ;
#1312 =( BOUNDED_CURVE ( )  B_SPLINE_CURVE ( 2, ( #1058, #1072, #1384, #2751, #3744, #4122, #1730 ),
 .UNSPECIFIED., .F., .F. ) 
 B_SPLINE_CURVE_WITH_KNOTS ( ( 3, 2, 2, 3 ),
 ( 0.4500000000000000100, 0.4583333333333333100, 0.4666666666666667300, 0.4750000000000000300 ),
 .UNSPECIFIED. ) 
 CURVE ( )  GEOMETRIC_REPRESENTATION_ITEM ( )  RATIONAL_B_SPLINE_CURVE ( ( 1.000000000000000000, 0.8660254037844387100, 1.000000000000000000, 0.8660254037844387100, 1.000000000000000000, 0.8660254037844378200, 1.000000000000000900 ) ) 
 REPRESENTATION_ITEM ( '' )  );
#1313 = CARTESIAN_POINT ( 'NONE',  ( -0.7401923788646666000, -0.1983339501604576000, 0.5178632794953969000 ) ) ;
#1314 = FACE_OUTER_BOUND ( 'NONE', #3203, .T. ) ;
#1315 = ADVANCED_FACE ( 'NONE', ( #2076 ), #2023, .T. ) ;
#1316 = CARTESIAN_POINT ( 'NONE',  ( 0.3288575043113341500, 0.7753290317867389500, -2.874272508111434200 ) ) ;
#1317 = ORIENTED_EDGE ( 'NONE', *, *, #976, .F. ) ;
#1318 = LINE ( 'NONE', #3651, #2336 ) ;
#1319 = PLANE ( 'NONE',  #1866 ) ;
#1320 = DIRECTION ( 'NONE',  ( -0.0000000000000000000, 6.054590893736192000E-018, 1.000000000000000000 ) ) ;
#1321 = CARTESIAN_POINT ( 'NONE',  ( -0.4273502691896246500, 0.7401923788646646000, 3.633333333333314200 ) ) ;
#1322 = CARTESIAN_POINT ( 'NONE',  ( 0.0000000000000000000, -1.993946046730061400E-015, 3.000000000000000000 ) ) ;
#1323 = FACE_OUTER_BOUND ( 'NONE', #1636, .T. ) ;
#1324 = FACE_OUTER_BOUND ( 'NONE', #1533, .T. ) ;
#1325 = CARTESIAN_POINT ( 'NONE',  ( 0.7401923788646666000, -1.993946046730061400E-015, -3.000000000000000000 ) ) ;
#1326 = CARTESIAN_POINT ( 'NONE',  ( -0.8847754037844375300, 0.5108253175473029800, 3.479166666666652300 ) ) ;
#1327 = DIRECTION ( 'NONE',  ( -0.0000000000000000000, 6.054590893736192000E-018, 1.000000000000000000 ) ) ;
#1328 = DIRECTION ( 'NONE',  ( -0.0000000000000000000, -0.0000000000000000000, 1.000000000000000000 ) ) ;
#1329 = DIRECTION ( 'NONE',  ( 1.000000000000000000, 0.0000000000000000000, 0.0000000000000000000 ) ) ;
#1330 = CARTESIAN_POINT ( 'NONE',  ( 0.4273502691896251500, 0.7401923788646644900, 4.766666666666646200 ) ) ;
#1331 = PERSON ( 'UNSPECIFIED', 'UNSPECIFIED', 'UNSPECIFIED', ('UNSPECIFIED'), ('UNSPECIFIED'), ('UNSPECIFIED') ) ;
#1332 = CARTESIAN_POINT ( 'NONE',  ( 0.1027150441303159200, -0.6912527915680499700, 4.245749438421301000 ) ) ;
#1333 = ORIENTED_EDGE ( 'NONE', *, *, #3435, .F. ) ;
#1334 = CARTESIAN_POINT ( 'NONE',  ( 1.154700538379251000, -2.206061094475043000E-015, 2.549999999999982500 ) ) ;
#1335 = CARTESIAN_POINT ( 'NONE',  ( 0.6410254037844374000, 0.3700961894323307500, 1.933333333333319100 ) ) ;
#1336 = LINE ( 'NONE', #4368, #2671 ) ;
#1337 = CARTESIAN_POINT ( 'NONE',  ( -1.224646799147352500E-016, -1.000000000000001300, 0.4499999999999869700 ) ) ;
#1338 = CARTESIAN_POINT ( 'NONE',  ( 0.4273502691896251500, 0.7401923788646644900, -2.383333333333336400 ) ) ;
#1339 = EDGE_CURVE ( 'NONE', #1, #1397, #1604, .T. ) ;
#1340 = AXIS2_PLACEMENT_3D ( 'NONE', #2683, #641, #2359 ) ;
#1341 = ORIENTED_EDGE ( 'NONE', *, *, #1262, .F. ) ;
#1342 =( BOUNDED_CURVE ( )  B_SPLINE_CURVE ( 2, ( #3264, #937, #1990, #1946, #1275, #1621, #255, #2641, #611 ),
 .UNSPECIFIED., .F., .F. ) 
 B_SPLINE_CURVE_WITH_KNOTS ( ( 3, 2, 2, 2, 3 ),
 ( 0.2875000000000000300, 0.2916666666666666900, 0.2999999999999999900, 0.3083333333333333500, 0.3125000000000000600 ),
 .UNSPECIFIED. ) 
 CURVE ( )  GEOMETRIC_REPRESENTATION_ITEM ( )  RATIONAL_B_SPLINE_CURVE ( ( 0.9330127018922194100, 0.9330127018922198500, 1.000000000000000000, 0.8660254037844387100, 1.000000000000000000, 0.8660254037844387100, 1.000000000000000000, 0.9330127018922185200, 0.9330127018922194100 ) ) 
 REPRESENTATION_ITEM ( '' )  );
#1343 = EDGE_CURVE ( 'NONE', #1989, #158, #857, .T. ) ;
#1344 = DIRECTION ( 'NONE',  ( 0.0000000000000000000, -1.000000000000000000, 0.0000000000000000000 ) ) ;
#1345 = DIRECTION ( 'NONE',  ( -0.0000000000000000000, -0.0000000000000000000, 1.000000000000000000 ) ) ;
#1346 = DIRECTION ( 'NONE',  ( -0.0000000000000000000, -0.0000000000000000000, 1.000000000000000000 ) ) ;
#1347 = CARTESIAN_POINT ( 'NONE',  ( -0.5898502691896252400, -1.021650635094611300, -1.995833333333340900 ) ) ;
#1348 = ORIENTED_EDGE ( 'NONE', *, *, #2622, .F. ) ;
#1349 = CARTESIAN_POINT ( 'NONE',  ( 0.8660254037844378200, -0.5000000000000021100, 0.06666666666665953300 ) ) ;
#1350 = CARTESIAN_POINT ( 'NONE',  ( 0.7401923788646668200, 0.1983339501604553200, -0.03213672050460007100 ) ) ;
#1351 = VERTEX_POINT ( 'NONE', #704 ) ;
#1352 = CARTESIAN_POINT ( 'NONE',  ( 0.7868384425263534900, 0.1134484023626684000, 2.786838442526359900 ) ) ;
#1353 = CARTESIAN_POINT ( 'NONE',  ( -0.4273502691896246500, 0.7401923788646646000, -3.116666666666668900 ) ) ;
#1354 = ORIENTED_EDGE ( 'NONE', *, *, #3031, .T. ) ;
#1355 = CARTESIAN_POINT ( 'NONE',  ( -0.5773502691896235100, -1.000000000000004900, -0.8333333333333381400 ) ) ;
#1356 = ORIENTED_EDGE ( 'NONE', *, *, #4180, .F. ) ;
#1357 = CARTESIAN_POINT ( 'NONE',  ( -3.445518394113274900E-015, -0.7401923788646686000, -1.400000000000007200 ) ) ;
#1358 = CARTESIAN_POINT ( 'NONE',  ( 0.7453880664877651200, -0.07319474491757660400, 2.748045863692248200 ) ) ;
#1359 = CARTESIAN_POINT ( 'NONE',  ( -0.8847754037844374200, 0.5108253175473028700, -2.495833333333339300 ) ) ;
#1360 = VERTEX_POINT ( 'NONE', #1739 ) ;
#1361 = DATE_AND_TIME ( #3159, #1474 ) ;
#1362 = CARTESIAN_POINT ( 'NONE',  ( -0.5773502691896342800, 0.9999999999999821300, 2.233333333333322700 ) ) ;
#1363 = DIRECTION ( 'NONE',  ( 0.0000000000000000000, -1.000000000000000000, 0.0000000000000000000 ) ) ;
#1364 = DIRECTION ( 'NONE',  ( 0.0000000000000000000, -1.000000000000000000, 0.0000000000000000000 ) ) ;
#1365 = VERTEX_POINT ( 'NONE', #1082 ) ;
#1366 = CARTESIAN_POINT ( 'NONE',  ( -1.154700538379251000, -1.923241030815067900E-015, 2.349999999999982800 ) ) ;
#1367 = EDGE_CURVE ( 'NONE', #222, #1901, #3599, .T. ) ;
#1368 =( BOUNDED_CURVE ( )  B_SPLINE_CURVE ( 2, ( #3356, #1679, #3762, #740, #40, #1355, #2047 ),
 .UNSPECIFIED., .F., .F. ) 
 B_SPLINE_CURVE_WITH_KNOTS ( ( 3, 2, 2, 3 ),
 ( 0.2500000000000000600, 0.2583333333333334100, 0.2666666666666667200, 0.2750000000000000800 ),
 .UNSPECIFIED. ) 
 CURVE ( )  GEOMETRIC_REPRESENTATION_ITEM ( )  RATIONAL_B_SPLINE_CURVE ( ( 0.9999999999999991100, 0.8660254037844396000, 1.000000000000000000, 0.8660254037844387100, 1.000000000000000000, 0.8660254037844378200, 1.000000000000000900 ) ) 
 REPRESENTATION_ITEM ( '' )  );
#1369 = EDGE_CURVE ( 'NONE', #4116, #71, #151, .T. ) ;
#1370 = CYLINDRICAL_SURFACE ( 'NONE', #2545, 0.7401923788646666000 ) ;
#1371 = DIRECTION ( 'NONE',  ( 1.000000000000000000, 0.0000000000000000000, 0.0000000000000000000 ) ) ;
#1372 = CARTESIAN_POINT ( 'NONE',  ( -0.4273502691896246500, 0.7401923788646646000, -2.316666666666670400 ) ) ;
#1373 = ORIENTED_EDGE ( 'NONE', *, *, #3150, .F. ) ;
#1374 = FACE_OUTER_BOUND ( 'NONE', #2643, .T. ) ;
#1375 = CARTESIAN_POINT ( 'NONE',  ( -0.4273502691896308700, -0.7401923788646649300, -0.2333333333333431900 ) ) ;
#1376 = CARTESIAN_POINT ( 'NONE',  ( -0.7401923788646666000, -1.438029927920320500E-015, -1.850000000000004500 ) ) ;
#1377 = CARTESIAN_POINT ( 'NONE',  ( -0.7401923788646659300, -6.028105253403363800E-015, 2.499999999999985300 ) ) ;
#1378 = CARTESIAN_POINT ( 'NONE',  ( -0.8847754037844374200, 0.5108253175473028700, -3.295833333333337800 ) ) ;
#1379 = CARTESIAN_POINT ( 'NONE',  ( -1.185827051147542200E-016, -0.9683012701892199600, -2.731698729810782200 ) ) ;
#1380 = DIRECTION ( 'NONE',  ( -0.0000000000000000000, 6.054590893736192000E-018, 1.000000000000000000 ) ) ;
#1381 = ADVANCED_FACE ( 'NONE', ( #3178 ), #4350, .T. ) ;
#1382 = CYLINDRICAL_SURFACE ( 'NONE', #2284, 0.9999999999999993300 ) ;
#1383 = CARTESIAN_POINT ( 'NONE',  ( 0.0000000000000000000, 0.9999999999999974500, 2.249999999999983100 ) ) ;
#1384 = CARTESIAN_POINT ( 'NONE',  ( -0.8660254037844380400, 0.4999999999999978400, 0.6666666666666585300 ) ) ;
#1385 = CARTESIAN_POINT ( 'NONE',  ( 0.8847754037844380900, 0.5108253175473022000, 4.945833333333316000 ) ) ;
#1386 = AXIS2_PLACEMENT_3D ( 'NONE', #508, #1910, #2240 ) ;
#1387 = VERTEX_POINT ( 'NONE', #91 ) ;
#1388 = CARTESIAN_POINT ( 'NONE',  ( 0.0000000000000000000, 2.603474084306562500E-017, 4.299999999999999800 ) ) ;
#1389 = CARTESIAN_POINT ( 'NONE',  ( -1.224646799147352500E-016, -1.000000000000001300, 2.049999999999983400 ) ) ;
#1390 = CARTESIAN_POINT ( 'NONE',  ( -0.7401923788646664900, -1.917373237227094000E-015, -2.250000000000003600 ) ) ;
#1391 = DIRECTION ( 'NONE',  ( -0.0000000000000000000, 6.054590893736192000E-018, 1.000000000000000000 ) ) ;
#1392 = CARTESIAN_POINT ( 'NONE',  ( 0.6410254037844369500, -0.3700961894323356300, 4.266666666666647100 ) ) ;
#1393 = CARTESIAN_POINT ( 'NONE',  ( -0.7401923788646663800, 0.1983339501604582900, -1.467863279495413400 ) ) ;
#1394 = VECTOR ( 'NONE', #601, 1000.000000000000000 ) ;
#1395 = CARTESIAN_POINT ( 'NONE',  ( -0.4273502691896310400, -0.7401923788646648200, 0.2166666666666575400 ) ) ;
#1396 = CARTESIAN_POINT ( 'NONE',  ( -0.9068975715721584500, 0.06776067748824007900, -2.798238782822179500 ) ) ;
#1397 = VERTEX_POINT ( 'NONE', #455 ) ;
#1398 =( BOUNDED_CURVE ( )  B_SPLINE_CURVE ( 2, ( #3705, #960, #3316, #2985, #2660, #3330, #4014, #1994, #4356 ),
 .UNSPECIFIED., .F., .F. ) 
 B_SPLINE_CURVE_WITH_KNOTS ( ( 3, 2, 2, 2, 3 ),
 ( 0.5625000000000000000, 0.5666666666666666500, 0.5749999999999999600, 0.5833333333333333700, 0.5875000000000001300 ),
 .UNSPECIFIED. ) 
 CURVE ( )  GEOMETRIC_REPRESENTATION_ITEM ( )  RATIONAL_B_SPLINE_CURVE ( ( 0.9330127018922194100, 0.9330127018922194100, 1.000000000000000000, 0.8660254037844387100, 1.000000000000000000, 0.8660254037844387100, 1.000000000000000000, 0.9330127018922176300, 0.9330127018922194100 ) ) 
 REPRESENTATION_ITEM ( '' )  );
#1399 = ORIENTED_EDGE ( 'NONE', *, *, #494, .F. ) ;
#1400 = CARTESIAN_POINT ( 'NONE',  ( -0.6410254037844370600, 0.3700961894323314100, -0.2833333333333411500 ) ) ;
#1401 = EDGE_CURVE ( 'NONE', #2355, #2438, #201, .T. ) ;
#1402 = ADVANCED_FACE ( 'NONE', ( #482 ), #698, .T. ) ;
#1403 = CARTESIAN_POINT ( 'NONE',  ( -0.7401923788646662700, -0.1983339501604553800, 2.117863279495394200 ) ) ;
#1404 = EDGE_LOOP ( 'NONE', ( #1587, #3709, #681, #656 ) ) ;
#1405 = CARTESIAN_POINT ( 'NONE',  ( 0.0000000000000000000, 1.021650635094607700, -2.187500000000002200 ) ) ;
#1406 = CARTESIAN_POINT ( 'NONE',  ( 0.8660254037844384900, 0.4999999999999970000, -1.816666666666674900 ) ) ;
#1407 = CARTESIAN_POINT ( 'NONE',  ( -0.8847754037844375300, -0.5108253175473065300, -0.8291666666666763800 ) ) ;
#1408 = VERTEX_POINT ( 'NONE', #2128 ) ;
#1409 = CARTESIAN_POINT ( 'NONE',  ( -1.185827051147542200E-016, -0.9683012701892199600, -2.731698729810782200 ) ) ;
#1410 = CARTESIAN_POINT ( 'NONE',  ( -0.7401923788646669300, -0.1983339501604602400, -2.632136720504595100 ) ) ;
#1411 = ORIENTED_EDGE ( 'NONE', *, *, #4378, .T. ) ;
#1412 = CARTESIAN_POINT ( 'NONE',  ( 1.154700538379250800, -2.206061094475042600E-015, -0.3000000000000062100 ) ) ;
#1413 = CARTESIAN_POINT ( 'NONE',  ( 0.4273502691896251500, 0.7401923788646644900, -0.3833333333333409600 ) ) ;
#1414 = FACE_OUTER_BOUND ( 'NONE', #2583, .T. ) ;
#1415 = CARTESIAN_POINT ( 'NONE',  ( 0.6410254037844400600, 0.3700961894323263100, -0.06666666666667667200 ) ) ;
#1416 = CARTESIAN_POINT ( 'NONE',  ( 0.4273502691896162700, -0.7401923788646733700, 2.683333333333318900 ) ) ;
#1417 = VERTEX_POINT ( 'NONE', #3467 ) ;
#1418 = CARTESIAN_POINT ( 'NONE',  ( -1.179700538379250000, -1.921710222316133300E-015, -2.887500000000001100 ) ) ;
#1419 = VECTOR ( 'NONE', #2856, 1000.000000000000000 ) ;
#1420 = CARTESIAN_POINT ( 'NONE',  ( -0.5773502691896347200, -0.9999999999999859000, -2.383333333333340900 ) ) ;
#1421 = CARTESIAN_POINT ( 'NONE',  ( 0.0000000000000000000, 1.021650635094607500, -0.1625000000000115800 ) ) ;
#1422 = ORIENTED_EDGE ( 'NONE', *, *, #2082, .T. ) ;
#1423 = CARTESIAN_POINT ( 'NONE',  ( 0.4273502691896170500, -0.7401923788646730400, 1.033333333333321000 ) ) ;
#1424 =( BOUNDED_CURVE ( )  B_SPLINE_CURVE ( 2, ( #895, #3954, #1937, #927, #1964, #3301, #3284, #3970, #4306 ),
 .UNSPECIFIED., .F., .F. ) 
 B_SPLINE_CURVE_WITH_KNOTS ( ( 3, 2, 2, 2, 3 ),
 ( 0.08749999999999999400, 0.09166666666666666000, 0.1000000000000000100, 0.1083333333333333400, 0.1125000000000000200 ),
 .UNSPECIFIED. ) 
 CURVE ( )  GEOMETRIC_REPRESENTATION_ITEM ( )  RATIONAL_B_SPLINE_CURVE ( ( 0.9330127018922194100, 0.9330127018922194100, 1.000000000000000000, 0.8660254037844387100, 1.000000000000000000, 0.8660254037844387100, 1.000000000000000000, 0.9330127018922191900, 0.9330127018922194100 ) ) 
 REPRESENTATION_ITEM ( '' )  );
#1425 = CARTESIAN_POINT ( 'NONE',  ( 0.7401923788646673800, -3.137519842735244800E-015, 2.699999999999984200 ) ) ;
#1426 = LINE ( 'NONE', #2393, #410 ) ;
#1427 = CARTESIAN_POINT ( 'NONE',  ( -0.6410254037844370600, 0.3700961894323314100, -3.133333333333336400 ) ) ;
#1428 = ADVANCED_FACE ( 'NONE', ( #1434 ), #1382, .T. ) ;
#1429 = EDGE_CURVE ( 'NONE', #3564, #891, #2884, .T. ) ;
#1430 = FACE_OUTER_BOUND ( 'NONE', #2178, .T. ) ;
#1431 = CARTESIAN_POINT ( 'NONE',  ( -0.6410254037844371800, -0.3700961894323351300, -0.6166666666666738000 ) ) ;
#1432 = CARTESIAN_POINT ( 'NONE',  ( -9.064742275298788900E-017, -0.7401923788646686000, -1.400000000000007200 ) ) ;
#1433 = CARTESIAN_POINT ( 'NONE',  ( 0.7401923788646667100, -6.536499672365093000E-016, -0.1000000000000094400 ) ) ;
#1434 = FACE_OUTER_BOUND ( 'NONE', #1783, .T. ) ;
#1435 = CARTESIAN_POINT ( 'NONE',  ( -0.8847754037844375300, 0.5108253175473029800, -2.120833333333335800 ) ) ;
#1436 = CARTESIAN_POINT ( 'NONE',  ( -1.224646799147352500E-016, -1.000000000000001300, 2.849999999999981900 ) ) ;
#1437 = CARTESIAN_POINT ( 'NONE',  ( 0.5898502691896255800, 1.021650635094607100, -0.9958333333333429000 ) ) ;
#1438 = CARTESIAN_POINT ( 'NONE',  ( -0.4273502691896261500, -0.7401923788646677100, 0.9666666666666547900 ) ) ;
#1439 = DIRECTION ( 'NONE',  ( -0.0000000000000000000, -0.0000000000000000000, 1.000000000000000000 ) ) ;
#1440 = CARTESIAN_POINT ( 'NONE',  ( -9.204115257618702000E-030, 1.335120775940813400E-015, 2.814242081447964500 ) ) ;
#1441 = CARTESIAN_POINT ( 'NONE',  ( -0.6410254037844382900, -0.3700961894323330800, -1.416666666666672300 ) ) ;
#1442 = VERTEX_POINT ( 'NONE', #1844 ) ;
#1443 = CARTESIAN_POINT ( 'NONE',  ( 0.4273502691896251500, 0.7401923788646644900, -0.7833333333333403200 ) ) ;
#1444 = CARTESIAN_POINT ( 'NONE',  ( -0.6410254037844370600, 0.3700961894323314100, -1.933333333333339100 ) ) ;
#1445 = CARTESIAN_POINT ( 'NONE',  ( -1.154700538379250800, -1.923241030815067500E-015, -1.300000000000004000 ) ) ;
#1446 = FACE_OUTER_BOUND ( 'NONE', #4385, .T. ) ;
#1447 = CARTESIAN_POINT ( 'NONE',  ( -9.348922554027591500E-017, -0.7633974596215579200, -2.936602540378446100 ) ) ;
#1448 = VERTEX_POINT ( 'NONE', #2855 ) ;
#1449 = CARTESIAN_POINT ( 'NONE',  ( 1.179700538379250000, -2.210653519971845100E-015, -1.887500000000002600 ) ) ;
#1450 = CARTESIAN_POINT ( 'NONE',  ( -1.251161180115474100E-016, -1.021650635094611500, 0.03749999999998806400 ) ) ;
#1451 = AXIS2_PLACEMENT_3D ( 'NONE', #3096, #1074, #3436 ) ;
#1452 = VERTEX_POINT ( 'NONE', #105 ) ;
#1453 = EDGE_CURVE ( 'NONE', #718, #1351, #3757, .T. ) ;
#1454 = CARTESIAN_POINT ( 'NONE',  ( 0.7401923788646668200, 0.1983339501604556600, -2.082136720504597500 ) ) ;
#1455 = CARTESIAN_POINT ( 'NONE',  ( 0.7401923788646662700, -0.1983339501604617400, -2.467863279495411200 ) ) ;
#1456 = CARTESIAN_POINT ( 'NONE',  ( 0.0000000000000000000, 0.7401923788646647100, -2.800000000000003800 ) ) ;
#1457 = ORIENTED_EDGE ( 'NONE', *, *, #2458, .T. ) ;
#1458 = CARTESIAN_POINT ( 'NONE',  ( -0.6410254037844370600, 0.3700961894323314100, -1.083333333333339700 ) ) ;
#1459 = AXIS2_PLACEMENT_3D ( 'NONE', #2151, #2502, #1840 ) ;
#1460 = EDGE_LOOP ( 'NONE', ( #2493, #4086, #2089, #2571 ) ) ;
#1461 = CARTESIAN_POINT ( 'NONE',  ( -0.4273502691896246500, 0.7401923788646646000, -1.166666666666674300 ) ) ;
#1462 = CARTESIAN_POINT ( 'NONE',  ( 0.0000000000000000000, 0.9999999999999974500, -1.400000000000004100 ) ) ;
#1463 = EDGE_LOOP ( 'NONE', ( #1794, #1804, #2430, #293 ) ) ;
#1464 = CARTESIAN_POINT ( 'NONE',  ( -1.179700538379250000, -1.921710222316133300E-015, -0.08750000000000683600 ) ) ;
#1465 = DIRECTION ( 'NONE',  ( -0.0000000000000000000, 6.054590893736192000E-018, 1.000000000000000000 ) ) ;
#1466 = CARTESIAN_POINT ( 'NONE',  ( 0.8847754037844378600, 0.5108253175473020900, -1.829166666666674400 ) ) ;
#1467 = CARTESIAN_POINT ( 'NONE',  ( -0.6499999999999980200, 0.2591613964790631700, 4.241941860752903400 ) ) ;
#1468 = ORIENTED_EDGE ( 'NONE', *, *, #3240, .T. ) ;
#1469 = CARTESIAN_POINT ( 'NONE',  ( -2.719422682589636900E-016, -0.7401923788646686000, -2.550000000000003400 ) ) ;
#1470 = CARTESIAN_POINT ( 'NONE',  ( 0.4273502691896244900, -0.7401923788646687100, -2.966666666666670300 ) ) ;
#1471 = CARTESIAN_POINT ( 'NONE',  ( -0.8660254037844380400, 0.4999999999999978400, -2.533333333333334500 ) ) ;
#1472 = ORIENTED_EDGE ( 'NONE', *, *, #176, .F. ) ;
#1473 = CARTESIAN_POINT ( 'NONE',  ( -0.4273502691896141600, 0.7401923788646706000, 1.683333333333321800 ) ) ;
#1474 = LOCAL_TIME ( 15, 25, 15.00000000000000000, #3270 ) ;
#1475 = CARTESIAN_POINT ( 'NONE',  ( 0.0000000000000000000, -1.993946046730061400E-015, 3.000000000000000000 ) ) ;
#1476 = CARTESIAN_POINT ( 'NONE',  ( -0.8547005383792494200, -1.941610732802278000E-015, 1.349999999999988500 ) ) ;
#1477 = CARTESIAN_POINT ( 'NONE',  ( -0.6410254037844370600, 0.3700961894323314100, -0.7333333333333419400 ) ) ;
#1478 = VERTEX_POINT ( 'NONE', #490 ) ;
#1479 = CARTESIAN_POINT ( 'NONE',  ( 0.5773502691896216200, 1.000000000000004900, 1.366666666666657400 ) ) ;
#1480 = LINE ( 'NONE', #2101, #902 ) ;
#1481 = DIRECTION ( 'NONE',  ( 0.0000000000000000000, -1.000000000000000000, 0.0000000000000000000 ) ) ;
#1482 = CARTESIAN_POINT ( 'NONE',  ( -0.5898502691896250200, 1.021650635094607700, -0.1541666666666735300 ) ) ;
#1483 = VERTEX_POINT ( 'NONE', #2188 ) ;
#1484 =( BOUNDED_CURVE ( )  B_SPLINE_CURVE ( 2, ( #3165, #2499, #1471, #3492, #95, #426, #775 ),
 .UNSPECIFIED., .F., .F. ) 
 B_SPLINE_CURVE_WITH_KNOTS ( ( 3, 2, 2, 3 ),
 ( 0.05000000000000007900, 0.05833333333333339000, 0.06666666666666669300, 0.07499999999999999700 ),
 .UNSPECIFIED. ) 
 CURVE ( )  GEOMETRIC_REPRESENTATION_ITEM ( )  RATIONAL_B_SPLINE_CURVE ( ( 0.9999999999999986700, 0.8660254037844399300, 1.000000000000000000, 0.8660254037844387100, 1.000000000000000000, 0.8660254037844387100, 1.000000000000000000 ) ) 
 REPRESENTATION_ITEM ( '' )  );
#1485 = CARTESIAN_POINT ( 'NONE',  ( 1.224646799147352500E-016, 0.9999999999999974500, 4.299999999999999800 ) ) ;
#1486 = CARTESIAN_POINT ( 'NONE',  ( -0.8847754037844375300, -0.5108253175473065300, 0.3708333333333206900 ) ) ;
#1487 = LINE ( 'NONE', #89, #584 ) ;
#1488 = DIRECTION ( 'NONE',  ( 0.0000000000000000000, -1.000000000000000000, 0.0000000000000000000 ) ) ;
#1489 = CARTESIAN_POINT ( 'NONE',  ( -0.8660254037844380400, 0.4999999999999978400, -0.5333333333333389900 ) ) ;
#1490 = LINE ( 'NONE', #286, #3491 ) ;
#1491 = CARTESIAN_POINT ( 'NONE',  ( -0.7401923788646666000, -1.292774379645540600E-015, -2.650000000000003000 ) ) ;
#1492 = DIRECTION ( 'NONE',  ( -0.0000000000000000000, 6.054590893736192000E-018, 1.000000000000000000 ) ) ;
#1493 = EDGE_CURVE ( 'NONE', #1452, #3760, #2948, .T. ) ;
#1494 = EDGE_CURVE ( 'NONE', #983, #4174, #3337, .T. ) ;
#1495 = CARTESIAN_POINT ( 'NONE',  ( 0.9999999999999993300, 2.082964562260343200E-014, -2.699999999999999700 ) ) ;
#1496 = CARTESIAN_POINT ( 'NONE',  ( -9.064742275298788900E-017, -0.7401923788646686000, 1.449999999999987700 ) ) ;
#1497 = CIRCLE ( 'NONE', #512, 0.7401923788646666000 ) ;
#1498 = CARTESIAN_POINT ( 'NONE',  ( 0.4273502691896251500, 0.7401923788646644900, -1.633333333333340000 ) ) ;
#1499 = CARTESIAN_POINT ( 'NONE',  ( 1.154700538379250800, -2.206061094475042600E-015, -1.900000000000002600 ) ) ;
#1500 = CARTESIAN_POINT ( 'NONE',  ( -0.8847754037844376400, -0.5108253175473066500, 0.3458333333333256100 ) ) ;
#1501 = VERTEX_POINT ( 'NONE', #772 ) ;
#1502 = CARTESIAN_POINT ( 'NONE',  ( -0.8847754037844374200, 0.5108253175473028700, 2.304166666666649800 ) ) ;
#1503 = CARTESIAN_POINT ( 'NONE',  ( 0.8660254037844378200, -0.5000000000000021100, 2.066666666666655800 ) ) ;
#1504 = FACE_OUTER_BOUND ( 'NONE', #1222, .T. ) ;
#1505 = DIRECTION ( 'NONE',  ( -0.0000000000000000000, -0.0000000000000000000, 1.000000000000000000 ) ) ;
#1506 = FACE_OUTER_BOUND ( 'NONE', #3418, .T. ) ;
#1507 = CARTESIAN_POINT ( 'NONE',  ( -0.6410254037844371800, -0.3700961894323351300, 2.183333333333320200 ) ) ;
#1508 = AXIS2_PLACEMENT_3D ( 'NONE', #379, #1094, #3427 ) ;
#1509 = CARTESIAN_POINT ( 'NONE',  ( -0.8547005383792494200, -1.941610732802278000E-015, 1.299999999999986900 ) ) ;
#1510 = CARTESIAN_POINT ( 'NONE',  ( -0.5773502691896298400, 0.9999999999999897900, 1.433333333333323800 ) ) ;
#1511 = VERTEX_POINT ( 'NONE', #3846 ) ;
#1512 = CARTESIAN_POINT ( 'NONE',  ( 0.6410254037844316200, -0.3700961894323447400, 1.466666666666653500 ) ) ;
#1513 = CARTESIAN_POINT ( 'NONE',  ( 0.8847754037844373100, -0.5108253175473073100, -0.3208333333333396300 ) ) ;
#1514 = DIRECTION ( 'NONE',  ( 1.000000000000000000, 0.0000000000000000000, 0.0000000000000000000 ) ) ;
#1515 = CARTESIAN_POINT ( 'NONE',  ( -1.251161180115474100E-016, -1.021650635094611500, 2.037499999999983700 ) ) ;
#1516 = ORIENTED_EDGE ( 'NONE', *, *, #3179, .T. ) ;
#1517 = EDGE_CURVE ( 'NONE', #1959, #2369, #3132, .T. ) ;
#1518 = CARTESIAN_POINT ( 'NONE',  ( -0.6499999999999978000, -0.3752776749732566500, 4.299999999999999800 ) ) ;
#1519 = EDGE_CURVE ( 'NONE', #4054, #3426, #1655, .T. ) ;
#1520 = CARTESIAN_POINT ( 'NONE',  ( 0.6499999999999986900, 0.3752776749732553200, 3.389999999999999700 ) ) ;
#1521 = CARTESIAN_POINT ( 'NONE',  ( 0.6410254037844348400, -0.3700961894323393000, -0.9333333333333415600 ) ) ;
#1522 = ORIENTED_EDGE ( 'NONE', *, *, #2984, .T. ) ;
#1523 = CARTESIAN_POINT ( 'NONE',  ( 0.0000000000000000000, 0.9999999999999974500, -2.200000000000002000 ) ) ;
#1524 = CARTESIAN_POINT ( 'NONE',  ( -0.6410254037844370600, 0.3700961894323314100, 2.516666666666652400 ) ) ;
#1525 = CC_DESIGN_SECURITY_CLASSIFICATION ( #2962, ( #1291 ) ) ;
#1526 = CARTESIAN_POINT ( 'NONE',  ( 0.4273502691896244900, -0.7401923788646687100, 1.433333333333320200 ) ) ;
#1527 = ORIENTED_EDGE ( 'NONE', *, *, #2092, .F. ) ;
#1528 = CARTESIAN_POINT ( 'NONE',  ( -1.154700538379251000, -1.923241030815067900E-015, -0.8500000000000105200 ) ) ;
#1529 = ORIENTED_EDGE ( 'NONE', *, *, #109, .F. ) ;
#1530 = CARTESIAN_POINT ( 'NONE',  ( -1.251161180115474400E-016, -1.021650635094611700, -0.7875000000000052000 ) ) ;
#1531 = CYLINDRICAL_SURFACE ( 'NONE', #1459, 0.9999999999999993300 ) ;
#1532 = CARTESIAN_POINT ( 'NONE',  ( -0.8847754037844375300, -0.5108253175473065300, 1.570833333333318200 ) ) ;
#1533 = EDGE_LOOP ( 'NONE', ( #3322, #2978, #865, #3252, #3742, #726, #933, #836, #3858, #1590, #2085, #676, #1257, #3539, #179, #1908, #3958, #1529, #664, #3878, #3570, #2098, #2540, #1250, #174, #2480, #678, #380, #1742, #2595, #3946, #1831, #3095, #182, #971, #266, #2686, #3051, #1333, #1678, #1299, #705, #687, #3732, #2007, #2416, #466, #839, #3126, #4154, #2642, #30, #3501, #3900, #471, #3407, #341, #1561, #1693, #1242, #2219, #1738, #2317, #578, #4288 ) ) ;
#1534 = CARTESIAN_POINT ( 'NONE',  ( -0.4273502691896269900, -0.7401923788646672700, 2.566666666666651300 ) ) ;
#1535 = CARTESIAN_POINT ( 'NONE',  ( -0.7401923788646673800, 0.1983339501604579900, -1.067863279495414200 ) ) ;
#1536 = CYLINDRICAL_SURFACE ( 'NONE', #956, 0.9999999999999993300 ) ;
#1537 = CARTESIAN_POINT ( 'NONE',  ( 0.5898502691896244700, -1.021650635094611700, 4.070833333333312400 ) ) ;
#1538 = LINE ( 'NONE', #1585, #4128 ) ;
#1539 = CARTESIAN_POINT ( 'NONE',  ( -0.4273502691896246500, 0.7401923788646646000, 1.683333333333321800 ) ) ;
#1540 = CARTESIAN_POINT ( 'NONE',  ( 0.4273502691896244900, -0.7401923788646687100, 1.833333333333318600 ) ) ;
#1541 = DIRECTION ( 'NONE',  ( 1.000000000000000000, 0.0000000000000000000, 0.0000000000000000000 ) ) ;
#1542 = CYLINDRICAL_SURFACE ( 'NONE', #1080, 0.7401923788646666000 ) ;
#1543 = CARTESIAN_POINT ( 'NONE',  ( 0.0000000000000000000, 1.021650635094607700, 1.812499999999988700 ) ) ;
#1544 = CARTESIAN_POINT ( 'NONE',  ( 0.0000000000000000000, 1.021650635094607500, 0.6374999999999870800 ) ) ;
#1545 = FACE_OUTER_BOUND ( 'NONE', #15, .T. ) ;
#1546 = CARTESIAN_POINT ( 'NONE',  ( -0.7401923788646674900, -3.413505384457326600E-015, 2.149999999999987900 ) ) ;
#1547 = CARTESIAN_POINT ( 'NONE',  ( -0.6410254037844329600, 0.3700961894323385200, 1.666666666666653200 ) ) ;
#1548 = CARTESIAN_POINT ( 'NONE',  ( 0.6410254037844362900, -0.3700961894323368000, -1.283333333333339200 ) ) ;
#1549 = CARTESIAN_POINT ( 'NONE',  ( -0.5898502691896248000, 1.021650635094607500, 3.870833333333313100 ) ) ;
#1550 = CARTESIAN_POINT ( 'NONE',  ( -0.5773502691896231800, 1.000000000000001300, 1.083333333333319000 ) ) ;
#1551 = CARTESIAN_POINT ( 'NONE',  ( 0.6410254037844369500, -0.3700961894323356300, 4.716666666666648100 ) ) ;
#1552 = CARTESIAN_POINT ( 'NONE',  ( -0.6410254037844371800, -0.3700961894323351300, 0.9333333333333206900 ) ) ;
#1553 = CARTESIAN_POINT ( 'NONE',  ( 8.572527594031474400E-017, 0.6999999999999982900, -3.000000000000000000 ) ) ;
#1554 = ORIENTED_EDGE ( 'NONE', *, *, #3691, .F. ) ;
#1555 = CARTESIAN_POINT ( 'NONE',  ( -1.179700538379250000, -1.921710222316133300E-015, 1.112499999999990300 ) ) ;
#1556 = CARTESIAN_POINT ( 'NONE',  ( 0.7401923788646660500, -3.340877610319936300E-016, 1.899999999999986100 ) ) ;
#1557 = CARTESIAN_POINT ( 'NONE',  ( 0.8847754037844372000, -0.5108253175473072000, 2.504166666666649600 ) ) ;
#1558 = DIRECTION ( 'NONE',  ( -0.5000000000000000000, 0.8660254037844387100, 0.0000000000000000000 ) ) ;
#1559 = CARTESIAN_POINT ( 'NONE',  ( -0.6410254037844355100, 0.3700961894323341300, 2.116666666666652900 ) ) ;
#1560 = CARTESIAN_POINT ( 'NONE',  ( -0.7401923788646666000, -0.1983339501604603200, -2.282136720504597300 ) ) ;
#1561 = ORIENTED_EDGE ( 'NONE', *, *, #4093, .F. ) ;
#1562 = CARTESIAN_POINT ( 'NONE',  ( 0.5898502691896244700, -1.021650635094611700, 3.270833333333314800 ) ) ;
#1563 = B_SPLINE_CURVE_WITH_KNOTS ( 'NONE', 3,
 ( #1986, #2635, #1332, #2039, #290, #4043, #1021, #629 ),
 .UNSPECIFIED., .F., .F.,
 ( 4, 2, 2, 4 ),
 ( 2.544447657664674800E-007, 0.0001940764893329890100, 0.0003878985339002115500, 0.0007755426230346563600 ),
 .UNSPECIFIED. ) ;
#1564 =( BOUNDED_CURVE ( )  B_SPLINE_CURVE ( 2, ( #2839, #4229, #1489, #2903, #153, #3551, #4211 ),
 .UNSPECIFIED., .F., .F. ) 
 B_SPLINE_CURVE_WITH_KNOTS ( ( 3, 2, 2, 3 ),
 ( 0.3000000000000000400, 0.3083333333333334000, 0.3166666666666667600, 0.3250000000000001200 ),
 .UNSPECIFIED. ) 
 CURVE ( )  GEOMETRIC_REPRESENTATION_ITEM ( )  RATIONAL_B_SPLINE_CURVE ( ( 0.9999999999999991100, 0.8660254037844396000, 1.000000000000000000, 0.8660254037844387100, 1.000000000000000000, 0.8660254037844369300, 1.000000000000001800 ) ) 
 REPRESENTATION_ITEM ( '' )  );
#1565 = ADVANCED_FACE ( 'NONE', ( #3980 ), #1198, .F. ) ;
#1566 = DIRECTION ( 'NONE',  ( 0.0000000000000000000, -1.000000000000000000, 0.0000000000000000000 ) ) ;
#1567 = CARTESIAN_POINT ( 'NONE',  ( 0.4273502691896244900, -0.7401923788646687100, 4.283333333333315500 ) ) ;
#1568 = AXIS2_PLACEMENT_3D ( 'NONE', #816, #4207, #3486 ) ;
#1569 = VERTEX_POINT ( 'NONE', #894 ) ;
#1570 = CARTESIAN_POINT ( 'NONE',  ( -0.4273502691896249300, -0.7401923788646683800, 0.9666666666666546800 ) ) ;
#1571 = VERTEX_POINT ( 'NONE', #1920 ) ;
#1572 = CARTESIAN_POINT ( 'NONE',  ( 0.5898502691896256900, 1.021650635094607300, 0.9791666666666578600 ) ) ;
#1573 = CARTESIAN_POINT ( 'NONE',  ( -0.4273502691896264900, -0.7401923788646673800, 1.816666666666654000 ) ) ;
#1574 = EDGE_CURVE ( 'NONE', #3426, #1889, #2569, .T. ) ;
#1575 = DIRECTION ( 'NONE',  ( -0.0000000000000000000, 6.054590893736192000E-018, 1.000000000000000000 ) ) ;
#1576 = ORIENTED_EDGE ( 'NONE', *, *, #1900, .T. ) ;
#1577 = CARTESIAN_POINT ( 'NONE',  ( -0.5773502691896254000, 0.9999999999999976700, -0.5166666666666778200 ) ) ;
#1578 = EDGE_CURVE ( 'NONE', #1172, #88, #3808, .T. ) ;
#1579 = CARTESIAN_POINT ( 'NONE',  ( -0.7401923788646666000, -1.234672160335628800E-015, -1.500000000000006400 ) ) ;
#1580 = CARTESIAN_POINT ( 'NONE',  ( -1.224646799147352500E-016, -1.000000000000001300, -1.550000000000008700 ) ) ;
#1581 = CARTESIAN_POINT ( 'NONE',  ( -1.179700538379249800, -1.921710222316133300E-015, 3.537499999999980500 ) ) ;
#1582 = PERSON_AND_ORGANIZATION ( #1331, #4292 ) ;
#1583 = VERTEX_POINT ( 'NONE', #3894 ) ;
#1584 = SECURITY_CLASSIFICATION_LEVEL ( 'unclassified' ) ;
#1585 = CARTESIAN_POINT ( 'NONE',  ( 0.7401923788646666000, -1.993946046730061400E-015, -3.000000000000000000 ) ) ;
#1586 = CARTESIAN_POINT ( 'NONE',  ( 0.0000000000000000000, -1.993946046730061400E-015, -3.000000000000000000 ) ) ;
#1587 = ORIENTED_EDGE ( 'NONE', *, *, #127, .T. ) ;
#1588 = LINE ( 'NONE', #2214, #897 ) ;
#1589 = CARTESIAN_POINT ( 'NONE',  ( -0.8847754037844375300, 0.5108253175473029800, 0.6791666666666582600 ) ) ;
#1590 = ORIENTED_EDGE ( 'NONE', *, *, #2391, .F. ) ;
#1591 = DIRECTION ( 'NONE',  ( 0.0000000000000000000, -1.000000000000000000, 0.0000000000000000000 ) ) ;
#1592 = CIRCLE ( 'NONE', #2230, 0.9999999999999988900 ) ;
#1593 = ADVANCED_FACE ( 'NONE', ( #2187 ), #418, .T. ) ;
#1594 = DIRECTION ( 'NONE',  ( -0.0000000000000000000, 6.054590893736192000E-018, 1.000000000000000000 ) ) ;
#1595 =( BOUNDED_CURVE ( )  B_SPLINE_CURVE ( 2, ( #1953, #1248, #231, #1626, #259, #2920, #3254 ),
 .UNSPECIFIED., .F., .F. ) 
 B_SPLINE_CURVE_WITH_KNOTS ( ( 3, 2, 2, 3 ),
 ( 0.6750000000000000400, 0.6833333333333334600, 0.6916666666666667600, 0.7000000000000001800 ),
 .UNSPECIFIED. ) 
 CURVE ( )  GEOMETRIC_REPRESENTATION_ITEM ( )  RATIONAL_B_SPLINE_CURVE ( ( 1.000000000000000000, 0.8660254037844387100, 1.000000000000000000, 0.8660254037844387100, 1.000000000000000000, 0.8660254037844351500, 1.000000000000003600 ) ) 
 REPRESENTATION_ITEM ( '' )  );
#1596 = ORIENTED_EDGE ( 'NONE', *, *, #2704, .T. ) ;
#1597 = CYLINDRICAL_SURFACE ( 'NONE', #73, 1.749999999999996000 ) ;
#1598 = DIRECTION ( 'NONE',  ( -0.0000000000000000000, 6.054590893736192000E-018, 1.000000000000000000 ) ) ;
#1599 = DIRECTION ( 'NONE',  ( 1.000000000000000000, 0.0000000000000000000, 0.0000000000000000000 ) ) ;
#1600 = CARTESIAN_POINT ( 'NONE',  ( 1.179700538379249800, -2.210653519971845100E-015, 3.337499999999981300 ) ) ;
#1601 = DIRECTION ( 'NONE',  ( 1.000000000000000000, 0.0000000000000000000, 0.0000000000000000000 ) ) ;
#1602 = CARTESIAN_POINT ( 'NONE',  ( 0.6410254037844369500, -0.3700961894323356300, 3.916666666666649200 ) ) ;
#1603 = CARTESIAN_POINT ( 'NONE',  ( -0.4273502691896199400, 0.7401923788646672700, 0.4833333333333234000 ) ) ;
#1604 = LINE ( 'NONE', #1768, #2340 ) ;
#1605 = CARTESIAN_POINT ( 'NONE',  ( -0.5898502691896253500, -1.021650635094611300, 3.579166666666651500 ) ) ;
#1606 = EDGE_CURVE ( 'NONE', #2691, #737, #747, .T. ) ;
#1607 = CARTESIAN_POINT ( 'NONE',  ( -1.224646799147352500E-016, -1.000000000000001300, -0.4000000000000060200 ) ) ;
#1608 = CARTESIAN_POINT ( 'NONE',  ( -1.224646799147352500E-016, -1.000000000000001300, -1.150000000000009500 ) ) ;
#1609 = CARTESIAN_POINT ( 'NONE',  ( -1.154700538379250800, -1.923241030815067500E-015, 0.2999999999999923300 ) ) ;
#1610 = ORIENTED_EDGE ( 'NONE', *, *, #3866, .T. ) ;
#1611 = CARTESIAN_POINT ( 'NONE',  ( 0.0000000000000000000, 0.9999999999999974500, 1.449999999999984400 ) ) ;
#1612 = AXIS2_PLACEMENT_3D ( 'NONE', #434, #2166, #1481 ) ;
#1613 = CARTESIAN_POINT ( 'NONE',  ( 0.4273502691896244900, -0.7401923788646687100, 2.633333333333317300 ) ) ;
#1614 = DIRECTION ( 'NONE',  ( -0.0000000000000000000, 6.054590893736192000E-018, 1.000000000000000000 ) ) ;
#1615 = VECTOR ( 'NONE', #1439, 1000.000000000000000 ) ;
#1616 = ADVANCED_FACE ( 'NONE', ( #1545 ), #3873, .T. ) ;
#1617 = CARTESIAN_POINT ( 'NONE',  ( 0.8547005383792494200, -2.150951988513411000E-015, 4.349999999999981000 ) ) ;
#1618 = DIRECTION ( 'NONE',  ( -0.0000000000000000000, 6.054590893736192000E-018, 1.000000000000000000 ) ) ;
#1619 = VECTOR ( 'NONE', #2158, 1000.000000000000000 ) ;
#1620 = CARTESIAN_POINT ( 'NONE',  ( -0.8847754037844376400, -0.5108253175473066500, 4.745833333333315800 ) ) ;
#1621 = CARTESIAN_POINT ( 'NONE',  ( -0.4273502691896205500, 0.7401923788646669300, -0.7666666666666750500 ) ) ;
#1622 = ORIENTED_EDGE ( 'NONE', *, *, #634, .F. ) ;
#1623 = CARTESIAN_POINT ( 'NONE',  ( -0.7401923788646684900, 0.1983339501604598200, 2.132136720504579100 ) ) ;
#1624 =( BOUNDED_CURVE ( )  B_SPLINE_CURVE ( 2, ( #3812, #3844, #132, #1781, #1813 ),
 .UNSPECIFIED., .F., .F. ) 
 B_SPLINE_CURVE_WITH_KNOTS ( ( 3, 2, 3 ),
 ( 0.02996874197394151400, 0.03333333333333333300, 0.03749999999999999900 ),
 .UNSPECIFIED. ) 
 CURVE ( )  GEOMETRIC_REPRESENTATION_ITEM ( )  RATIONAL_B_SPLINE_CURVE ( ( 0.9354949502796712200, 0.9459076277434137500, 1.000000000000000000, 0.9330127018922194100, 0.9330127018922194100 ) ) 
 REPRESENTATION_ITEM ( '' )  );
#1625 = DIRECTION ( 'NONE',  ( 1.000000000000000000, 0.0000000000000000000, 0.0000000000000000000 ) ) ;
#1626 = CARTESIAN_POINT ( 'NONE',  ( 1.154700538379250800, -2.206061094475042600E-015, 2.499999999999987600 ) ) ;
#1627 = CARTESIAN_POINT ( 'NONE',  ( -9.064742275298788900E-017, -0.7401923788646686000, 3.799999999999981200 ) ) ;
#1628 = ORIENTED_EDGE ( 'NONE', *, *, #2482, .F. ) ;
#1629 = CARTESIAN_POINT ( 'NONE',  ( 0.4273502691896227700, -0.7401923788646697100, 0.2333333333333228200 ) ) ;
#1630 = CARTESIAN_POINT ( 'NONE',  ( -0.7401923788646658200, -0.1983339501604594000, -0.6821367205046002800 ) ) ;
#1631 = DIRECTION ( 'NONE',  ( -0.0000000000000000000, 6.054590893736192000E-018, 1.000000000000000000 ) ) ;
#1632 = ORIENTED_EDGE ( 'NONE', *, *, #3236, .T. ) ;
#1633 = EDGE_CURVE ( 'NONE', #2813, #1258, #644, .T. ) ;
#1634 = CARTESIAN_POINT ( 'NONE',  ( -0.8847754037844376400, -0.5108253175473066500, 3.145833333333319300 ) ) ;
#1635 = CARTESIAN_POINT ( 'NONE',  ( -0.8660254037844381500, 0.4999999999999978400, -2.083333333333340600 ) ) ;
#1636 = EDGE_LOOP ( 'NONE', ( #2371, #504, #163, #3279 ) ) ;
#1637 = ADVANCED_FACE ( 'NONE', ( #3653, #2132 ), #2541, .F. ) ;
#1638 = ORIENTED_EDGE ( 'NONE', *, *, #4233, .T. ) ;
#1639 = EDGE_CURVE ( 'NONE', #510, #4371, #4170, .T. ) ;
#1640 = CARTESIAN_POINT ( 'NONE',  ( 0.7321387128594597500, -0.1088928962872623100, 2.740192378864672000 ) ) ;
#1641 = CARTESIAN_POINT ( 'NONE',  ( 0.0000000000000000000, 0.7401923788646647100, 3.199999999999982400 ) ) ;
#1642 = ORIENTED_EDGE ( 'NONE', *, *, #1493, .F. ) ;
#1643 = CARTESIAN_POINT ( 'NONE',  ( 0.6410254037844346200, -0.3700961894323397400, 0.2666666666666559500 ) ) ;
#1644 = FACE_OUTER_BOUND ( 'NONE', #134, .T. ) ;
#1645 = CARTESIAN_POINT ( 'NONE',  ( -1.224646799147352500E-016, -1.000000000000001300, 2.449999999999982400 ) ) ;
#1646 = CARTESIAN_POINT ( 'NONE',  ( 0.0000000000000000000, 0.9999999999999974500, -2.150000000000007900 ) ) ;
#1647 = ORIENTED_EDGE ( 'NONE', *, *, #4217, .F. ) ;
#1648 = LINE ( 'NONE', #1755, #739 ) ;
#1649 = CARTESIAN_POINT ( 'NONE',  ( -0.5898502691896250200, 1.021650635094607700, 4.645833333333316200 ) ) ;
#1650 =( BOUNDED_CURVE ( )  B_SPLINE_CURVE ( 2, ( #4049, #2726, #4058, #2341, #2026, #3049, #3018, #3363, #3063 ),
 .UNSPECIFIED., .F., .T. ) 
 B_SPLINE_CURVE_WITH_KNOTS ( ( 3, 2, 2, 2, 3 ),
 ( 0.4375000000000000600, 0.4416666666666666500, 0.4500000000000000100, 0.4583333333333333100, 0.4625000000000000200 ),
 .UNSPECIFIED. ) 
 CURVE ( )  GEOMETRIC_REPRESENTATION_ITEM ( )  RATIONAL_B_SPLINE_CURVE ( ( 0.9330127018922194100, 0.9330127018922203000, 1.000000000000000000, 0.8660254037844387100, 1.000000000000000000, 0.8660254037844387100, 1.000000000000000000, 0.9330127018922189700, 0.9330127018922194100 ) ) 
 REPRESENTATION_ITEM ( '' )  );
#1651 = CARTESIAN_POINT ( 'NONE',  ( -0.8660254037844382600, -0.5000000000000014400, 0.7833333333333191200 ) ) ;
#1652 = ORIENTED_EDGE ( 'NONE', *, *, #2345, .T. ) ;
#1653 = DIRECTION ( 'NONE',  ( -0.0000000000000000000, -0.0000000000000000000, 1.000000000000000000 ) ) ;
#1654 = CARTESIAN_POINT ( 'NONE',  ( 0.6410254037844369500, -0.3700961894323356300, 3.466666666666649000 ) ) ;
#1655 = LINE ( 'NONE', #1245, #3068 ) ;
#1656 = CARTESIAN_POINT ( 'NONE',  ( -0.6499999999999980200, 0.3752776749732554300, 3.389999999999999700 ) ) ;
#1657 = ADVANCED_FACE ( 'NONE', ( #3119 ), #1975, .F. ) ;
#1658 = CARTESIAN_POINT ( 'NONE',  ( 0.0000000000000000000, -1.993946046730061400E-015, -3.000000000000000000 ) ) ;
#1659 = CARTESIAN_POINT ( 'NONE',  ( 0.7401923788646666000, -3.166570952390200700E-015, -0.5000000000000088800 ) ) ;
#1660 = CARTESIAN_POINT ( 'NONE',  ( 0.8847754037844373100, -0.5108253175473073100, 4.479166666666649200 ) ) ;
#1661 = EDGE_CURVE ( 'NONE', #1889, #2291, #3895, .T. ) ;
#1662 = EDGE_CURVE ( 'NONE', #3638, #1365, #2972, .T. ) ;
#1663 = ORIENTED_EDGE ( 'NONE', *, *, #1343, .T. ) ;
#1664 = DIRECTION ( 'NONE',  ( -1.000000000000000000, 0.0000000000000000000, 0.0000000000000000000 ) ) ;
#1665 = CARTESIAN_POINT ( 'NONE',  ( -0.7401923788646666000, -1.903298623977073300E-015, -3.000000000000000000 ) ) ;
#1666 = CARTESIAN_POINT ( 'NONE',  ( -0.5773502691896265100, 0.9999999999999953400, -1.766666666666669700 ) ) ;
#1667 = ORIENTED_EDGE ( 'NONE', *, *, #1633, .F. ) ;
#1668 = VECTOR ( 'NONE', #1631, 1000.000000000000000 ) ;
#1669 = CARTESIAN_POINT ( 'NONE',  ( 0.6410254037844345100, -0.3700961894323397900, 0.7166666666666562400 ) ) ;
#1670 = CARTESIAN_POINT ( 'NONE',  ( 0.4273502691896251500, 0.7401923788646644900, 2.366666666666651200 ) ) ;
#1671 = CARTESIAN_POINT ( 'NONE',  ( 0.0000000000000000000, -1.000000000000001300, 4.299999999999999800 ) ) ;
#1672 = EDGE_LOOP ( 'NONE', ( #4120, #1836 ) ) ;
#1673 = CARTESIAN_POINT ( 'NONE',  ( 0.0000000000000000000, -1.951563910473908000E-015, 4.299999999999999800 ) ) ;
#1674 = EDGE_LOOP ( 'NONE', ( #613, #3527, #1354, #3595 ) ) ;
#1675 = CARTESIAN_POINT ( 'NONE',  ( -0.6410254037844370600, 0.3700961894323314100, -2.283333333333336800 ) ) ;
#1676 =( BOUNDED_CURVE ( )  B_SPLINE_CURVE ( 2, ( #985, #1306, #309, #291, #3992, #4346, #2989 ),
 .UNSPECIFIED., .F., .F. ) 
 B_SPLINE_CURVE_WITH_KNOTS ( ( 3, 2, 2, 3 ),
 ( 0.7250000000000000900, 0.7333333333333333900, 0.7416666666666668100, 0.7500000000000001100 ),
 .UNSPECIFIED. ) 
 CURVE ( )  GEOMETRIC_REPRESENTATION_ITEM ( )  RATIONAL_B_SPLINE_CURVE ( ( 0.9999999999999982200, 0.8660254037844404800, 1.000000000000000000, 0.8660254037844387100, 1.000000000000000000, 0.8660254037844369300, 1.000000000000001800 ) ) 
 REPRESENTATION_ITEM ( '' )  );
#1677 = AXIS2_PLACEMENT_3D ( 'NONE', #368, #2103, #2443 ) ;
#1678 = ORIENTED_EDGE ( 'NONE', *, *, #428, .F. ) ;
#1679 = CARTESIAN_POINT ( 'NONE',  ( -0.5773502691896276200, 0.9999999999999938900, -0.9666666666666712300 ) ) ;
#1680 = DIRECTION ( 'NONE',  ( 0.0000000000000000000, -1.000000000000000000, 0.0000000000000000000 ) ) ;
#1681 = CARTESIAN_POINT ( 'NONE',  ( -0.6499999999999978000, -0.3752776749732560400, 3.389999999999999700 ) ) ;
#1682 = DIRECTION ( 'NONE',  ( -0.0000000000000000000, 6.054590893736192000E-018, 1.000000000000000000 ) ) ;
#1683 = CARTESIAN_POINT ( 'NONE',  ( -0.4273502691896249300, -0.7401923788646683800, 4.566666666666646900 ) ) ;
#1684 = ORIENTED_EDGE ( 'NONE', *, *, #3927, .F. ) ;
#1685 = CARTESIAN_POINT ( 'NONE',  ( 0.0000000000000000000, 0.9999999999999974500, 0.5999999999999917600 ) ) ;
#1686 = CARTESIAN_POINT ( 'NONE',  ( -1.224646799147352500E-016, -1.000000000000001300, 0.3999999999999921400 ) ) ;
#1687 = CARTESIAN_POINT ( 'NONE',  ( 0.5773502691896305100, 0.9999999999999893400, 1.816666666666650000 ) ) ;
#1688 = LOCAL_TIME ( 15, 25, 15.00000000000000000, #991 ) ;
#1689 = VERTEX_POINT ( 'NONE', #2313 ) ;
#1690 = CARTESIAN_POINT ( 'NONE',  ( 0.6410254037844374000, 0.3700961894323307500, -2.816666666666669100 ) ) ;
#1691 = VERTEX_POINT ( 'NONE', #3600 ) ;
#1692 = CARTESIAN_POINT ( 'NONE',  ( 0.4273502691896277100, 0.7401923788646628300, -1.233333333333340700 ) ) ;
#1693 = ORIENTED_EDGE ( 'NONE', *, *, #4061, .F. ) ;
#1694 = EDGE_CURVE ( 'NONE', #1571, #186, #3288, .T. ) ;
#1695 = CARTESIAN_POINT ( 'NONE',  ( 0.0000000000000000000, -1.993946046730061400E-015, -3.000000000000000000 ) ) ;
#1696 = CARTESIAN_POINT ( 'NONE',  ( -0.7401923788646666000, -0.1983339501604576000, 0.5678632794953981700 ) ) ;
#1697 = CARTESIAN_POINT ( 'NONE',  ( 0.5898502691896244700, -1.021650635094611700, -1.929166666666674000 ) ) ;
#1698 = ORIENTED_EDGE ( 'NONE', *, *, #3006, .T. ) ;
#1699 = CARTESIAN_POINT ( 'NONE',  ( 0.4273502691896277100, 0.7401923788646631600, -1.583333333333338800 ) ) ;
#1700 = CARTESIAN_POINT ( 'NONE',  ( 5.438845365179273800E-016, 0.7401923788646647100, -1.950000000000004400 ) ) ;
#1701 = ADVANCED_FACE ( 'NONE', ( #2244 ), #3549, .T. ) ;
#1702 = CARTESIAN_POINT ( 'NONE',  ( -0.7401923788646660500, -1.118467721715804800E-015, 1.699999999999986400 ) ) ;
#1703 =( BOUNDED_CURVE ( )  B_SPLINE_CURVE ( 2, ( #1734, #4080, #3408, #2433, #3719, #1416, #385, #1015, #2402 ),
 .UNSPECIFIED., .F., .F. ) 
 B_SPLINE_CURVE_WITH_KNOTS ( ( 3, 2, 2, 2, 3 ),
 ( 0.7125000000000001300, 0.7166666666666666700, 0.7249999999999999800, 0.7333333333333332800, 0.7363499138549457500 ),
 .UNSPECIFIED. ) 
 CURVE ( )  GEOMETRIC_REPRESENTATION_ITEM ( )  RATIONAL_B_SPLINE_CURVE ( ( 0.9330127018922194100, 0.9330127018922211900, 1.000000000000000000, 0.8660254037844387100, 1.000000000000000000, 0.8660254037844387100, 1.000000000000000000, 0.9515025811198296600, 0.9381162908338356300 ) ) 
 REPRESENTATION_ITEM ( '' )  );
#1704 = CYLINDRICAL_SURFACE ( 'NONE', #1163, 0.9999999999999993300 ) ;
#1705 = CARTESIAN_POINT ( 'NONE',  ( 0.8547005383792494200, -2.150951988513411000E-015, -2.050000000000004300 ) ) ;
#1706 = CARTESIAN_POINT ( 'NONE',  ( -0.5773502691896326100, -0.9999999999999897900, 2.016666666666650200 ) ) ;
#1707 = DIRECTION ( 'NONE',  ( 0.0000000000000000000, 0.0000000000000000000, -1.000000000000000000 ) ) ;
#1708 = CARTESIAN_POINT ( 'NONE',  ( 0.4273502691896233200, -0.7401923788646692600, -1.366666666666673800 ) ) ;
#1709 = CARTESIAN_POINT ( 'NONE',  ( -0.7401923788646672700, 0.1983339501604589300, 0.9321367205045810700 ) ) ;
#1710 = CARTESIAN_POINT ( 'NONE',  ( -0.8847754037844375300, -0.5108253175473065300, -2.429166666666673400 ) ) ;
#1711 = VERTEX_POINT ( 'NONE', #3320 ) ;
#1712 = CARTESIAN_POINT ( 'NONE',  ( -0.7401923788646666000, -1.234672160335628800E-015, -1.450000000000005100 ) ) ;
#1713 = CARTESIAN_POINT ( 'NONE',  ( -3.808108085125226800E-015, -0.7401923788646686000, -0.6000000000000089700 ) ) ;
#1714 = CYLINDRICAL_SURFACE ( 'NONE', #1677, 0.7401923788646666000 ) ;
#1715 = CARTESIAN_POINT ( 'NONE',  ( -0.5773502691896208500, 1.000000000000005300, 0.2833333333333199500 ) ) ;
#1716 = CARTESIAN_POINT ( 'NONE',  ( 0.4273502691896244900, -0.7401923788646687100, -1.716666666666671700 ) ) ;
#1717 = EDGE_CURVE ( 'NONE', #1172, #119, #312, .T. ) ;
#1718 = EDGE_CURVE ( 'NONE', #759, #2046, #4082, .T. ) ;
#1719 = CIRCLE ( 'NONE', #2743, 0.7505553499465115200 ) ;
#1720 = CARTESIAN_POINT ( 'NONE',  ( 0.5773502691896182900, -1.000000000000013300, 2.083333333333316200 ) ) ;
#1721 = DIRECTION ( 'NONE',  ( 1.000000000000000000, 0.0000000000000000000, 0.0000000000000000000 ) ) ;
#1722 = CARTESIAN_POINT ( 'NONE',  ( -0.7401923788646666000, -2.701753197910905400E-015, 0.8999999999999880300 ) ) ;
#1723 = CARTESIAN_POINT ( 'NONE',  ( 0.5898502691896244700, -1.021650635094611700, -2.329166666666673300 ) ) ;
#1724 = VERTEX_POINT ( 'NONE', #2607 ) ;
#1725 =( BOUNDED_CURVE ( )  B_SPLINE_CURVE ( 2, ( #961, #2961, #3597, #2311, #3974, #1982, #3317 ),
 .UNSPECIFIED., .F., .F. ) 
 B_SPLINE_CURVE_WITH_KNOTS ( ( 3, 2, 2, 3 ),
 ( 0.2250000000000000100, 0.2333333333333333100, 0.2416666666666667500, 0.2500000000000000600 ),
 .UNSPECIFIED. ) 
 CURVE ( )  GEOMETRIC_REPRESENTATION_ITEM ( )  RATIONAL_B_SPLINE_CURVE ( ( 0.9999999999999995600, 0.8660254037844390400, 1.000000000000000000, 0.8660254037844386000, 1.000000000000000000, 0.8660254037844377100, 1.000000000000000900 ) ) 
 REPRESENTATION_ITEM ( '' )  );
#1726 = CARTESIAN_POINT ( 'NONE',  ( -0.6410254037844388400, -0.3700961894323321900, 0.9333333333333206900 ) ) ;
#1727 = CARTESIAN_POINT ( 'NONE',  ( 0.0000000000000000000, -1.993946046730061400E-015, -3.000000000000000000 ) ) ;
#1728 = CARTESIAN_POINT ( 'NONE',  ( 0.0000000000000000000, 0.7401923788646647100, -3.200000000000003300 ) ) ;
#1729 = VERTEX_POINT ( 'NONE', #2303 ) ;
#1730 = CARTESIAN_POINT ( 'NONE',  ( -1.224646799147352500E-016, -1.000000000000001300, 0.7999999999999915000 ) ) ;
#1731 = CARTESIAN_POINT ( 'NONE',  ( 0.4273502691896244900, -0.7401923788646687100, -2.516666666666669700 ) ) ;
#1732 = ORIENTED_EDGE ( 'NONE', *, *, #1892, .T. ) ;
#1733 = DIRECTION ( 'NONE',  ( 1.000000000000000000, 0.0000000000000000000, 0.0000000000000000000 ) ) ;
#1734 = CARTESIAN_POINT ( 'NONE',  ( -0.7401923788646659300, -6.028105253403363800E-015, 2.549999999999986500 ) ) ;
#1735 = EDGE_LOOP ( 'NONE', ( #3774, #1663, #1295, #4406 ) ) ;
#1736 = CARTESIAN_POINT ( 'NONE',  ( 0.7401923788646669300, 0.1983339501604564900, -2.482136720504596500 ) ) ;
#1737 = CARTESIAN_POINT ( 'NONE',  ( -0.5898502691896248000, 1.021650635094607500, -2.929166666666672000 ) ) ;
#1738 = ORIENTED_EDGE ( 'NONE', *, *, #340, .F. ) ;
#1739 = CARTESIAN_POINT ( 'NONE',  ( -1.224646799147352500E-016, -1.000000000000001300, 0.7999999999999915000 ) ) ;
#1740 = CARTESIAN_POINT ( 'NONE',  ( -0.7401923788646674900, 1.191095495853194700E-015, 1.349999999999988100 ) ) ;
#1741 = DIRECTION ( 'NONE',  ( 1.000000000000000000, 0.0000000000000000000, 0.0000000000000000000 ) ) ;
#1742 = ORIENTED_EDGE ( 'NONE', *, *, #3552, .F. ) ;
#1743 = CARTESIAN_POINT ( 'NONE',  ( -0.8800644430093997900, -0.2870791083033547600, -2.781855098937330500 ) ) ;
#1744 = EDGE_CURVE ( 'NONE', #1895, #1442, #945, .T. ) ;
#1745 = CYLINDRICAL_SURFACE ( 'NONE', #4216, 0.7401923788646666000 ) ;
#1746 = CARTESIAN_POINT ( 'NONE',  ( 0.4273502691896281500, 0.7401923788646626000, -0.4333333333333424000 ) ) ;
#1747 = CARTESIAN_POINT ( 'NONE',  ( -0.4273502691896246500, 0.7401923788646646000, 0.4833333333333235100 ) ) ;
#1748 = EDGE_LOOP ( 'NONE', ( #2227, #2987, #2306, #2758 ) ) ;
#1749 = CARTESIAN_POINT ( 'NONE',  ( 0.4273502691896218200, -0.7401923788646701500, 2.233333333333318300 ) ) ;
#1750 = LINE ( 'NONE', #1863, #4244 ) ;
#1751 = EDGE_CURVE ( 'NONE', #1501, #2813, #414, .T. ) ;
#1752 = APPROVAL ( #884, 'UNSPECIFIED' ) ;
#1753 = CARTESIAN_POINT ( 'NONE',  ( 0.4273502691896229900, -0.7401923788646693800, -0.1666666666666765100 ) ) ;
#1754 = CARTESIAN_POINT ( 'NONE',  ( -0.8847754037844376400, -0.5108253175473066500, -2.054166666666669400 ) ) ;
#1755 = CARTESIAN_POINT ( 'NONE',  ( 0.6499999999999986900, -0.3752776749732558100, 3.389999999999999700 ) ) ;
#1756 = CARTESIAN_POINT ( 'NONE',  ( -0.8847754037844375300, -0.5108253175473065300, -1.629166666666674900 ) ) ;
#1757 = CIRCLE ( 'NONE', #3292, 0.9999999999999963400 ) ;
#1758 = CARTESIAN_POINT ( 'NONE',  ( 0.7401923788646652700, -0.1983339501604652900, 1.082136720504579100 ) ) ;
#1759 = CARTESIAN_POINT ( 'NONE',  ( 7.616216170250453500E-015, 0.7401923788646647100, 1.999999999999985300 ) ) ;
#1760 = VECTOR ( 'NONE', #2760, 1000.000000000000000 ) ;
#1761 = CARTESIAN_POINT ( 'NONE',  ( 1.154700538379251000, -2.206061094475043000E-015, 0.5499999999999869400 ) ) ;
#1762 = CARTESIAN_POINT ( 'NONE',  ( 0.0000000000000000000, 0.7401923788646647100, 0.04999999999999102400 ) ) ;
#1763 = AXIS2_PLACEMENT_3D ( 'NONE', #2672, #4040, #4015 ) ;
#1764 = CARTESIAN_POINT ( 'NONE',  ( -0.6410254037844418400, -0.3700961894323271400, 2.133333333333318600 ) ) ;
#1765 = CARTESIAN_POINT ( 'NONE',  ( 0.6499999999999986900, 0.3752776749732553200, 3.389999999999999700 ) ) ;
#1766 = ORIENTED_EDGE ( 'NONE', *, *, #955, .T. ) ;
#1767 = CARTESIAN_POINT ( 'NONE',  ( 0.5898502691896244700, -1.021650635094611700, 0.07083333333332161900 ) ) ;
#1768 = CARTESIAN_POINT ( 'NONE',  ( 0.0000000000000000000, -1.000000000000001300, 4.299999999999999800 ) ) ;
#1769 = CARTESIAN_POINT ( 'NONE',  ( 0.6410254037844431700, 0.3700961894323206400, 2.733333333333317000 ) ) ;
#1770 = VECTOR ( 'NONE', #305, 1000.000000000000000 ) ;
#1771 = DIRECTION ( 'NONE',  ( 0.0000000000000000000, 0.0000000000000000000, 1.000000000000000000 ) ) ;
#1772 = DIRECTION ( 'NONE',  ( -0.0000000000000000000, -0.0000000000000000000, 1.000000000000000000 ) ) ;
#1773 = VERTEX_POINT ( 'NONE', #1685 ) ;
#1774 = CARTESIAN_POINT ( 'NONE',  ( 0.4273502691896251500, 0.7401923788646644900, 0.8166666666666565500 ) ) ;
#1775 = AXIS2_PLACEMENT_3D ( 'NONE', #300, #4354, #3703 ) ;
#1776 = CARTESIAN_POINT ( 'NONE',  ( 0.4273502691896251500, 0.7401923788646644900, -1.233333333333340700 ) ) ;
#1777 = CARTESIAN_POINT ( 'NONE',  ( 0.7401923788646666000, -2.295037662741521500E-015, -2.900000000000003900 ) ) ;
#1778 = ORIENTED_EDGE ( 'NONE', *, *, #3302, .T. ) ;
#1779 = CARTESIAN_POINT ( 'NONE',  ( 0.8660254037844379300, -0.5000000000000021100, 2.916666666666648300 ) ) ;
#1780 = DIRECTION ( 'NONE',  ( 0.0000000000000000000, 0.0000000000000000000, 1.000000000000000000 ) ) ;
#1781 = CARTESIAN_POINT ( 'NONE',  ( 0.7401923788646664900, -0.1983339501604612600, -2.917863279495412200 ) ) ;
#1782 = CARTESIAN_POINT ( 'NONE',  ( 0.0000000000000000000, 1.021650635094607500, -1.762500000000007900 ) ) ;
#1783 = EDGE_LOOP ( 'NONE', ( #2164, #3200, #2334, #633 ) ) ;
#1784 = CARTESIAN_POINT ( 'NONE',  ( -9.792670645821896500E-015, -0.7401923788646686000, 0.9999999999999879000 ) ) ;
#1785 = CARTESIAN_POINT ( 'NONE',  ( 0.0000000000000000000, -1.993946046730061400E-015, -3.000000000000000000 ) ) ;
#1786 = B_SPLINE_CURVE_WITH_KNOTS ( 'NONE', 3,
 ( #4238, #2213, #3232, #2876, #162, #2246, #2551, #515 ),
 .UNSPECIFIED., .F., .F.,
 ( 4, 2, 2, 4 ),
 ( 2.544447657670055600E-007, 0.0001940764893329889500, 0.0003878985339002109000, 0.0007755426230346549500 ),
 .UNSPECIFIED. ) ;
#1787 = CARTESIAN_POINT ( 'NONE',  ( 5.470055265963115200E-016, -0.7505553499465118500, 3.389999999999999700 ) ) ;
#1788 = CARTESIAN_POINT ( 'NONE',  ( -0.4273502691896277100, -0.7401923788646666000, -1.383333333333339100 ) ) ;
#1789 = ORIENTED_EDGE ( 'NONE', *, *, #3300, .F. ) ;
#1790 = CARTESIAN_POINT ( 'NONE',  ( -0.4273502691896246500, 0.7401923788646646000, -0.3166666666666747000 ) ) ;
#1791 = CARTESIAN_POINT ( 'NONE',  ( 0.8547005383792494200, -2.150951988513411000E-015, -2.100000000000005400 ) ) ;
#1792 = EDGE_LOOP ( 'NONE', ( #789, #2779, #3213, #3354 ) ) ;
#1793 = CARTESIAN_POINT ( 'NONE',  ( -3.626813239619250400E-015, -0.7401923788646686000, -0.9500000000000063900 ) ) ;
#1794 = ORIENTED_EDGE ( 'NONE', *, *, #1027, .T. ) ;
#1795 = CARTESIAN_POINT ( 'NONE',  ( 1.179700538379250000, -2.210653519971845100E-015, -0.6875000000000057700 ) ) ;
#1796 = CARTESIAN_POINT ( 'NONE',  ( 0.0000000000000000000, 1.021650635094607500, 0.2374999999999877200 ) ) ;
#1797 = ORIENTED_EDGE ( 'NONE', *, *, #2956, .T. ) ;
#1798 = CARTESIAN_POINT ( 'NONE',  ( -0.7401923788646664900, -1.917373237227094000E-015, -2.250000000000003600 ) ) ;
#1799 = CARTESIAN_POINT ( 'NONE',  ( -0.8547005383792494200, -1.941610732802278000E-015, -2.700000000000004600 ) ) ;
#1800 = CARTESIAN_POINT ( 'NONE',  ( 0.0000000000000000000, 0.9999999999999974500, -0.6000000000000056400 ) ) ;
#1801 = DIRECTION ( 'NONE',  ( -0.8660254037844386000, -0.4999999999999999400, 0.0000000000000000000 ) ) ;
#1802 = EDGE_CURVE ( 'NONE', #1091, #1959, #1563, .T. ) ;
#1803 = AXIS2_PLACEMENT_3D ( 'NONE', #4000, #2997, #4393 ) ;
#1804 = ORIENTED_EDGE ( 'NONE', *, *, #4094, .T. ) ;
#1805 = EDGE_CURVE ( 'NONE', #781, #1569, #1013, .T. ) ;
#1806 = CONICAL_SURFACE ( 'NONE', #99, 0.7505553499465115200, 0.7853981633974500600 ) ;
#1807 = CARTESIAN_POINT ( 'NONE',  ( -0.6410254037844370600, 0.3700961894323314100, 0.1166666666666577200 ) ) ;
#1808 = CARTESIAN_POINT ( 'NONE',  ( 0.0000000000000000000, 0.7401923788646647100, -1.200000000000007500 ) ) ;
#1809 = FACE_OUTER_BOUND ( 'NONE', #11, .T. ) ;
#1810 = CARTESIAN_POINT ( 'NONE',  ( 0.0000000000000000000, 0.9999999999999974500, 1.849999999999983700 ) ) ;
#1811 = CARTESIAN_POINT ( 'NONE',  ( 0.8847754037844373100, -0.5108253175473073100, 0.4791666666666585800 ) ) ;
#1812 =( BOUNDED_SURFACE ( )  B_SPLINE_SURFACE ( 1, 2, ( 
 ( #2418, #2123, #2461, #1418, #3070, #376, #420, #3782, #3763, #360, #2787, #769, #1046, #2436, #2745, #58, #727, #2770, #3465, #1063, #404, #3421, #756, #3113, #1405, #3449, #1435, #3796, #1754, #4144, #3125, #3811, #4114, #1449, #4081, #2095, #2062, #6, #41, #2403, #2733, #713, #3843, #4192, #801, #2184, #1132, #3546, #3158, #3499, #831, #4225, #2803, #3193, #470, #2168, #1824, #2524, #844, #1165, #1178, #2152, #3204, #87, #116, #2492, #1530, #4161, #2503, #1795, #2864, #3175, #785, #3140, #1119, #2137, #451, #3857, #2852, #3530, #1513, #2819, #148, #2833, #815, #1482, #2473, #1464, #437, #2536, #486, #3876, #3484, #501, #1148, #3514, #1856, #2198, #101, #3825, #1500, #1842, #4206, #131, #1811, #4176, #3606, #4258, #3935, #3223, #1589, #3233, #218, #1932, #183, #2273, #875, #1917, #2912, #1572, #861, #3950, #2579, #1555, #4286, #2554, #2259, #2598, #2232, #4300, #229, #889, #2879, #1194, #2611, #3250, #3573, #166, #577, #2942, #3560, #2247, #2564, #1227, #1543, #563, #3281, #3906, #3590, #1886, #198, #548, #534, #2928, #908, #3262, #2897, #922, #1256, #3618, #1212, #1243, #3890, #3924, #1874, #4240, #1903, #2216, #517, #4272, #3646, #3995, #609, #1988, #951, #3352, #2971, #3311, #635, #4023, #2624, #2991, #267, #1976, #1634, #2329, #647, #974, #988, #1961, #3005, #4314, #4336, #2307, #1326, #3964, #2318, #1605, #2679, #2982, #595, #2953, #936, #1945, #254, #3660, #2667, #3338, #1310, #2640, #4363, #2655, #622, #1283, #2294, #1274, #239, #2342, #280, #3675, #3296, #295, #966, #3323, #1660, #2003, #4325, #3629, #1296, #1649, #4010, #4351, #1620, #3981, #3406, #4050, #3730, #3019, #1385, #3033, #2 ),
 ( #337, #1353, #2702, #3745, #4405, #2073, #17, #3688, #4095, #660, #1690, #711, #3080, #2713, #3388, #2368, #677, #2398, #3364, #1731, #1004, #1026, #1059, #1338, #2415, #1372, #1675, #3417, #371, #2742, #4035, #2018, #2045, #1705, #696, #2690, #2059, #3050, #4375, #722, #4059, #2354, #355, #1716, #2383, #3064, #4076, #313, #1012, #3377, #3702, #2727, #2027, #1043, #3715, #4390, #322, #398, #3777, #2118, #4123, #67, #1458, #1116, #3136, #3152, #1128, #2469, #1102, #1087, #3460, #1443, #97, #416, #2429, #2456, #1431, #4155, #3094, #1073, #3806, #382, #431, #1413, #2752, #1790, #1400, #2781, #2814, #2134, #2148, #3444, #2767, #764, #2796, #778, #1762, #752, #1807, #3122, #4171, #2486, #84, #736, #3478, #3821, #3759, #446, #796, #1747, #3108, #4109, #2091, #3790, #38, #2105, #53, #3433, #2445, #1774, #4140, #1188, #1160, #3230, #3495, #2500, #2873, #2892, #142, #3525, #2517, #3556, #4219, #1882, #4253, #1476, #3902, #463, #1496, #511, #871, #2531, #3199, #2180, #497, #1539, #2560, #2826, #840, #3837, #811, #2225, #1173, #1819, #4189, #178, #530, #2161, #113, #1850, #1507, #2860, #3169, #1868, #3541, #1142, #3509, #3871, #3852, #160, #1524, #2191, #854, #3885, #1834, #2846, #825, #4201, #4235, #3219, #2209, #3186, #2549, #124, #481, #3586, #1930, #3932, #4297, #1270, #932, #2951, #2966, #947, #2289, #919, #905, #3278, #1253, #4321, #228, #2243, #2270, #1240, #3960, #2909, #885, #3616, #193, #236, #1224, #2575, #1602, #1205, #2608, #2637, #1941, #1957, #3259, #2593, #574, #2620, #592, #1567, #559, #1617, #2939, #3977, #2304, #4311, #543, #3291, #3627, #3569, #251, #606, #1551, #214, #3919, #1898, #3603 ) ),
 .UNSPECIFIED., .F., .F., .F. ) 
 B_SPLINE_SURFACE_WITH_KNOTS ( ( 2, 2 ),
 ( 3, 2, 2, 2, 2, 2, 2, 2, 2, 2, 2, 2, 2, 2, 2, 2, 2, 2, 2, 2, 2, 2, 2, 2, 2, 2, 2, 2, 2, 2, 2, 2, 2, 2, 2, 2, 2, 2, 2, 2, 2, 2, 2, 2, 2, 2, 2, 2, 2, 2, 2, 2, 2, 2, 2, 2, 2, 2, 2, 2, 2, 2, 2, 2, 2, 2, 2, 2, 2, 2, 2, 2, 2, 2, 2, 2, 2, 2, 2, 2, 2, 2, 2, 2, 2, 2, 2, 2, 2, 2, 2, 2, 2, 2, 2, 2, 2, 2, 2, 2, 2, 2, 2, 2, 2, 2, 2, 2, 2, 2, 2, 2, 2, 2, 2, 2, 2, 2, 2, 2, 3 ),
 ( 0.0000000000000000000, 1.000000000000000000 ),
 ( 0.0000000000000000000, 0.008333333333333333200, 0.01666666666666666600, 0.02500000000000000100, 0.03333333333333333300, 0.04166666666666666400, 0.05000000000000000300, 0.05833333333333333400, 0.06666666666666666600, 0.07499999999999999700, 0.08333333333333332900, 0.09166666666666666000, 0.1000000000000000100, 0.1083333333333333400, 0.1166666666666666700, 0.1250000000000000000, 0.1333333333333333300, 0.1416666666666666600, 0.1499999999999999900, 0.1583333333333333300, 0.1666666666666666600, 0.1749999999999999900, 0.1833333333333333200, 0.1916666666666666800, 0.2000000000000000100, 0.2083333333333333400, 0.2166666666666666700, 0.2250000000000000100, 0.2333333333333333400, 0.2416666666666666700, 0.2500000000000000000, 0.2583333333333333600, 0.2666666666666666600, 0.2750000000000000200, 0.2833333333333333300, 0.2916666666666666900, 0.2999999999999999900, 0.3083333333333333500, 0.3166666666666666500, 0.3250000000000000100, 0.3333333333333333100, 0.3416666666666666700, 0.3499999999999999800, 0.3583333333333333400, 0.3666666666666666400, 0.3750000000000000000, 0.3833333333333333600, 0.3916666666666666600, 0.4000000000000000200, 0.4083333333333333300, 0.4166666666666666900, 0.4249999999999999900, 0.4333333333333333500, 0.4416666666666666500, 0.4500000000000000100, 0.4583333333333333100, 0.4666666666666666700, 0.4749999999999999800, 0.4833333333333333400, 0.4916666666666666400, 0.5000000000000000000, 0.5083333333333333000, 0.5166666666666667200, 0.5250000000000000200, 0.5333333333333333300, 0.5416666666666666300, 0.5500000000000000400, 0.5583333333333333500, 0.5666666666666666500, 0.5749999999999999600, 0.5833333333333333700, 0.5916666666666666700, 0.5999999999999999800, 0.6083333333333332800, 0.6166666666666667000, 0.6250000000000000000, 0.6333333333333333000, 0.6416666666666667200, 0.6500000000000000200, 0.6583333333333333300, 0.6666666666666666300, 0.6750000000000000400, 0.6833333333333333500, 0.6916666666666666500, 0.6999999999999999600, 0.7083333333333333700, 0.7166666666666666700, 0.7249999999999999800, 0.7333333333333332800, 0.7416666666666667000, 0.7500000000000000000, 0.7583333333333333000, 0.7666666666666667200, 0.7750000000000000200, 0.7833333333333333300, 0.7916666666666666300, 0.8000000000000000400, 0.8083333333333333500, 0.8166666666666666500, 0.8249999999999999600, 0.8333333333333333700, 0.8416666666666666700, 0.8499999999999999800, 0.8583333333333332800, 0.8666666666666667000, 0.8750000000000000000, 0.8833333333333333000, 0.8916666666666667200, 0.9000000000000000200, 0.9083333333333333300, 0.9166666666666666300, 0.9250000000000000400, 0.9333333333333333500, 0.9416666666666666500, 0.9499999999999999600, 0.9583333333333333700, 0.9666666666666666700, 0.9749999999999999800, 0.9833333333333332800, 0.9916666666666667000, 1.000000000000000000 ),
 .UNSPECIFIED. ) 
 GEOMETRIC_REPRESENTATION_ITEM ( )  RATIONAL_B_SPLINE_SURFACE ( (
 ( 1.000000000000000000, 0.8660254037844387100, 1.000000000000000000, 0.8660254037844387100, 1.000000000000000000, 0.8660254037844387100, 1.000000000000000000, 0.8660254037844387100, 1.000000000000000000, 0.8660254037844387100, 1.000000000000000000, 0.8660254037844387100, 1.000000000000000000, 0.8660254037844387100, 1.000000000000000000, 0.8660254037844387100, 1.000000000000000000, 0.8660254037844387100, 1.000000000000000000, 0.8660254037844387100, 1.000000000000000000, 0.8660254037844387100, 1.000000000000000000, 0.8660254037844387100, 1.000000000000000000, 0.8660254037844387100, 1.000000000000000000, 0.8660254037844387100, 1.000000000000000000, 0.8660254037844387100, 1.000000000000000000, 0.8660254037844387100, 1.000000000000000000, 0.8660254037844387100, 1.000000000000000000, 0.8660254037844387100, 1.000000000000000000, 0.8660254037844387100, 1.000000000000000000, 0.8660254037844387100, 1.000000000000000000, 0.8660254037844387100, 1.000000000000000000, 0.8660254037844387100, 1.000000000000000000, 0.8660254037844387100, 1.000000000000000000, 0.8660254037844387100, 1.000000000000000000, 0.8660254037844387100, 1.000000000000000000, 0.8660254037844387100, 1.000000000000000000, 0.8660254037844387100, 1.000000000000000000, 0.8660254037844387100, 1.000000000000000000, 0.8660254037844387100, 1.000000000000000000, 0.8660254037844387100, 1.000000000000000000, 0.8660254037844387100, 1.000000000000000000, 0.8660254037844387100, 1.000000000000000000, 0.8660254037844387100, 1.000000000000000000, 0.8660254037844387100, 1.000000000000000000, 0.8660254037844387100, 1.000000000000000000, 0.8660254037844387100, 1.000000000000000000, 0.8660254037844387100, 1.000000000000000000, 0.8660254037844387100, 1.000000000000000000, 0.8660254037844387100, 1.000000000000000000, 0.8660254037844387100, 1.000000000000000000, 0.8660254037844387100, 1.000000000000000000, 0.8660254037844387100, 1.000000000000000000, 0.8660254037844387100, 1.000000000000000000, 0.8660254037844387100, 1.000000000000000000, 0.8660254037844387100, 1.000000000000000000, 0.8660254037844387100, 1.000000000000000000, 0.8660254037844387100, 1.000000000000000000, 0.8660254037844387100, 1.000000000000000000, 0.8660254037844387100, 1.000000000000000000, 0.8660254037844387100, 1.000000000000000000, 0.8660254037844387100, 1.000000000000000000, 0.8660254037844387100, 1.000000000000000000, 0.8660254037844387100, 1.000000000000000000, 0.8660254037844387100, 1.000000000000000000, 0.8660254037844387100, 1.000000000000000000, 0.8660254037844387100, 1.000000000000000000, 0.8660254037844387100, 1.000000000000000000, 0.8660254037844387100, 1.000000000000000000, 0.8660254037844387100, 1.000000000000000000, 0.8660254037844387100, 1.000000000000000000, 0.8660254037844387100, 1.000000000000000000, 0.8660254037844387100, 1.000000000000000000, 0.8660254037844387100, 1.000000000000000000, 0.8660254037844387100, 1.000000000000000000, 0.8660254037844387100, 1.000000000000000000, 0.8660254037844387100, 1.000000000000000000, 0.8660254037844387100, 1.000000000000000000, 0.8660254037844387100, 1.000000000000000000, 0.8660254037844387100, 1.000000000000000000, 0.8660254037844387100, 1.000000000000000000, 0.8660254037844387100, 1.000000000000000000, 0.8660254037844387100, 1.000000000000000000, 0.8660254037844387100, 1.000000000000000000, 0.8660254037844387100, 1.000000000000000000, 0.8660254037844387100, 1.000000000000000000, 0.8660254037844387100, 1.000000000000000000, 0.8660254037844387100, 1.000000000000000000, 0.8660254037844387100, 1.000000000000000000, 0.8660254037844387100, 1.000000000000000000, 0.8660254037844387100, 1.000000000000000000, 0.8660254037844387100, 1.000000000000000000, 0.8660254037844387100, 1.000000000000000000, 0.8660254037844387100, 1.000000000000000000, 0.8660254037844387100, 1.000000000000000000, 0.8660254037844387100, 1.000000000000000000, 0.8660254037844387100, 1.000000000000000000, 0.8660254037844387100, 1.000000000000000000, 0.8660254037844387100, 1.000000000000000000, 0.8660254037844387100, 1.000000000000000000, 0.8660254037844387100, 1.000000000000000000, 0.8660254037844387100, 1.000000000000000000, 0.8660254037844387100, 1.000000000000000000, 0.8660254037844387100, 1.000000000000000000, 0.8660254037844387100, 1.000000000000000000, 0.8660254037844387100, 1.000000000000000000, 0.8660254037844387100, 1.000000000000000000, 0.8660254037844387100, 1.000000000000000000, 0.8660254037844387100, 1.000000000000000000, 0.8660254037844387100, 1.000000000000000000, 0.8660254037844387100, 1.000000000000000000, 0.8660254037844387100, 1.000000000000000000, 0.8660254037844387100, 1.000000000000000000, 0.8660254037844387100, 1.000000000000000000, 0.8660254037844387100, 1.000000000000000000, 0.8660254037844387100, 1.000000000000000000, 0.8660254037844387100, 1.000000000000000000, 0.8660254037844387100, 1.000000000000000000, 0.8660254037844387100, 1.000000000000000000, 0.8660254037844387100, 1.000000000000000000, 0.8660254037844387100, 1.000000000000000000, 0.8660254037844387100, 1.000000000000000000, 0.8660254037844387100, 1.000000000000000000, 0.8660254037844387100, 1.000000000000000000, 0.8660254037844387100, 1.000000000000000000, 0.8660254037844387100, 1.000000000000000000, 0.8660254037844387100, 1.000000000000000000, 0.8660254037844387100, 1.000000000000000000, 0.8660254037844387100, 1.000000000000000000, 0.8660254037844387100, 1.000000000000000000, 0.8660254037844387100, 1.000000000000000000),
 ( 1.000000000000000000, 0.8660254037844387100, 1.000000000000000000, 0.8660254037844387100, 1.000000000000000000, 0.8660254037844387100, 1.000000000000000000, 0.8660254037844387100, 1.000000000000000000, 0.8660254037844387100, 1.000000000000000000, 0.8660254037844387100, 1.000000000000000000, 0.8660254037844387100, 1.000000000000000000, 0.8660254037844387100, 1.000000000000000000, 0.8660254037844387100, 1.000000000000000000, 0.8660254037844387100, 1.000000000000000000, 0.8660254037844387100, 1.000000000000000000, 0.8660254037844387100, 1.000000000000000000, 0.8660254037844387100, 1.000000000000000000, 0.8660254037844387100, 1.000000000000000000, 0.8660254037844387100, 1.000000000000000000, 0.8660254037844387100, 1.000000000000000000, 0.8660254037844387100, 1.000000000000000000, 0.8660254037844387100, 1.000000000000000000, 0.8660254037844387100, 1.000000000000000000, 0.8660254037844387100, 1.000000000000000000, 0.8660254037844387100, 1.000000000000000000, 0.8660254037844387100, 1.000000000000000000, 0.8660254037844387100, 1.000000000000000000, 0.8660254037844387100, 1.000000000000000000, 0.8660254037844387100, 1.000000000000000000, 0.8660254037844387100, 1.000000000000000000, 0.8660254037844387100, 1.000000000000000000, 0.8660254037844387100, 1.000000000000000000, 0.8660254037844387100, 1.000000000000000000, 0.8660254037844387100, 1.000000000000000000, 0.8660254037844387100, 1.000000000000000000, 0.8660254037844387100, 1.000000000000000000, 0.8660254037844387100, 1.000000000000000000, 0.8660254037844387100, 1.000000000000000000, 0.8660254037844387100, 1.000000000000000000, 0.8660254037844387100, 1.000000000000000000, 0.8660254037844387100, 1.000000000000000000, 0.8660254037844387100, 1.000000000000000000, 0.8660254037844387100, 1.000000000000000000, 0.8660254037844387100, 1.000000000000000000, 0.8660254037844387100, 1.000000000000000000, 0.8660254037844387100, 1.000000000000000000, 0.8660254037844387100, 1.000000000000000000, 0.8660254037844387100, 1.000000000000000000, 0.8660254037844387100, 1.000000000000000000, 0.8660254037844387100, 1.000000000000000000, 0.8660254037844387100, 1.000000000000000000, 0.8660254037844387100, 1.000000000000000000, 0.8660254037844387100, 1.000000000000000000, 0.8660254037844387100, 1.000000000000000000, 0.8660254037844387100, 1.000000000000000000, 0.8660254037844387100, 1.000000000000000000, 0.8660254037844387100, 1.000000000000000000, 0.8660254037844387100, 1.000000000000000000, 0.8660254037844387100, 1.000000000000000000, 0.8660254037844387100, 1.000000000000000000, 0.8660254037844387100, 1.000000000000000000, 0.8660254037844387100, 1.000000000000000000, 0.8660254037844387100, 1.000000000000000000, 0.8660254037844387100, 1.000000000000000000, 0.8660254037844387100, 1.000000000000000000, 0.8660254037844387100, 1.000000000000000000, 0.8660254037844387100, 1.000000000000000000, 0.8660254037844387100, 1.000000000000000000, 0.8660254037844387100, 1.000000000000000000, 0.8660254037844387100, 1.000000000000000000, 0.8660254037844387100, 1.000000000000000000, 0.8660254037844387100, 1.000000000000000000, 0.8660254037844387100, 1.000000000000000000, 0.8660254037844387100, 1.000000000000000000, 0.8660254037844387100, 1.000000000000000000, 0.8660254037844387100, 1.000000000000000000, 0.8660254037844387100, 1.000000000000000000, 0.8660254037844387100, 1.000000000000000000, 0.8660254037844387100, 1.000000000000000000, 0.8660254037844387100, 1.000000000000000000, 0.8660254037844387100, 1.000000000000000000, 0.8660254037844387100, 1.000000000000000000, 0.8660254037844387100, 1.000000000000000000, 0.8660254037844387100, 1.000000000000000000, 0.8660254037844387100, 1.000000000000000000, 0.8660254037844387100, 1.000000000000000000, 0.8660254037844387100, 1.000000000000000000, 0.8660254037844387100, 1.000000000000000000, 0.8660254037844387100, 1.000000000000000000, 0.8660254037844387100, 1.000000000000000000, 0.8660254037844387100, 1.000000000000000000, 0.8660254037844387100, 1.000000000000000000, 0.8660254037844387100, 1.000000000000000000, 0.8660254037844387100, 1.000000000000000000, 0.8660254037844387100, 1.000000000000000000, 0.8660254037844387100, 1.000000000000000000, 0.8660254037844387100, 1.000000000000000000, 0.8660254037844387100, 1.000000000000000000, 0.8660254037844387100, 1.000000000000000000, 0.8660254037844387100, 1.000000000000000000, 0.8660254037844387100, 1.000000000000000000, 0.8660254037844387100, 1.000000000000000000, 0.8660254037844387100, 1.000000000000000000, 0.8660254037844387100, 1.000000000000000000, 0.8660254037844387100, 1.000000000000000000, 0.8660254037844387100, 1.000000000000000000, 0.8660254037844387100, 1.000000000000000000, 0.8660254037844387100, 1.000000000000000000, 0.8660254037844387100, 1.000000000000000000, 0.8660254037844387100, 1.000000000000000000, 0.8660254037844387100, 1.000000000000000000, 0.8660254037844387100, 1.000000000000000000, 0.8660254037844387100, 1.000000000000000000, 0.8660254037844387100, 1.000000000000000000, 0.8660254037844387100, 1.000000000000000000, 0.8660254037844387100, 1.000000000000000000, 0.8660254037844387100, 1.000000000000000000, 0.8660254037844387100, 1.000000000000000000, 0.8660254037844387100, 1.000000000000000000, 0.8660254037844387100, 1.000000000000000000, 0.8660254037844387100, 1.000000000000000000, 0.8660254037844387100, 1.000000000000000000, 0.8660254037844387100, 1.000000000000000000, 0.8660254037844387100, 1.000000000000000000) ) ) 
 REPRESENTATION_ITEM ( '' )  SURFACE ( )  );
#1813 = CARTESIAN_POINT ( 'NONE',  ( 0.7401923788646666000, -2.295037662741521500E-015, -2.900000000000003900 ) ) ;
#1814 = CARTESIAN_POINT ( 'NONE',  ( -0.5898502691896248000, 1.021650635094607500, -1.329166666666675500 ) ) ;
#1815 = DIRECTION ( 'NONE',  ( -0.0000000000000000000, 6.054590893736192000E-018, 1.000000000000000000 ) ) ;
#1816 = CARTESIAN_POINT ( 'NONE',  ( -9.064742275298788900E-017, -0.7401923788646686000, -3.000000000000003600 ) ) ;
#1817 = ORIENTED_EDGE ( 'NONE', *, *, #2320, .F. ) ;
#1818 = DIRECTION ( 'NONE',  ( -0.0000000000000000000, 6.054590893736192000E-018, 1.000000000000000000 ) ) ;
#1819 = CARTESIAN_POINT ( 'NONE',  ( 0.8547005383792494200, -2.150951988513411000E-015, 1.949999999999987300 ) ) ;
#1820 = AXIS2_PLACEMENT_3D ( 'NONE', #3104, #1380, #3754 ) ;
#1821 = CARTESIAN_POINT ( 'NONE',  ( -0.6410254037844371800, -0.3700961894323351300, -1.066666666666674400 ) ) ;
#1822 = VECTOR ( 'NONE', #311, 1000.000000000000000 ) ;
#1823 = CARTESIAN_POINT ( 'NONE',  ( -0.7401923788646666000, -3.616863152042018100E-015, -1.050000000000005800 ) ) ;
#1824 = CARTESIAN_POINT ( 'NONE',  ( 0.8847754037844373100, -0.5108253175473073100, -1.120833333333338000 ) ) ;
#1825 = CARTESIAN_POINT ( 'NONE',  ( -0.5898502691896248000, 1.021650635094607500, 1.470833333333318800 ) ) ;
#1826 = VECTOR ( 'NONE', #1924, 1000.000000000000000 ) ;
#1827 = EDGE_CURVE ( 'NONE', #2127, #3157, #1497, .T. ) ;
#1828 = DIRECTION ( 'NONE',  ( 1.000000000000000000, 0.0000000000000000000, 0.0000000000000000000 ) ) ;
#1829 = CARTESIAN_POINT ( 'NONE',  ( 0.6410254037844404000, 0.3700961894323255800, 1.533333333333319700 ) ) ;
#1830 = CARTESIAN_POINT ( 'NONE',  ( 0.0000000000000000000, -1.951563910473908000E-015, 4.299999999999999800 ) ) ;
#1831 = ORIENTED_EDGE ( 'NONE', *, *, #3951, .T. ) ;
#1832 = CARTESIAN_POINT ( 'NONE',  ( 2.538127837083661000E-015, 0.7401923788646647100, 2.449999999999986000 ) ) ;
#1833 = CARTESIAN_POINT ( 'NONE',  ( 0.5678004395647348000, -0.6706586631537291300, -2.828972192324841200 ) ) ;
#1834 = CARTESIAN_POINT ( 'NONE',  ( -9.064742275298788900E-017, -0.7401923788646686000, 2.649999999999985700 ) ) ;
#1835 = AXIS2_PLACEMENT_3D ( 'NONE', #2417, #2731, #2755 ) ;
#1836 = ORIENTED_EDGE ( 'NONE', *, *, #2934, .F. ) ;
#1837 = CARTESIAN_POINT ( 'NONE',  ( 0.6410254037844369500, -0.3700961894323356300, -1.333333333333340600 ) ) ;
#1838 =( BOUNDED_CURVE ( )  B_SPLINE_CURVE ( 2, ( #939, #614, #2973, #3940, #3238, #1577, #1217 ),
 .UNSPECIFIED., .F., .F. ) 
 B_SPLINE_CURVE_WITH_KNOTS ( ( 3, 2, 2, 3 ),
 ( 0.6250000000000000000, 0.6333333333333333000, 0.6416666666666666100, 0.6500000000000000200 ),
 .UNSPECIFIED. ) 
 CURVE ( )  GEOMETRIC_REPRESENTATION_ITEM ( )  RATIONAL_B_SPLINE_CURVE ( ( 1.000000000000000000, 0.8660254037844386000, 1.000000000000000000, 0.8660254037844386000, 1.000000000000000000, 0.8660254037844386000, 1.000000000000000000 ) ) 
 REPRESENTATION_ITEM ( '' )  );
#1839 = CARTESIAN_POINT ( 'NONE',  ( -0.6499999999999989100, 0.3752776749732548700, 4.299999999999999800 ) ) ;
#1840 = DIRECTION ( 'NONE',  ( 0.0000000000000000000, -1.000000000000000000, 0.0000000000000000000 ) ) ;
#1841 = ORIENTED_EDGE ( 'NONE', *, *, #2868, .F. ) ;
#1842 = CARTESIAN_POINT ( 'NONE',  ( -0.5898502691896253500, -1.021650635094611300, 0.3791666666666587700 ) ) ;
#1843 = CARTESIAN_POINT ( 'NONE',  ( -0.5898502691896252400, -1.021650635094611300, 0.8041666666666534800 ) ) ;
#1844 = CARTESIAN_POINT ( 'NONE',  ( -1.224646799147352500E-016, -1.000000000000001300, -0.3500000000000111900 ) ) ;
#1845 = ORIENTED_EDGE ( 'NONE', *, *, #2482, .T. ) ;
#1846 = ORIENTED_EDGE ( 'NONE', *, *, #390, .F. ) ;
#1847 = CARTESIAN_POINT ( 'NONE',  ( 0.0000000000000000000, 0.9999999999999974500, -0.2000000000000063700 ) ) ;
#1848 = AXIS2_PLACEMENT_3D ( 'NONE', #2221, #3553, #175 ) ;
#1849 = VECTOR ( 'NONE', #3382, 1000.000000000000000 ) ;
#1850 = CARTESIAN_POINT ( 'NONE',  ( -0.8547005383792494200, -1.941610732802278000E-015, 2.149999999999987000 ) ) ;
#1851 = CARTESIAN_POINT ( 'NONE',  ( -9.064742275298788900E-017, -0.7401923788646686000, -0.2000000000000096400 ) ) ;
#1852 = ORIENTED_EDGE ( 'NONE', *, *, #3658, .T. ) ;
#1853 = CARTESIAN_POINT ( 'NONE',  ( 0.8660254037844378200, -0.5000000000000021100, 1.666666666666656300 ) ) ;
#1854 = AXIS2_PLACEMENT_3D ( 'NONE', #688, #970, #1601 ) ;
#1855 = CARTESIAN_POINT ( 'NONE',  ( -0.4273502691896315900, -0.7401923788646644900, 1.366666666666653600 ) ) ;
#1856 = CARTESIAN_POINT ( 'NONE',  ( 0.0000000000000000000, 1.021650635094607700, 0.2124999999999922000 ) ) ;
#1857 = ORIENTED_EDGE ( 'NONE', *, *, #3773, .T. ) ;
#1858 = EDGE_CURVE ( 'NONE', #2547, #737, #888, .T. ) ;
#1859 = CARTESIAN_POINT ( 'NONE',  ( 0.8847754037844378600, 0.5108253175473020900, 0.9708333333333192300 ) ) ;
#1860 = CARTESIAN_POINT ( 'NONE',  ( 1.316172156826743800E-016, 0.7505553499465110700, 3.389999999999999700 ) ) ;
#1861 = CARTESIAN_POINT ( 'NONE',  ( -0.9999999999999952300, -1.993946046730061400E-015, 3.000000000000000000 ) ) ;
#1862 = VECTOR ( 'NONE', #1280, 1000.000000000000000 ) ;
#1863 = CARTESIAN_POINT ( 'NONE',  ( 0.0000000000000000000, -1.000000000000001300, 4.299999999999999800 ) ) ;
#1864 = CARTESIAN_POINT ( 'NONE',  ( -1.154700538379250800, -1.923241030815067500E-015, -0.1000000000000065700 ) ) ;
#1865 = EDGE_CURVE ( 'NONE', #887, #1583, #3239, .T. ) ;
#1866 = AXIS2_PLACEMENT_3D ( 'NONE', #1681, #4037, #4383 ) ;
#1867 = CARTESIAN_POINT ( 'NONE',  ( -0.5773502691896164100, 1.000000000000013100, -0.9166666666666778400 ) ) ;
#1868 = CARTESIAN_POINT ( 'NONE',  ( 0.4273502691896244900, -0.7401923788646687100, 2.283333333333319400 ) ) ;
#1869 = VECTOR ( 'NONE', #963, 1000.000000000000000 ) ;
#1870 = CARTESIAN_POINT ( 'NONE',  ( 0.8547005383792494200, -2.150951988513411000E-015, 1.499999999999986700 ) ) ;
#1871 = CARTESIAN_POINT ( 'NONE',  ( 0.7401923788646660500, -1.307299934473018500E-016, 1.549999999999988900 ) ) ;
#1872 =( BOUNDED_CURVE ( )  B_SPLINE_CURVE ( 2, ( #3071, #2419, #2757, #728, #1357, #1708, #2716, #741, #4083 ),
 .UNSPECIFIED., .F., .F. ) 
 B_SPLINE_CURVE_WITH_KNOTS ( ( 3, 2, 2, 2, 3 ),
 ( 0.2125000000000000200, 0.2166666666666666700, 0.2250000000000000100, 0.2333333333333333400, 0.2375000000000000200 ),
 .UNSPECIFIED. ) 
 CURVE ( )  GEOMETRIC_REPRESENTATION_ITEM ( )  RATIONAL_B_SPLINE_CURVE ( ( 0.9330127018922194100, 0.9330127018922196300, 1.000000000000000000, 0.8660254037844387100, 1.000000000000000000, 0.8660254037844387100, 1.000000000000000000, 0.9330127018922191900, 0.9330127018922194100 ) ) 
 REPRESENTATION_ITEM ( '' )  );
#1873 = CARTESIAN_POINT ( 'NONE',  ( 0.7401923788646669300, 0.1983339501604548000, 1.167863279495396700 ) ) ;
#1874 = CARTESIAN_POINT ( 'NONE',  ( 0.8847754037844373100, -0.5108253175473073100, 2.479166666666653600 ) ) ;
#1875 = ORIENTED_EDGE ( 'NONE', *, *, #1494, .T. ) ;
#1876 = CARTESIAN_POINT ( 'NONE',  ( -1.251161180115474100E-016, -1.021650635094611500, 1.237499999999985200 ) ) ;
#1877 = DIRECTION ( 'NONE',  ( -0.0000000000000000000, 6.054590893736192000E-018, 1.000000000000000000 ) ) ;
#1878 = EDGE_LOOP ( 'NONE', ( #1647, #4294, #3349, #443, #830, #952 ) ) ;
#1879 = CARTESIAN_POINT ( 'NONE',  ( -0.7416779666263536600, -0.4586894265244930700, 2.863977858716995500 ) ) ;
#1880 = CARTESIAN_POINT ( 'NONE',  ( -0.5898502691896248000, 1.021650635094607500, 3.470833333333313700 ) ) ;
#1881 = CARTESIAN_POINT ( 'NONE',  ( 1.224646799147352500E-016, 0.9999999999999974500, 4.299999999999999800 ) ) ;
#1882 = CARTESIAN_POINT ( 'NONE',  ( -0.4273502691896246500, 0.7401923788646646000, 1.283333333333322100 ) ) ;
#1883 = CARTESIAN_POINT ( 'NONE',  ( 0.4273502691896244900, -0.7401923788646687100, 0.2333333333333228200 ) ) ;
#1884 = ORIENTED_EDGE ( 'NONE', *, *, #109, .T. ) ;
#1885 = CARTESIAN_POINT ( 'NONE',  ( -0.6410254037844417300, -0.3700961894323274700, 1.333333333333320200 ) ) ;
#1886 = CARTESIAN_POINT ( 'NONE',  ( -0.5898502691896253500, -1.021650635094611300, 1.979166666666655000 ) ) ;
#1887 = CARTESIAN_POINT ( 'NONE',  ( -0.7401923788646660500, -1.118467721715804800E-015, 1.749999999999988200 ) ) ;
#1888 = CARTESIAN_POINT ( 'NONE',  ( -0.8847754037844375300, -0.5108253175473065300, 2.770833333333315300 ) ) ;
#1889 = VERTEX_POINT ( 'NONE', #984 ) ;
#1890 = EDGE_CURVE ( 'NONE', #277, #4298, #1168, .T. ) ;
#1891 = CARTESIAN_POINT ( 'NONE',  ( 0.6410254037844382900, 0.3700961894323290300, -1.216666666666672800 ) ) ;
#1892 = EDGE_CURVE ( 'NONE', #730, #3091, #1277, .T. ) ;
#1893 = CARTESIAN_POINT ( 'NONE',  ( -0.4273502691896253800, -0.7401923788646681500, -1.033333333333341400 ) ) ;
#1894 = CARTESIAN_POINT ( 'NONE',  ( 0.6499999999999986900, 0.2591494144896042700, 4.241935869758174600 ) ) ;
#1895 = VERTEX_POINT ( 'NONE', #2363 ) ;
#1896 =( BOUNDED_CURVE ( )  B_SPLINE_CURVE ( 2, ( #359, #1706, #1076, #3781, #2183, #419, #1810 ),
 .UNSPECIFIED., .F., .F. ) 
 B_SPLINE_CURVE_WITH_KNOTS ( ( 3, 2, 2, 3 ),
 ( 0.3250000000000001200, 0.3333333333333335400, 0.3416666666666667900, 0.3500000000000000900 ),
 .UNSPECIFIED. ) 
 CURVE ( )  GEOMETRIC_REPRESENTATION_ITEM ( )  RATIONAL_B_SPLINE_CURVE ( ( 0.9999999999999973400, 0.8660254037844412600, 1.000000000000000000, 0.8660254037844386000, 1.000000000000000000, 0.8660254037844368200, 1.000000000000001800 ) ) 
 REPRESENTATION_ITEM ( '' )  );
#1897 = CARTESIAN_POINT ( 'NONE',  ( 1.154700538379250800, -2.206061094475042600E-015, 0.4999999999999920100 ) ) ;
#1898 = CARTESIAN_POINT ( 'NONE',  ( 0.4273502691896251500, 0.7401923788646644900, 4.816666666666648700 ) ) ;
#1899 = CARTESIAN_POINT ( 'NONE',  ( 0.8547005383792494200, -2.150951988513411000E-015, 0.6999999999999884100 ) ) ;
#1900 = EDGE_CURVE ( 'NONE', #3105, #2773, #2747, .T. ) ;
#1901 = VERTEX_POINT ( 'NONE', #3344 ) ;
#1902 = CARTESIAN_POINT ( 'NONE',  ( 0.4273502691896231000, -0.7401923788646693800, -0.5166666666666743800 ) ) ;
#1903 = CARTESIAN_POINT ( 'NONE',  ( 0.8847754037844380900, 0.5108253175473022000, 2.545833333333321000 ) ) ;
#1904 = CARTESIAN_POINT ( 'NONE',  ( 0.5773502691896216200, 1.000000000000004900, 0.9666666666666586800 ) ) ;
#1905 = EDGE_LOOP ( 'NONE', ( #599, #3533, #240, #3971 ) ) ;
#1906 = CARTESIAN_POINT ( 'NONE',  ( 0.5898502691896255800, 1.021650635094607100, 2.604166666666649600 ) ) ;
#1907 = ADVANCED_FACE ( 'NONE', ( #4079 ), #1919, .T. ) ;
#1908 = ORIENTED_EDGE ( 'NONE', *, *, #2704, .F. ) ;
#1909 = CARTESIAN_POINT ( 'NONE',  ( 0.4273502691896277100, 0.7401923788646631600, -1.633333333333340000 ) ) ;
#1910 = DIRECTION ( 'NONE',  ( -0.0000000000000000000, -0.0000000000000000000, 1.000000000000000000 ) ) ;
#1911 = CARTESIAN_POINT ( 'NONE',  ( 0.8847754037844378600, 0.5108253175473020900, 3.370833333333314000 ) ) ;
#1912 = B_SPLINE_CURVE_WITH_KNOTS ( 'NONE', 3,
 ( #3234, #2601, #1214, #2853, #200, #168, #3925, #833, #1166, #3531 ),
 .UNSPECIFIED., .F., .F.,
 ( 4, 2, 2, 2, 4 ),
 ( 2.140063767180194200E-017, 0.0004939155050076927200, 0.0009878310100153641800, 0.001481746515023035700, 0.001975662020030706700 ),
 .UNSPECIFIED. ) ;
#1913 = EDGE_LOOP ( 'NONE', ( #1992, #3888, #2057, #4158 ) ) ;
#1914 = LINE ( 'NONE', #4317, #528 ) ;
#1915 = APPLICATION_CONTEXT ( 'configuration controlled 3d designs of mechanical parts and assemblies' ) ;
#1916 = CARTESIAN_POINT ( 'NONE',  ( 0.6410254037844374000, 0.3700961894323307500, 0.7333333333333219600 ) ) ;
#1917 = CARTESIAN_POINT ( 'NONE',  ( 1.179700538379250000, -2.210653519971845100E-015, 0.9124999999999909800 ) ) ;
#1918 = CARTESIAN_POINT ( 'NONE',  ( -0.7401923788646662700, -0.1983339501604582900, 1.717863279495394300 ) ) ;
#1919 = CYLINDRICAL_SURFACE ( 'NONE', #1854, 0.7401923788646666000 ) ;
#1920 = CARTESIAN_POINT ( 'NONE',  ( -1.224646799147352500E-016, -1.000000000000001300, 1.599999999999989200 ) ) ;
#1921 =( BOUNDED_CURVE ( )  B_SPLINE_CURVE ( 2, ( #2086, #3118, #1097, #1395, #3741, #3786, #3454, #13, #1054 ),
 .UNSPECIFIED., .F., .F. ) 
 B_SPLINE_CURVE_WITH_KNOTS ( ( 3, 2, 2, 2, 3 ),
 ( 0.4125000000000000300, 0.4166666666666666900, 0.4249999999999999900, 0.4333333333333333500, 0.4375000000000000600 ),
 .UNSPECIFIED. ) 
 CURVE ( )  GEOMETRIC_REPRESENTATION_ITEM ( )  RATIONAL_B_SPLINE_CURVE ( ( 0.9330127018922194100, 0.9330127018922198500, 1.000000000000000000, 0.8660254037844387100, 1.000000000000000000, 0.8660254037844387100, 1.000000000000000000, 0.9330127018922185200, 0.9330127018922194100 ) ) 
 REPRESENTATION_ITEM ( '' )  );
#1922 = CARTESIAN_POINT ( 'NONE',  ( 0.0000000000000000000, 0.9999999999999974500, -2.600000000000000500 ) ) ;
#1923 = CARTESIAN_POINT ( 'NONE',  ( 0.0000000000000000000, -1.993946046730061400E-015, -3.000000000000000000 ) ) ;
#1924 = DIRECTION ( 'NONE',  ( -0.0000000000000000000, -0.0000000000000000000, 1.000000000000000000 ) ) ;
#1925 = AXIS2_PLACEMENT_3D ( 'NONE', #3198, #1818, #4188 ) ;
#1926 = CARTESIAN_POINT ( 'NONE',  ( 0.6499999999999986900, 2.603474075589764800E-017, 4.199444650053488100 ) ) ;
#1927 = CARTESIAN_POINT ( 'NONE',  ( -0.4273502691896310400, -0.7401923788646648200, 0.1666666666666561100 ) ) ;
#1928 = ADVANCED_FACE ( 'NONE', ( #2701 ), #1542, .T. ) ;
#1929 = PERSON_AND_ORGANIZATION_ROLE ( 'classification_officer' ) ;
#1930 = CARTESIAN_POINT ( 'NONE',  ( -9.064742275298788900E-017, -0.7401923788646686000, 3.049999999999985200 ) ) ;
#1931 = VERTEX_POINT ( 'NONE', #1686 ) ;
#1932 = CARTESIAN_POINT ( 'NONE',  ( -0.5898502691896253500, -1.021650635094611300, 0.7791666666666580100 ) ) ;
#1933 = CARTESIAN_POINT ( 'NONE',  ( 0.0000000000000000000, 0.9999999999999973400, -2.150000000000007900 ) ) ;
#1934 = FACE_OUTER_BOUND ( 'NONE', #2603, .T. ) ;
#1935 = CARTESIAN_POINT ( 'NONE',  ( 0.0000000000000000000, 0.9999999999999974500, -1.350000000000009000 ) ) ;
#1936 = ORIENTED_EDGE ( 'NONE', *, *, #4304, .T. ) ;
#1937 = CARTESIAN_POINT ( 'NONE',  ( 0.6410254037844375100, 0.3700961894323306400, -2.416666666666670100 ) ) ;
#1938 = LINE ( 'NONE', #4329, #1023 ) ;
#1939 = CARTESIAN_POINT ( 'NONE',  ( 0.8847754037844372000, -0.5108253175473072000, 3.304166666666648000 ) ) ;
#1940 = CARTESIAN_POINT ( 'NONE',  ( -0.5773502691896257300, -1.000000000000001100, 1.966666666666655500 ) ) ;
#1941 = CARTESIAN_POINT ( 'NONE',  ( 0.0000000000000000000, 0.7401923788646647100, 4.049999999999982100 ) ) ;
#1942 = CARTESIAN_POINT ( 'NONE',  ( -1.224646799147352500E-016, -1.000000000000001300, -6.738994128355213500E-015 ) ) ;
#1943 = EDGE_CURVE ( 'NONE', #356, #389, #1676, .T. ) ;
#1944 = EDGE_LOOP ( 'NONE', ( #1652, #1778, #2215, #1348 ) ) ;
#1945 = CARTESIAN_POINT ( 'NONE',  ( 0.5898502691896256900, 1.021650635094607300, 3.779166666666651700 ) ) ;
#1946 = CARTESIAN_POINT ( 'NONE',  ( 0.4273502691896278700, 0.7401923788646628300, -0.8333333333333417000 ) ) ;
#1947 = ADVANCED_FACE ( 'NONE', ( #2072 ), #2651, .T. ) ;
#1948 = EDGE_CURVE ( 'NONE', #457, #3464, #4347, .T. ) ;
#1949 = VERTEX_POINT ( 'NONE', #3001 ) ;
#1950 = CARTESIAN_POINT ( 'NONE',  ( -0.8660254037844381500, -0.5000000000000014400, 0.3333333333333258800 ) ) ;
#1951 =( BOUNDED_CURVE ( )  B_SPLINE_CURVE ( 2, ( #549, #1918, #1195, #149, #3561, #1179, #184, #2538, #1556 ),
 .UNSPECIFIED., .F., .F. ) 
 B_SPLINE_CURVE_WITH_KNOTS ( ( 3, 2, 2, 2, 3 ),
 ( 0.6125000000000000400, 0.6166666666666667000, 0.6250000000000000000, 0.6333333333333333000, 0.6375000000000000700 ),
 .UNSPECIFIED. ) 
 CURVE ( )  GEOMETRIC_REPRESENTATION_ITEM ( )  RATIONAL_B_SPLINE_CURVE ( ( 0.9330127018922194100, 0.9330127018922203000, 1.000000000000000000, 0.8660254037844387100, 1.000000000000000000, 0.8660254037844387100, 1.000000000000000000, 0.9330127018922185200, 0.9330127018922194100 ) ) 
 REPRESENTATION_ITEM ( '' )  );
#1952 = EDGE_CURVE ( 'NONE', #1294, #1417, #146, .T. ) ;
#1953 = CARTESIAN_POINT ( 'NONE',  ( -1.224646799147352500E-016, -1.000000000000001300, 2.399999999999987500 ) ) ;
#1954 = CARTESIAN_POINT ( 'NONE',  ( -0.4273502691896249300, -0.7401923788646683800, 2.566666666666651300 ) ) ;
#1955 = ORIENTED_EDGE ( 'NONE', *, *, #3523, .T. ) ;
#1956 = CARTESIAN_POINT ( 'NONE',  ( 0.7401923788646667100, -8.424821799937230700E-016, 0.2999999999999895000 ) ) ;
#1957 = CARTESIAN_POINT ( 'NONE',  ( -0.4273502691896246500, 0.7401923788646646000, 4.083333333333316200 ) ) ;
#1958 = CARTESIAN_POINT ( 'NONE',  ( 0.0000000000000000000, -1.000000000000001300, 4.299999999999999800 ) ) ;
#1959 = VERTEX_POINT ( 'NONE', #1972 ) ;
#1960 = FACE_OUTER_BOUND ( 'NONE', #2790, .T. ) ;
#1961 = CARTESIAN_POINT ( 'NONE',  ( 1.179700538379250000, -2.210653519971845100E-015, 3.312499999999985800 ) ) ;
#1962 = ORIENTED_EDGE ( 'NONE', *, *, #1088, .T. ) ;
#1963 = FACE_OUTER_BOUND ( 'NONE', #3249, .T. ) ;
#1964 = CARTESIAN_POINT ( 'NONE',  ( 3.625896910119515600E-016, 0.7401923788646647100, -2.350000000000003600 ) ) ;
#1965 = ORIENTED_EDGE ( 'NONE', *, *, #2399, .T. ) ;
#1966 = VECTOR ( 'NONE', #753, 1000.000000000000000 ) ;
#1967 = CARTESIAN_POINT ( 'NONE',  ( -0.5773502691896208500, 1.000000000000005300, 1.483333333333318300 ) ) ;
#1968 = DIRECTION ( 'NONE',  ( -0.0000000000000000000, -0.0000000000000000000, 1.000000000000000000 ) ) ;
#1969 = CARTESIAN_POINT ( 'NONE',  ( 0.6410254037844369500, -0.3700961894323356300, 3.866666666666647600 ) ) ;
#1970 = AXIS2_PLACEMENT_3D ( 'NONE', #3073, #391, #1828 ) ;
#1971 = ADVANCED_FACE ( 'NONE', ( #4303 ), #3604, .T. ) ;
#1972 = CARTESIAN_POINT ( 'NONE',  ( 0.6499999999999986900, -0.3752776749732551500, 4.299999999999999800 ) ) ;
#1973 = CYLINDRICAL_SURFACE ( 'NONE', #859, 0.9999999999999993300 ) ;
#1974 = CARTESIAN_POINT ( 'NONE',  ( 0.8660254037844386000, 0.4999999999999970000, -1.066666666666671300 ) ) ;
#1975 = CONICAL_SURFACE ( 'NONE', #915, 0.7505553499465115200, 0.7853981633974500600 ) ;
#1976 = CARTESIAN_POINT ( 'NONE',  ( -1.179700538379250000, -1.921710222316133300E-015, 3.112499999999986500 ) ) ;
#1977 = EDGE_CURVE ( 'NONE', #3461, #3799, #4312, .T. ) ;
#1978 = CARTESIAN_POINT ( 'NONE',  ( -0.5773502691896279500, -0.9999999999999974500, 0.8166666666666531100 ) ) ;
#1979 = CARTESIAN_POINT ( 'NONE',  ( -0.7401923788646673800, 0.1983339501604579900, -1.117863279495416000 ) ) ;
#1980 = ORIENTED_EDGE ( 'NONE', *, *, #2426, .F. ) ;
#1981 = DIRECTION ( 'NONE',  ( 1.000000000000000000, 0.0000000000000000000, 0.0000000000000000000 ) ) ;
#1982 = CARTESIAN_POINT ( 'NONE',  ( -0.5773502691896231800, 1.000000000000001300, 2.683333333333315400 ) ) ;
#1983 = EDGE_CURVE ( 'NONE', #277, #1452, #3385, .T. ) ;
#1984 = PRODUCT_RELATED_PRODUCT_CATEGORY ( 'detail', '', ( #4344 ) ) ;
#1985 = CARTESIAN_POINT ( 'NONE',  ( -0.4273502691896246500, 0.7401923788646646000, 2.433333333333318000 ) ) ;
#1986 = CARTESIAN_POINT ( 'NONE',  ( -2.710505431213761100E-016, -0.7505553499465117400, 4.299999999999999800 ) ) ;
#1987 = VERTEX_POINT ( 'NONE', #264 ) ;
#1988 = CARTESIAN_POINT ( 'NONE',  ( -0.5898502691896253500, -1.021650635094611300, 2.779166666666653500 ) ) ;
#1989 = VERTEX_POINT ( 'NONE', #2687 ) ;
#1990 = CARTESIAN_POINT ( 'NONE',  ( 0.6410254037844397300, 0.3700961894323265800, -0.8666666666666749100 ) ) ;
#1991 = ADVANCED_FACE ( 'NONE', ( #2659 ), #94, .T. ) ;
#1992 = ORIENTED_EDGE ( 'NONE', *, *, #2955, .T. ) ;
#1993 = CARTESIAN_POINT ( 'NONE',  ( 0.8609356282053934900, 0.5056790581328458600, 2.989918254434312600 ) ) ;
#1994 = CARTESIAN_POINT ( 'NONE',  ( 0.7401923788646663800, -0.1983339501604658200, 1.532136720504580400 ) ) ;
#1995 = CARTESIAN_POINT ( 'NONE',  ( 0.7401923788646666000, -1.016788837923458900E-015, 0.7499999999999902300 ) ) ;
#1996 = CARTESIAN_POINT ( 'NONE',  ( -0.4273502691896249300, -0.7401923788646683800, 4.166666666666647400 ) ) ;
#1997 = ORIENTED_EDGE ( 'NONE', *, *, #494, .T. ) ;
#1998 = CARTESIAN_POINT ( 'NONE',  ( -1.224646799147352500E-016, -1.000000000000001300, -6.738994128355213500E-015 ) ) ;
#1999 = CARTESIAN_POINT ( 'NONE',  ( 0.0000000000000000000, 0.9999999999999974500, 2.649999999999982100 ) ) ;
#2000 = CARTESIAN_POINT ( 'NONE',  ( 0.8660254037844379300, -0.5000000000000021100, 1.716666666666651200 ) ) ;
#2001 = ORIENTED_EDGE ( 'NONE', *, *, #634, .T. ) ;
#2002 = CARTESIAN_POINT ( 'NONE',  ( 0.0000000000000000000, 2.603474084306562500E-017, 4.299999999999999800 ) ) ;
#2003 = CARTESIAN_POINT ( 'NONE',  ( 1.179700538379250000, -2.210653519971845100E-015, 4.512499999999982400 ) ) ;
#2004 = CARTESIAN_POINT ( 'NONE',  ( 0.7401923788646668200, 0.1983339501604553200, -0.08213672050460151000 ) ) ;
#2005 = ORIENTED_EDGE ( 'NONE', *, *, #2780, .F. ) ;
#2006 =( BOUNDED_CURVE ( )  B_SPLINE_CURVE ( 2, ( #1887, #4273, #4260, #1573, #2865, #862, #2248, #3936, #3891 ),
 .UNSPECIFIED., .F., .F. ) 
 B_SPLINE_CURVE_WITH_KNOTS ( ( 3, 2, 2, 2, 3 ),
 ( 0.6125000000000000400, 0.6166666666666667000, 0.6250000000000000000, 0.6333333333333333000, 0.6375000000000000700 ),
 .UNSPECIFIED. ) 
 CURVE ( )  GEOMETRIC_REPRESENTATION_ITEM ( )  RATIONAL_B_SPLINE_CURVE ( ( 0.9330127018922194100, 0.9330127018922203000, 1.000000000000000000, 0.8660254037844387100, 1.000000000000000000, 0.8660254037844387100, 1.000000000000000000, 0.9330127018922185200, 0.9330127018922194100 ) ) 
 REPRESENTATION_ITEM ( '' )  );
#2007 = ORIENTED_EDGE ( 'NONE', *, *, #3610, .F. ) ;
#2008 = DIRECTION ( 'NONE',  ( -0.0000000000000000000, 6.054590893736192000E-018, 1.000000000000000000 ) ) ;
#2009 = CARTESIAN_POINT ( 'NONE',  ( 0.0000000000000000000, 0.9999999999999974500, -1.800000000000002900 ) ) ;
#2010 = CARTESIAN_POINT ( 'NONE',  ( 0.0000000000000000000, -1.993946046730061400E-015, -3.000000000000000000 ) ) ;
#2011 = CARTESIAN_POINT ( 'NONE',  ( -0.6410254037844370600, 0.3700961894323314100, 2.866666666666650300 ) ) ;
#2012 = ORIENTED_EDGE ( 'NONE', *, *, #868, .F. ) ;
#2013 = DIRECTION ( 'NONE',  ( -1.000000000000000000, 0.0000000000000000000, 0.0000000000000000000 ) ) ;
#2014 = LINE ( 'NONE', #45, #3536 ) ;
#2015 = ORIENTED_EDGE ( 'NONE', *, *, #2508, .T. ) ;
#2016 = CIRCLE ( 'NONE', #1226, 0.9999999999999963400 ) ;
#2017 = CARTESIAN_POINT ( 'NONE',  ( 0.5773502691896260600, 0.9999999999999972200, -2.583333333333340100 ) ) ;
#2018 = CARTESIAN_POINT ( 'NONE',  ( 0.4273502691896244900, -0.7401923788646687100, -2.116666666666670700 ) ) ;
#2019 = CARTESIAN_POINT ( 'NONE',  ( 0.7905867044970545900, 0.6176604562379705000, 2.994624665684270300 ) ) ;
#2020 = CARTESIAN_POINT ( 'NONE',  ( -0.4273502691896197700, 0.7401923788646676000, 0.8833333333333226500 ) ) ;
#2021 = CARTESIAN_POINT ( 'NONE',  ( -1.251161180115474100E-016, -1.021650635094611500, -2.762500000000006000 ) ) ;
#2023 = CYLINDRICAL_SURFACE ( 'NONE', #1508, 0.7401923788646666000 ) ;
#2022 = AXIS2_PLACEMENT_3D ( 'NONE', #3383, #1707, #2335 ) ;
#2024 = CARTESIAN_POINT ( 'NONE',  ( -0.8660254037844380400, 0.4999999999999978400, -2.133333333333335500 ) ) ;
#2025 =( BOUNDED_CURVE ( )  B_SPLINE_CURVE ( 2, ( #4316, #2958, #2615, #3594, #581, #598, #1559, #1623, #244 ),
 .UNSPECIFIED., .F., .F. ) 
 B_SPLINE_CURVE_WITH_KNOTS ( ( 3, 2, 2, 2, 3 ),
 ( 0.6375000000000000700, 0.6416666666666667200, 0.6500000000000000200, 0.6583333333333333300, 0.6625000000000000900 ),
 .UNSPECIFIED. ) 
 CURVE ( )  GEOMETRIC_REPRESENTATION_ITEM ( )  RATIONAL_B_SPLINE_CURVE ( ( 0.9330127018922194100, 0.9330127018922203000, 1.000000000000000000, 0.8660254037844387100, 1.000000000000000000, 0.8660254037844387100, 1.000000000000000000, 0.9330127018922176300, 0.9330127018922194100 ) ) 
 REPRESENTATION_ITEM ( '' )  );
#2026 = CARTESIAN_POINT ( 'NONE',  ( 6.891036788226549800E-015, 0.7401923788646647100, 0.3999999999999889200 ) ) ;
#2027 = CARTESIAN_POINT ( 'NONE',  ( -0.6410254037844371800, -0.3700961894323351300, -1.416666666666672300 ) ) ;
#2028 = EDGE_CURVE ( 'NONE', #1478, #2427, #3431, .T. ) ;
#2029 = AXIS2_PLACEMENT_3D ( 'NONE', #1923, #2281, #2267 ) ;
#2030 = EDGE_CURVE ( 'NONE', #3267, #3522, #3867, .T. ) ;
#2031 = ORIENTED_EDGE ( 'NONE', *, *, #3380, .T. ) ;
#2032 = CARTESIAN_POINT ( 'NONE',  ( 0.0000000000000000000, -1.993946046730061400E-015, 3.000000000000000000 ) ) ;
#2033 = CARTESIAN_POINT ( 'NONE',  ( -0.5773502691896235100, -1.000000000000004900, -1.633333333333336200 ) ) ;
#2034 = ORIENTED_EDGE ( 'NONE', *, *, #2082, .F. ) ;
#2035 = LINE ( 'NONE', #2305, #1668 ) ;
#2036 = PLANE ( 'NONE',  #3883 ) ;
#2037 = CARTESIAN_POINT ( 'NONE',  ( 0.0000000000000000000, 1.021650635094607500, -2.162500000000007200 ) ) ;
#2038 = ORIENTED_EDGE ( 'NONE', *, *, #4326, .F. ) ;
#2039 = CARTESIAN_POINT ( 'NONE',  ( 0.2102927697931095700, -0.6291427626978282100, 4.210128554084009900 ) ) ;
#2040 = CARTESIAN_POINT ( 'NONE',  ( 0.7401923788646663800, 0.1983339501604560200, -1.632136720504596700 ) ) ;
#2041 = DIRECTION ( 'NONE',  ( -0.0000000000000000000, 6.054590893736192000E-018, 1.000000000000000000 ) ) ;
#2042 = VECTOR ( 'NONE', #899, 1000.000000000000000 ) ;
#2043 = CARTESIAN_POINT ( 'NONE',  ( -0.7401923788646666000, -1.292774379645540600E-015, -2.650000000000003500 ) ) ;
#2044 = AXIS2_PLACEMENT_3D ( 'NONE', #3376, #3674, #710 ) ;
#2045 = CARTESIAN_POINT ( 'NONE',  ( 0.6410254037844369500, -0.3700961894323356300, -2.083333333333337000 ) ) ;
#2046 = VERTEX_POINT ( 'NONE', #3307 ) ;
#2047 = CARTESIAN_POINT ( 'NONE',  ( -1.224646799147352500E-016, -1.000000000000001300, -0.8000000000000049300 ) ) ;
#2048 = DIRECTION ( 'NONE',  ( 1.000000000000000000, -0.0000000000000000000, 0.0000000000000000000 ) ) ;
#2049 = CARTESIAN_POINT ( 'NONE',  ( -0.6410254037844357300, 0.3700961894323336900, 0.9166666666666558600 ) ) ;
#2050 = CARTESIAN_POINT ( 'NONE',  ( 0.4273502691896244900, -0.7401923788646687100, 4.233333333333313900 ) ) ;
#2051 =( BOUNDED_CURVE ( )  B_SPLINE_CURVE ( 2, ( #4411, #1033, #2406, #2717, #361, #3030, #2412, #3062, #2043 ),
 .UNSPECIFIED., .F., .F. ) 
 B_SPLINE_CURVE_WITH_KNOTS ( ( 3, 2, 2, 2, 3 ),
 ( 0.03749999999999999900, 0.04166666666666666400, 0.05000000000000000300, 0.05833333333333333400, 0.06250000000000000000 ),
 .UNSPECIFIED. ) 
 CURVE ( )  GEOMETRIC_REPRESENTATION_ITEM ( )  RATIONAL_B_SPLINE_CURVE ( ( 0.9330127018922194100, 0.9330127018922194100, 1.000000000000000000, 0.8660254037844387100, 1.000000000000000000, 0.8660254037844387100, 1.000000000000000000, 0.9330127018922194100, 0.9330127018922194100 ) ) 
 REPRESENTATION_ITEM ( '' )  );
#2052 = ORIENTED_EDGE ( 'NONE', *, *, #3712, .F. ) ;
#2053 = CARTESIAN_POINT ( 'NONE',  ( -0.7401923788646669300, -0.1983339501604602400, -2.682136720504596300 ) ) ;
#2054 = ADVANCED_FACE ( 'NONE', ( #2552 ), #1057, .T. ) ;
#2055 = EDGE_CURVE ( 'NONE', #1208, #977, #3506, .T. ) ;
#2056 = DATE_AND_TIME ( #3850, #347 ) ;
#2057 = ORIENTED_EDGE ( 'NONE', *, *, #3610, .T. ) ;
#2058 =( BOUNDED_CURVE ( )  B_SPLINE_CURVE ( 2, ( #2442, #3133, #394, #2777, #1113, #3817, #4168 ),
 .UNSPECIFIED., .F., .F. ) 
 B_SPLINE_CURVE_WITH_KNOTS ( ( 3, 2, 2, 3 ),
 ( 0.7500000000000001100, 0.7583333333333334100, 0.7666666666666667200, 0.7750000000000001300 ),
 .UNSPECIFIED. ) 
 CURVE ( )  GEOMETRIC_REPRESENTATION_ITEM ( )  RATIONAL_B_SPLINE_CURVE ( ( 0.9999999999999982200, 0.8660254037844403700, 1.000000000000000000, 0.8660254037844386000, 1.000000000000000000, 0.8660254037844368200, 1.000000000000001800 ) ) 
 REPRESENTATION_ITEM ( '' )  );
#2059 = CARTESIAN_POINT ( 'NONE',  ( 0.0000000000000000000, 0.7401923788646647100, -1.950000000000004400 ) ) ;
#2060 = ORIENTED_EDGE ( 'NONE', *, *, #3801, .F. ) ;
#2061 = ORIENTED_EDGE ( 'NONE', *, *, #2399, .F. ) ;
#2062 = CARTESIAN_POINT ( 'NONE',  ( 0.0000000000000000000, 1.021650635094607700, -1.787500000000003200 ) ) ;
#2063 = CONICAL_SURFACE ( 'NONE', #4125, 0.7505553499465115200, 0.7853981633974500600 ) ;
#2064 = DIRECTION ( 'NONE',  ( -0.8660254037844387100, 0.4999999999999998300, 0.0000000000000000000 ) ) ;
#2065 = CARTESIAN_POINT ( 'NONE',  ( -0.4689993273004028900, -0.8576664993705350700, -2.751706208562954900 ) ) ;
#2066 = CARTESIAN_POINT ( 'NONE',  ( 0.5898502691896255800, 1.021650635094607100, -2.995833333333338500 ) ) ;
#2067 = CARTESIAN_POINT ( 'NONE',  ( 0.7401923788646666000, -1.993946046730061400E-015, -3.000000000000000000 ) ) ;
#2068 = CARTESIAN_POINT ( 'NONE',  ( 0.6410254037844365100, -0.3700961894323363000, -2.533333333333338100 ) ) ;
#2069 = LINE ( 'NONE', #3176, #690 ) ;
#2070 = CARTESIAN_POINT ( 'NONE',  ( -0.7401923788646666000, -1.903298623977073300E-015, -3.000000000000000000 ) ) ;
#2071 = CARTESIAN_POINT ( 'NONE',  ( 0.0000000000000000000, 0.9999999999999974500, 2.999999999999986700 ) ) ;
#2072 = FACE_OUTER_BOUND ( 'NONE', #2952, .T. ) ;
#2073 = CARTESIAN_POINT ( 'NONE',  ( -0.4273502691896249300, -0.7401923788646683800, -2.983333333333335200 ) ) ;
#2074 = CARTESIAN_POINT ( 'NONE',  ( -0.7401923788646674900, -3.413505384457326600E-015, 2.099999999999985900 ) ) ;
#2075 = ADVANCED_FACE ( 'NONE', ( #2444 ), #1973, .T. ) ;
#2076 = FACE_OUTER_BOUND ( 'NONE', #1735, .T. ) ;
#2077 = CARTESIAN_POINT ( 'NONE',  ( 0.0000000000000000000, 0.9999999999999974500, -1.000000000000004700 ) ) ;
#2078 = CARTESIAN_POINT ( 'NONE',  ( 3.625896910119515600E-016, 0.7401923788646647100, -2.400000000000004800 ) ) ;
#2079 = CARTESIAN_POINT ( 'NONE',  ( 0.8660254037844379300, -0.5000000000000021100, -1.883333333333341500 ) ) ;
#2080 = CARTESIAN_POINT ( 'NONE',  ( -0.8847754037844375300, -0.5108253175473065300, -1.229166666666675600 ) ) ;
#2081 = AXIS2_PLACEMENT_3D ( 'NONE', #319, #4007, #3346 ) ;
#2082 = EDGE_CURVE ( 'NONE', #4169, #2901, #593, .T. ) ;
#2083 = CARTESIAN_POINT ( 'NONE',  ( 0.7401923788646666000, -2.295037662741521500E-015, -2.900000000000003900 ) ) ;
#2084 =( BOUNDED_CURVE ( )  B_SPLINE_CURVE ( 2, ( #3218, #462, #112, #2845, #3185, #3820, #1523 ),
 .UNSPECIFIED., .F., .F. ) 
 B_SPLINE_CURVE_WITH_KNOTS ( ( 3, 2, 2, 3 ),
 ( 0.07499999999999999700, 0.08333333333333334300, 0.09166666666666668800, 0.1000000000000000500 ),
 .UNSPECIFIED. ) 
 CURVE ( )  GEOMETRIC_REPRESENTATION_ITEM ( )  RATIONAL_B_SPLINE_CURVE ( ( 1.000000000000000000, 0.8660254037844387100, 1.000000000000000000, 0.8660254037844387100, 1.000000000000000000, 0.8660254037844380400, 1.000000000000000700 ) ) 
 REPRESENTATION_ITEM ( '' )  );
#2085 = ORIENTED_EDGE ( 'NONE', *, *, #1343, .F. ) ;
#2086 = CARTESIAN_POINT ( 'NONE',  ( -0.7401923788646666000, -3.776644255144275800E-016, 0.1499999999999912000 ) ) ;
#2087 = CARTESIAN_POINT ( 'NONE',  ( -0.2383926928682743900, -0.9592898411688566300, -2.740710158831144700 ) ) ;
#2088 = CARTESIAN_POINT ( 'NONE',  ( 1.194684624863452800E-012, 0.8415063509460516400, -2.858493649053944500 ) ) ;
#2089 = ORIENTED_EDGE ( 'NONE', *, *, #2778, .T. ) ;
#2090 = CARTESIAN_POINT ( 'NONE',  ( 0.6410254037844399500, 0.3700961894323264200, -0.4666666666666760000 ) ) ;
#2091 = CARTESIAN_POINT ( 'NONE',  ( -0.6410254037844371800, -0.3700961894323351300, 0.5833333333333232700 ) ) ;
#2092 = EDGE_CURVE ( 'NONE', #1408, #1729, #276, .T. ) ;
#2093 = AXIS2_PLACEMENT_3D ( 'NONE', #2510, #1154, #2885 ) ;
#2094 = CARTESIAN_POINT ( 'NONE',  ( 0.0000000000000000000, -0.7000000000000021800, -3.000000000000000000 ) ) ;
#2095 = CARTESIAN_POINT ( 'NONE',  ( 0.5898502691896256900, 1.021650635094607300, -1.820833333333336600 ) ) ;
#2096 = CARTESIAN_POINT ( 'NONE',  ( -1.224646799147352500E-016, -1.000000000000001300, -1.950000000000008200 ) ) ;
#2097 = CARTESIAN_POINT ( 'NONE',  ( -0.8847754037844374200, 0.5108253175473028700, -0.4958333333333437800 ) ) ;
#2098 = ORIENTED_EDGE ( 'NONE', *, *, #3866, .F. ) ;
#2099 = CARTESIAN_POINT ( 'NONE',  ( 0.2559207466262916600, -0.9779752732608458800, -2.722024726739155300 ) ) ;
#2100 = CARTESIAN_POINT ( 'NONE',  ( 0.5472849558696828400, 0.4345802333517175300, 4.245749438421301000 ) ) ;
#2101 = CARTESIAN_POINT ( 'NONE',  ( 0.7401923788646666000, -1.993946046730061400E-015, -3.000000000000000000 ) ) ;
#2102 = VERTEX_POINT ( 'NONE', #2380 ) ;
#2103 = DIRECTION ( 'NONE',  ( -0.0000000000000000000, -0.0000000000000000000, 1.000000000000000000 ) ) ;
#2104 = CARTESIAN_POINT ( 'NONE',  ( 0.8660254037844378200, -0.5000000000000021100, -0.3333333333333394200 ) ) ;
#2105 = CARTESIAN_POINT ( 'NONE',  ( 0.4273502691896244900, -0.7401923788646687100, 0.6833333333333231300 ) ) ;
#2106 = ORIENTED_EDGE ( 'NONE', *, *, #2030, .F. ) ;
#2107 = CARTESIAN_POINT ( 'NONE',  ( 0.7401923788646659300, -4.793433093067735000E-016, 2.299999999999985200 ) ) ;
#2108 = AXIS2_PLACEMENT_3D ( 'NONE', #3029, #2722, #350 ) ;
#2109 = ORIENTED_EDGE ( 'NONE', *, *, #3435, .T. ) ;
#2110 = CARTESIAN_POINT ( 'NONE',  ( -0.4273502691896238800, 0.7401923788646649300, -2.366666666666671600 ) ) ;
#2111 = CARTESIAN_POINT ( 'NONE',  ( -0.8847754037844375300, -0.5108253175473065300, -0.02916666666667820000 ) ) ;
#2112 = ORIENTED_EDGE ( 'NONE', *, *, #205, .T. ) ;
#2113 = DIRECTION ( 'NONE',  ( 1.000000000000000000, 0.0000000000000000000, 0.0000000000000000000 ) ) ;
#2114 = ORIENTED_EDGE ( 'NONE', *, *, #3006, .F. ) ;
#2115 = CARTESIAN_POINT ( 'NONE',  ( -0.7401923788646659300, -6.028105253403363800E-015, 2.549999999999986500 ) ) ;
#2116 = EDGE_CURVE ( 'NONE', #2576, #1448, #1757, .T. ) ;
#2117 = EDGE_CURVE ( 'NONE', #2877, #2291, #4074, .T. ) ;
#2118 = CARTESIAN_POINT ( 'NONE',  ( 0.4273502691896251500, 0.7401923788646644900, -1.183333333333339100 ) ) ;
#2119 = CARTESIAN_POINT ( 'NONE',  ( 0.6410254037844374000, 0.3700961894323307500, -2.066666666666672200 ) ) ;
#2120 = ORIENTED_EDGE ( 'NONE', *, *, #3031, .F. ) ;
#2121 = CARTESIAN_POINT ( 'NONE',  ( -0.6410254037844387300, -0.3700961894323323600, 0.5333333333333218900 ) ) ;
#2122 = LINE ( 'NONE', #3196, #3645 ) ;
#2123 = CARTESIAN_POINT ( 'NONE',  ( -0.5898502691896250200, 1.021650635094607700, -2.954166666666667500 ) ) ;
#2124 = CARTESIAN_POINT ( 'NONE',  ( 1.154700538379251000, -2.206061094475043000E-015, 1.349999999999985700 ) ) ;
#2125 = CARTESIAN_POINT ( 'NONE',  ( -0.8847754037844374200, 0.5108253175473028700, -0.8958333333333431400 ) ) ;
#2126 = CONICAL_SURFACE ( 'NONE', #4270, 0.7505553499465115200, 0.7853981633974500600 ) ;
#2127 = VERTEX_POINT ( 'NONE', #1031 ) ;
#2128 = CARTESIAN_POINT ( 'NONE',  ( 0.7401923788646667100, -6.536499672365093000E-016, -0.05000000000000800300 ) ) ;
#2129 = CARTESIAN_POINT ( 'NONE',  ( 0.0000000000000000000, 0.9999999999999974500, -1.800000000000002900 ) ) ;
#2130 = CARTESIAN_POINT ( 'NONE',  ( -0.7401923788646659300, -6.028105253403363800E-015, 2.499999999999985300 ) ) ;
#2131 = B_SPLINE_CURVE_WITH_KNOTS ( 'NONE', 3,
 ( #745, #2142, #2100, #392, #4166, #1083, #424, #2792 ),
 .UNSPECIFIED., .F., .F.,
 ( 4, 2, 2, 4 ),
 ( 2.544447657670315000E-007, 0.0001940764893329892000, 0.0003878985339002114900, 0.0007755426230346563600 ),
 .UNSPECIFIED. ) ;
#2132 = FACE_OUTER_BOUND ( 'NONE', #2681, .T. ) ;
#2133 = DIRECTION ( 'NONE',  ( -0.0000000000000000000, -0.0000000000000000000, 1.000000000000000000 ) ) ;
#2134 = CARTESIAN_POINT ( 'NONE',  ( -0.4273502691896249300, -0.7401923788646683800, -0.1833333333333417900 ) ) ;
#2135 = CARTESIAN_POINT ( 'NONE',  ( 0.4273502691896244900, -0.7401923788646687100, -1.766666666666672800 ) ) ;
#2136 = CARTESIAN_POINT ( 'NONE',  ( -0.8660254037844381500, -0.5000000000000014400, -1.266666666666670800 ) ) ;
#2137 = CARTESIAN_POINT ( 'NONE',  ( -1.179700538379250000, -1.921710222316133300E-015, -0.4875000000000061500 ) ) ;
#2138 = DIRECTION ( 'NONE',  ( 0.8660254037844386000, -0.5000000000000000000, 0.0000000000000000000 ) ) ;
#2139 = EDGE_LOOP ( 'NONE', ( #3161, #56, #2421, #1667 ) ) ;
#2140 = CARTESIAN_POINT ( 'NONE',  ( -0.5898502691896248000, 1.021650635094607500, 0.2708333333333208200 ) ) ;
#2141 = CARTESIAN_POINT ( 'NONE',  ( 0.6410254037844381700, 0.3700961894323293600, -2.066666666666672200 ) ) ;
#2142 = CARTESIAN_POINT ( 'NONE',  ( 0.5992154611471163200, 0.4045981421506380500, 4.270679532822618400 ) ) ;
#2143 = CYLINDRICAL_SURFACE ( 'NONE', #541, 0.7401923788646666000 ) ;
#2144 = CARTESIAN_POINT ( 'NONE',  ( -9.064742275298788900E-017, -0.7401923788646686000, -2.600000000000004500 ) ) ;
#2145 = ORIENTED_EDGE ( 'NONE', *, *, #1171, .T. ) ;
#2146 = VECTOR ( 'NONE', #1801, 1000.000000000000100 ) ;
#2147 = CARTESIAN_POINT ( 'NONE',  ( 0.2346189099156850700, -0.7799179214555906900, -2.893684409754333900 ) ) ;
#2148 = CARTESIAN_POINT ( 'NONE',  ( -9.064742275298788900E-017, -0.7401923788646686000, -0.1500000000000082100 ) ) ;
#2149 = AXIS2_PLACEMENT_3D ( 'NONE', #2530, #496, #2859 ) ;
#2150 = CARTESIAN_POINT ( 'NONE',  ( 0.0000000000000000000, 0.7401923788646647100, -0.4000000000000092900 ) ) ;
#2151 = CARTESIAN_POINT ( 'NONE',  ( 0.0000000000000000000, -1.951563910473908000E-015, 4.299999999999999800 ) ) ;
#2152 = CARTESIAN_POINT ( 'NONE',  ( -0.5898502691896250200, 1.021650635094607700, -0.9541666666666717100 ) ) ;
#2153 = CARTESIAN_POINT ( 'NONE',  ( -1.179700538379249800, -1.921710222316133300E-015, 1.537499999999985200 ) ) ;
#2154 = ORIENTED_EDGE ( 'NONE', *, *, #3550, .T. ) ;
#2155 = DIRECTION ( 'NONE',  ( 1.000000000000000000, 0.0000000000000000000, 0.0000000000000000000 ) ) ;
#2156 = CARTESIAN_POINT ( 'NONE',  ( 0.7401923788646664900, -2.614599868946037200E-015, -2.450000000000002800 ) ) ;
#2157 = CARTESIAN_POINT ( 'NONE',  ( 0.0000000000000000000, -1.993946046730061400E-015, -3.000000000000000000 ) ) ;
#2158 = DIRECTION ( 'NONE',  ( -0.0000000000000000000, 6.054590893736192000E-018, 1.000000000000000000 ) ) ;
#2159 = ORIENTED_EDGE ( 'NONE', *, *, #3633, .T. ) ;
#2160 = DIRECTION ( 'NONE',  ( 0.0000000000000000000, 0.0000000000000000000, 1.000000000000000000 ) ) ;
#2161 = CARTESIAN_POINT ( 'NONE',  ( -0.4273502691896246500, 0.7401923788646646000, 2.083333333333319700 ) ) ;
#2162 = CARTESIAN_POINT ( 'NONE',  ( 0.8547005383792494200, -2.150951988513411000E-015, -1.700000000000006600 ) ) ;
#2163 =( BOUNDED_CURVE ( )  B_SPLINE_CURVE ( 2, ( #552, #1230, #326, #1692, #3366, #3315, #2370, #1979, #2693 ),
 .UNSPECIFIED., .F., .F. ) 
 B_SPLINE_CURVE_WITH_KNOTS ( ( 3, 2, 2, 2, 3 ),
 ( 0.2375000000000000200, 0.2416666666666666700, 0.2500000000000000000, 0.2583333333333333600, 0.2625000000000000700 ),
 .UNSPECIFIED. ) 
 CURVE ( )  GEOMETRIC_REPRESENTATION_ITEM ( )  RATIONAL_B_SPLINE_CURVE ( ( 0.9330127018922194100, 0.9330127018922196300, 1.000000000000000000, 0.8660254037844387100, 1.000000000000000000, 0.8660254037844387100, 1.000000000000000000, 0.9330127018922185200, 0.9330127018922194100 ) ) 
 REPRESENTATION_ITEM ( '' )  );
#2164 = ORIENTED_EDGE ( 'NONE', *, *, #2400, .F. ) ;
#2165 = CARTESIAN_POINT ( 'NONE',  ( 0.5773502691896295100, -0.9999999999999940000, 1.633333333333323800 ) ) ;
#2166 = DIRECTION ( 'NONE',  ( -0.0000000000000000000, 6.054590893736192000E-018, 1.000000000000000000 ) ) ;
#2167 = ORIENTED_EDGE ( 'NONE', *, *, #138, .F. ) ;
#2168 = CARTESIAN_POINT ( 'NONE',  ( 0.5898502691896245800, -1.021650635094612000, -1.154166666666671000 ) ) ;
#2169 = COORDINATED_UNIVERSAL_TIME_OFFSET ( 6, 0, .BEHIND. ) ;
#2170 = CARTESIAN_POINT ( 'NONE',  ( -0.8847754037844374200, 0.5108253175473028700, 1.504166666666652000 ) ) ;
#2171 = ORIENTED_EDGE ( 'NONE', *, *, #580, .F. ) ;
#2172 = CARTESIAN_POINT ( 'NONE',  ( 0.4273502691896274300, 0.7401923788646631600, -2.033333333333339400 ) ) ;
#2173 = PLANE ( 'NONE',  #2093 ) ;
#2174 = FACE_OUTER_BOUND ( 'NONE', #4022, .T. ) ;
#2175 = CARTESIAN_POINT ( 'NONE',  ( 0.1682325536056560300, -0.9039545373546134000, 2.911866490350743000 ) ) ;
#2176 = CARTESIAN_POINT ( 'NONE',  ( 0.4273502691896294800, 0.7401923788646619400, 2.416666666666652800 ) ) ;
#2177 = EDGE_CURVE ( 'NONE', #389, #3838, #910, .T. ) ;
#2178 = EDGE_LOOP ( 'NONE', ( #4231, #1852, #384 ) ) ;
#2179 = DIRECTION ( 'NONE',  ( 0.0000000000000000000, -1.000000000000000000, 0.0000000000000000000 ) ) ;
#2180 = CARTESIAN_POINT ( 'NONE',  ( 0.4273502691896251500, 0.7401923788646644900, 1.616666666666654300 ) ) ;
#2181 = CARTESIAN_POINT ( 'NONE',  ( 0.8547005383792494200, -2.150951988513411000E-015, -1.300000000000007100 ) ) ;
#2182 = CARTESIAN_POINT ( 'NONE',  ( 0.8660254037844386000, 0.4999999999999970000, -1.866666666666669400 ) ) ;
#2183 = CARTESIAN_POINT ( 'NONE',  ( -0.8660254037844381500, 0.4999999999999978400, 1.916666666666649900 ) ) ;
#2184 = CARTESIAN_POINT ( 'NONE',  ( 1.179700538379250000, -2.210653519971845100E-015, -1.487500000000003600 ) ) ;
#2185 = CARTESIAN_POINT ( 'NONE',  ( -1.224646799147352500E-016, -1.000000000000001300, 0.7999999999999915000 ) ) ;
#2186 = CARTESIAN_POINT ( 'NONE',  ( -0.5898502691896248000, 1.021650635094607500, 1.870833333333317100 ) ) ;
#2187 = FACE_OUTER_BOUND ( 'NONE', #3962, .T. ) ;
#2188 = CARTESIAN_POINT ( 'NONE',  ( 0.0000000000000000000, -0.7000000000000021800, -3.000000000000000000 ) ) ;
#2189 = CARTESIAN_POINT ( 'NONE',  ( -0.6410254037844361800, 0.3700961894323328600, -1.083333333333339700 ) ) ;
#2190 = EDGE_LOOP ( 'NONE', ( #1610, #2206, #377, #488 ) ) ;
#2191 = CARTESIAN_POINT ( 'NONE',  ( -0.8547005383792494200, -1.941610732802278000E-015, 2.549999999999985600 ) ) ;
#2192 = AXIS2_PLACEMENT_3D ( 'NONE', #4148, #2496, #2155 ) ;
#2193 = CARTESIAN_POINT ( 'NONE',  ( -9.064742275298788900E-017, -0.7401923788646686000, 0.1999999999999892400 ) ) ;
#2194 = CARTESIAN_POINT ( 'NONE',  ( 1.154700538379250800, -2.206061094475042600E-015, 1.699999999999990000 ) ) ;
#2195 =( BOUNDED_CURVE ( )  B_SPLINE_CURVE ( 2, ( #2543, #173, #478, #3181, #851, #1201, #1184 ),
 .UNSPECIFIED., .F., .F. ) 
 B_SPLINE_CURVE_WITH_KNOTS ( ( 3, 2, 2, 3 ),
 ( 0.1750000000000000400, 0.1833333333333333500, 0.1916666666666667100, 0.2000000000000000100 ),
 .UNSPECIFIED. ) 
 CURVE ( )  GEOMETRIC_REPRESENTATION_ITEM ( )  RATIONAL_B_SPLINE_CURVE ( ( 0.9999999999999991100, 0.8660254037844396000, 1.000000000000000000, 0.8660254037844387100, 1.000000000000000000, 0.8660254037844387100, 1.000000000000000000 ) ) 
 REPRESENTATION_ITEM ( '' )  );
#2196 = ORIENTED_EDGE ( 'NONE', *, *, #3608, .F. ) ;
#2197 = CARTESIAN_POINT ( 'NONE',  ( -0.6499999999999978000, -0.3752776749732560400, 3.389999999999999700 ) ) ;
#2198 = CARTESIAN_POINT ( 'NONE',  ( -0.5898502691896250200, 1.021650635094607700, 0.2458333333333257700 ) ) ;
#2199 = CARTESIAN_POINT ( 'NONE',  ( -0.08082102869447477200, -0.7451530182725132300, -2.951606251624449700 ) ) ;
#2200 = CARTESIAN_POINT ( 'NONE',  ( 0.5898502691896255800, 1.021650635094607100, 0.6041666666666538600 ) ) ;
#2201 = VERTEX_POINT ( 'NONE', #333 ) ;
#2202 = EDGE_CURVE ( 'NONE', #3328, #1408, #743, .T. ) ;
#2203 = CARTESIAN_POINT ( 'NONE',  ( 0.0000000000000000000, -1.951563910473908000E-015, 4.299999999999999800 ) ) ;
#2204 = CARTESIAN_POINT ( 'NONE',  ( -0.4273502691896141600, 0.7401923788646706000, 1.633333333333319800 ) ) ;
#2205 = DIRECTION ( 'NONE',  ( -0.0000000000000000000, 6.054590893736192000E-018, 1.000000000000000000 ) ) ;
#2206 = ORIENTED_EDGE ( 'NONE', *, *, #1948, .T. ) ;
#2207 = CARTESIAN_POINT ( 'NONE',  ( 0.4273502691896233200, -0.7401923788646692600, -1.316666666666672400 ) ) ;
#2208 = DIRECTION ( 'NONE',  ( -0.0000000000000000000, 6.054590893736192000E-018, 1.000000000000000000 ) ) ;
#2209 = CARTESIAN_POINT ( 'NONE',  ( 0.0000000000000000000, 0.7401923788646647100, 2.849999999999985400 ) ) ;
#2210 = ORIENTED_EDGE ( 'NONE', *, *, #205, .F. ) ;
#2211 = CARTESIAN_POINT ( 'NONE',  ( -0.6410254037844370600, 0.3700961894323314100, 1.666666666666653200 ) ) ;
#2212 = EDGE_CURVE ( 'NONE', #2773, #389, #1112, .T. ) ;
#2213 = CARTESIAN_POINT ( 'NONE',  ( -0.5992154611471149900, -0.4045981421506390000, 4.270679532822617500 ) ) ;
#2214 = CARTESIAN_POINT ( 'NONE',  ( 0.9999999999999952300, -2.116410726644796200E-015, 3.000000000000000000 ) ) ;
#2215 = ORIENTED_EDGE ( 'NONE', *, *, #3775, .F. ) ;
#2216 = CARTESIAN_POINT ( 'NONE',  ( 0.5898502691896256900, 1.021650635094607300, 2.579166666666654200 ) ) ;
#2217 = CARTESIAN_POINT ( 'NONE',  ( 0.8660254037844386000, 0.4999999999999970000, 0.9333333333333249100 ) ) ;
#2218 = CARTESIAN_POINT ( 'NONE',  ( -1.179700538379249800, -1.921710222316133300E-015, 1.937499999999984500 ) ) ;
#2219 = ORIENTED_EDGE ( 'NONE', *, *, #1977, .F. ) ;
#2220 = CARTESIAN_POINT ( 'NONE',  ( -0.5070803867250872600, -0.7293311894813366800, 2.880231182383385000 ) ) ;
#2221 = CARTESIAN_POINT ( 'NONE',  ( 0.0000000000000000000, -1.951563910473908000E-015, 4.299999999999999800 ) ) ;
#2222 = CARTESIAN_POINT ( 'NONE',  ( -0.5898502691896252400, -1.021650635094611300, 4.004166666666646000 ) ) ;
#2223 =( BOUNDED_CURVE ( )  B_SPLINE_CURVE ( 2, ( #3372, #2053, #4414, #4087, #2749, #3755, #2068, #12, #348 ),
 .UNSPECIFIED., .F., .F. ) 
 B_SPLINE_CURVE_WITH_KNOTS ( ( 3, 2, 2, 2, 3 ),
 ( 0.06250000000000000000, 0.06666666666666666600, 0.07499999999999999700, 0.08333333333333332900, 0.08749999999999999400 ),
 .UNSPECIFIED. ) 
 CURVE ( )  GEOMETRIC_REPRESENTATION_ITEM ( )  RATIONAL_B_SPLINE_CURVE ( ( 0.9330127018922194100, 0.9330127018922194100, 1.000000000000000000, 0.8660254037844387100, 1.000000000000000000, 0.8660254037844387100, 1.000000000000000000, 0.9330127018922194100, 0.9330127018922194100 ) ) 
 REPRESENTATION_ITEM ( '' )  );
#2224 = DATE_AND_TIME ( #3685, #4173 ) ;
#2225 = CARTESIAN_POINT ( 'NONE',  ( 0.4273502691896244900, -0.7401923788646687100, 1.883333333333320400 ) ) ;
#2226 = CARTESIAN_POINT ( 'NONE',  ( 0.4273502691896244900, -0.7401923788646687100, 0.6333333333333217600 ) ) ;
#2227 = ORIENTED_EDGE ( 'NONE', *, *, #1519, .F. ) ;
#2228 = DIRECTION ( 'NONE',  ( -0.0000000000000000000, -0.0000000000000000000, 1.000000000000000000 ) ) ;
#2229 = FACE_OUTER_BOUND ( 'NONE', #1748, .T. ) ;
#2230 = AXIS2_PLACEMENT_3D ( 'NONE', #3212, #821, #3537 ) ;
#2231 = CARTESIAN_POINT ( 'NONE',  ( 0.7401923788646660500, -1.307299934473018500E-016, 1.499999999999987600 ) ) ;
#2232 = CARTESIAN_POINT ( 'NONE',  ( 0.8847754037844373100, -0.5108253175473073100, 1.279166666666656800 ) ) ;
#2233 = VERTEX_POINT ( 'NONE', #1376 ) ;
#2234 = PRODUCT_DEFINITION_SHAPE ( 'NONE', 'NONE',  #754 ) ;
#2235 = CARTESIAN_POINT ( 'NONE',  ( -0.8847754037844374200, 0.5108253175473028700, 2.704166666666648800 ) ) ;
#2236 = CYLINDRICAL_SURFACE ( 'NONE', #2029, 0.7401923788646666000 ) ;
#2237 = DIRECTION ( 'NONE',  ( -0.8660254037844386000, -0.4999999999999999400, 0.0000000000000000000 ) ) ;
#2238 = CARTESIAN_POINT ( 'NONE',  ( -0.4273502691896232100, 0.7401923788646654900, -1.116666666666672900 ) ) ;
#2239 = VECTOR ( 'NONE', #4226, 1000.000000000000000 ) ;
#2240 = DIRECTION ( 'NONE',  ( 1.000000000000000000, 0.0000000000000000000, 0.0000000000000000000 ) ) ;
#2241 = CARTESIAN_POINT ( 'NONE',  ( 0.4273502691896340900, 0.7401923788646592700, 1.166666666666653600 ) ) ;
#2242 = ADVANCED_FACE ( 'NONE', ( #2967 ), #3648, .T. ) ;
#2243 = CARTESIAN_POINT ( 'NONE',  ( 0.8547005383792494200, -2.150951988513411000E-015, 3.549999999999983400 ) ) ;
#2244 = FACE_OUTER_BOUND ( 'NONE', #1140, .T. ) ;
#2245 = CARTESIAN_POINT ( 'NONE',  ( 0.4273502691896251500, 0.7401923788646644900, -0.03333333333334354000 ) ) ;
#2246 = CARTESIAN_POINT ( 'NONE',  ( -0.2127112901949101100, -0.6277464292928075500, 4.199167121815182000 ) ) ;
#2247 = CARTESIAN_POINT ( 'NONE',  ( 1.179700538379250000, -2.210653519971845100E-015, 1.712499999999989500 ) ) ;
#2248 = CARTESIAN_POINT ( 'NONE',  ( 0.6410254037844341800, -0.3700961894323402900, 1.916666666666654300 ) ) ;
#2249 = CARTESIAN_POINT ( 'NONE',  ( 0.0000000000000000000, 1.021650635094607500, 3.037499999999981000 ) ) ;
#2250 = CARTESIAN_POINT ( 'NONE',  ( 0.0000000000000000000, 0.9999999999999974500, 0.2499999999999873200 ) ) ;
#2251 =( BOUNDED_SURFACE ( )  B_SPLINE_SURFACE ( 1, 2, ( 
 ( #1728, #4090, #1427, #393, #746, #3442, #1816, #1470, #774, #1111, #3831, #3471, #1456, #3131, #3816, #1799, #4167, #441, #2144, #93, #793, #2478, #1125, #2810, #3144, #3490, #3791, #4141, #98, #1117, #2471, #1144, #3510, #1791, #2119, #4191, #3853, #417, #1444, #465, #2847, #2487, #3153, #2135, #432, #2162, #3123, #1498, #2782, #797, #828, #766, #4202, #1129, #1432, #3188, #1837, #2181, #3445, #1776, #1808, #1461, #448, #2457, #1821, #2815, #69, #483, #3497, #1103, #3462, #3807, #3822, #2828, #1477, #4156, #85, #2798, #126, #3839, #779, #2519, #3137, #3480, #2150, #4172, #114, #2501, #812, #3171, #1851, #2532, #194, #2258, #1191, #2245, #3231, #2594, #906, #3903, #4284, #180, #2193, #1883, #3557, #3921, #2861, #841, #1207, #144, #2577, #1174, #498, #3571, #2926, #2226, #561, #1899, #1916, #3220, #2550, #4255, #544, #2910, #1552, #1570, #1161, #4268, #3933, #216, #886, #3201, #3248, #531, #3526, #1509, #3874, #4221, #3542, #1526, #3886, #1870, #1225, #872, #3587, #4236, #2211, #2561, #161, #2893, #513, #1540, #2875, #856, #1335, #3743, #4107, #2425, #787, #2673, #4319, #1264, #3990, #643, #3623, #248, #3668, #1670, #1292, #1985, #942, #1279, #969, #1954, #288, #1613, #4002, #4029, #3975, #2999, #4343, #232, #2011, #982, #3342, #2283, #2618, #616, #260, #3652, #2301, #627, #1641, #587, #3681, #2325, #2947, #2633, #602, #2646, #1654, #273, #929, #2963, #3287, #1321, #2663, #3306, #4357, #3637, #1627, #962, #1969, #4331, #2312, #2986, #2976, #3318, #3332, #1302, #4016, #1996, #2337, #2050, #1392, #4101, #2707, #3072, #3384, #996, #686, #4395, #2718, #1683, #4041, #4412, #3358, #1034, #4384, #1330, #2389 ),
 ( #3040, #3396, #1378, #344, #362, #3752, #3056, #2734, #715, #703, #3696, #2066, #3723, #1737, #1048, #4369, #3012, #3411, #2021, #2361, #2348, #3735, #4067, #9, #317, #306, #1359, #2696, #1710, #668, #2374, #1723, #4085, #2685, #655, #1019, #2037, #3369, #2407, #3025, #1007, #1347, #3707, #1697, #4053, #330, #1466, #1093, #1782, #742, #1079, #770, #1756, #90, #3425, #3798, #3827, #3766, #2805, #4147, #29, #1814, #2474, #439, #2080, #2420, #406, #60, #3451, #1065, #422, #1437, #378, #3487, #2125, #2746, #1407, #4115, #2449, #3466, #72, #729, #43, #3086, #788, #2462, #2097, #4163, #3141, #3439, #758, #2437, #3101, #387, #2789, #2759, #1421, #3783, #1108, #1122, #2111, #3127, #1450, #1767, #4130, #2772, #3115, #3813, #1796, #2140, #4208, #2539, #1486, #3845, #4227, #3160, #847, #4194, #1134, #2200, #1544, #834, #1196, #503, #520, #1843, #1151, #489, #3207, #1180, #1859, #169, #3562, #2867, #2555, #2881, #3548, #3502, #1876, #3532, #3909, #863, #4178, #2821, #3225, #1825, #2170, #2153, #1532, #3879, #4243, #118, #104, #1167, #2506, #3194, #473, #2186, #3892, #2218, #2495, #453, #1515, #133, #3177, #803, #2854, #2836, #817, #3516, #1502, #3860, #2526, #150, #2913, #3574, #1557, #536, #2900, #1906, #185, #202, #2235, #3926, #1888, #2565, #550, #4274, #4261, #876, #3235, #1215, #2249, #2581, #2905, #2573, #3582, #3554, #2921, #1562, #1939, #1600, #1911, #852, #3899, #1880, #540, #1581, #3930, #3215, #2559, #509, #3273, #4279, #1186, #2268, #1249, #1549, #3244, #4251, #3229, #2222, #2254, #1537, #177, #526, #3598, #3613, #189, #1235, #211, #3957, #4310, #882, #156, #2586, #2888, #1221, #556, #900, #869 ) ),
 .UNSPECIFIED., .F., .F., .F. ) 
 B_SPLINE_SURFACE_WITH_KNOTS ( ( 2, 2 ),
 ( 3, 2, 2, 2, 2, 2, 2, 2, 2, 2, 2, 2, 2, 2, 2, 2, 2, 2, 2, 2, 2, 2, 2, 2, 2, 2, 2, 2, 2, 2, 2, 2, 2, 2, 2, 2, 2, 2, 2, 2, 2, 2, 2, 2, 2, 2, 2, 2, 2, 2, 2, 2, 2, 2, 2, 2, 2, 2, 2, 2, 2, 2, 2, 2, 2, 2, 2, 2, 2, 2, 2, 2, 2, 2, 2, 2, 2, 2, 2, 2, 2, 2, 2, 2, 2, 2, 2, 2, 2, 2, 2, 2, 2, 2, 2, 2, 2, 2, 2, 2, 2, 2, 2, 2, 2, 2, 2, 2, 2, 2, 2, 2, 2, 2, 2, 2, 2, 2, 2, 2, 3 ),
 ( 0.0000000000000000000, 1.000000000000000000 ),
 ( 0.0000000000000000000, 0.008333333333333333200, 0.01666666666666666600, 0.02500000000000000100, 0.03333333333333333300, 0.04166666666666666400, 0.05000000000000000300, 0.05833333333333333400, 0.06666666666666666600, 0.07499999999999999700, 0.08333333333333332900, 0.09166666666666666000, 0.1000000000000000100, 0.1083333333333333400, 0.1166666666666666700, 0.1250000000000000000, 0.1333333333333333300, 0.1416666666666666600, 0.1499999999999999900, 0.1583333333333333300, 0.1666666666666666600, 0.1749999999999999900, 0.1833333333333333200, 0.1916666666666666800, 0.2000000000000000100, 0.2083333333333333400, 0.2166666666666666700, 0.2250000000000000100, 0.2333333333333333400, 0.2416666666666666700, 0.2500000000000000000, 0.2583333333333333600, 0.2666666666666666600, 0.2750000000000000200, 0.2833333333333333300, 0.2916666666666666900, 0.2999999999999999900, 0.3083333333333333500, 0.3166666666666666500, 0.3250000000000000100, 0.3333333333333333100, 0.3416666666666666700, 0.3499999999999999800, 0.3583333333333333400, 0.3666666666666666400, 0.3750000000000000000, 0.3833333333333333600, 0.3916666666666666600, 0.4000000000000000200, 0.4083333333333333300, 0.4166666666666666900, 0.4249999999999999900, 0.4333333333333333500, 0.4416666666666666500, 0.4500000000000000100, 0.4583333333333333100, 0.4666666666666666700, 0.4749999999999999800, 0.4833333333333333400, 0.4916666666666666400, 0.5000000000000000000, 0.5083333333333333000, 0.5166666666666667200, 0.5250000000000000200, 0.5333333333333333300, 0.5416666666666666300, 0.5500000000000000400, 0.5583333333333333500, 0.5666666666666666500, 0.5749999999999999600, 0.5833333333333333700, 0.5916666666666666700, 0.5999999999999999800, 0.6083333333333332800, 0.6166666666666667000, 0.6250000000000000000, 0.6333333333333333000, 0.6416666666666667200, 0.6500000000000000200, 0.6583333333333333300, 0.6666666666666666300, 0.6750000000000000400, 0.6833333333333333500, 0.6916666666666666500, 0.6999999999999999600, 0.7083333333333333700, 0.7166666666666666700, 0.7249999999999999800, 0.7333333333333332800, 0.7416666666666667000, 0.7500000000000000000, 0.7583333333333333000, 0.7666666666666667200, 0.7750000000000000200, 0.7833333333333333300, 0.7916666666666666300, 0.8000000000000000400, 0.8083333333333333500, 0.8166666666666666500, 0.8249999999999999600, 0.8333333333333333700, 0.8416666666666666700, 0.8499999999999999800, 0.8583333333333332800, 0.8666666666666667000, 0.8750000000000000000, 0.8833333333333333000, 0.8916666666666667200, 0.9000000000000000200, 0.9083333333333333300, 0.9166666666666666300, 0.9250000000000000400, 0.9333333333333333500, 0.9416666666666666500, 0.9499999999999999600, 0.9583333333333333700, 0.9666666666666666700, 0.9749999999999999800, 0.9833333333333332800, 0.9916666666666667000, 1.000000000000000000 ),
 .UNSPECIFIED. ) 
 GEOMETRIC_REPRESENTATION_ITEM ( )  RATIONAL_B_SPLINE_SURFACE ( (
 ( 1.000000000000000000, 0.8660254037844387100, 1.000000000000000000, 0.8660254037844387100, 1.000000000000000000, 0.8660254037844387100, 1.000000000000000000, 0.8660254037844387100, 1.000000000000000000, 0.8660254037844387100, 1.000000000000000000, 0.8660254037844387100, 1.000000000000000000, 0.8660254037844387100, 1.000000000000000000, 0.8660254037844387100, 1.000000000000000000, 0.8660254037844387100, 1.000000000000000000, 0.8660254037844387100, 1.000000000000000000, 0.8660254037844387100, 1.000000000000000000, 0.8660254037844387100, 1.000000000000000000, 0.8660254037844387100, 1.000000000000000000, 0.8660254037844387100, 1.000000000000000000, 0.8660254037844387100, 1.000000000000000000, 0.8660254037844387100, 1.000000000000000000, 0.8660254037844387100, 1.000000000000000000, 0.8660254037844387100, 1.000000000000000000, 0.8660254037844387100, 1.000000000000000000, 0.8660254037844387100, 1.000000000000000000, 0.8660254037844387100, 1.000000000000000000, 0.8660254037844387100, 1.000000000000000000, 0.8660254037844387100, 1.000000000000000000, 0.8660254037844387100, 1.000000000000000000, 0.8660254037844387100, 1.000000000000000000, 0.8660254037844387100, 1.000000000000000000, 0.8660254037844387100, 1.000000000000000000, 0.8660254037844387100, 1.000000000000000000, 0.8660254037844387100, 1.000000000000000000, 0.8660254037844387100, 1.000000000000000000, 0.8660254037844387100, 1.000000000000000000, 0.8660254037844387100, 1.000000000000000000, 0.8660254037844387100, 1.000000000000000000, 0.8660254037844387100, 1.000000000000000000, 0.8660254037844387100, 1.000000000000000000, 0.8660254037844387100, 1.000000000000000000, 0.8660254037844387100, 1.000000000000000000, 0.8660254037844387100, 1.000000000000000000, 0.8660254037844387100, 1.000000000000000000, 0.8660254037844387100, 1.000000000000000000, 0.8660254037844387100, 1.000000000000000000, 0.8660254037844387100, 1.000000000000000000, 0.8660254037844387100, 1.000000000000000000, 0.8660254037844387100, 1.000000000000000000, 0.8660254037844387100, 1.000000000000000000, 0.8660254037844387100, 1.000000000000000000, 0.8660254037844387100, 1.000000000000000000, 0.8660254037844387100, 1.000000000000000000, 0.8660254037844387100, 1.000000000000000000, 0.8660254037844387100, 1.000000000000000000, 0.8660254037844387100, 1.000000000000000000, 0.8660254037844387100, 1.000000000000000000, 0.8660254037844387100, 1.000000000000000000, 0.8660254037844387100, 1.000000000000000000, 0.8660254037844387100, 1.000000000000000000, 0.8660254037844387100, 1.000000000000000000, 0.8660254037844387100, 1.000000000000000000, 0.8660254037844387100, 1.000000000000000000, 0.8660254037844387100, 1.000000000000000000, 0.8660254037844387100, 1.000000000000000000, 0.8660254037844387100, 1.000000000000000000, 0.8660254037844387100, 1.000000000000000000, 0.8660254037844387100, 1.000000000000000000, 0.8660254037844387100, 1.000000000000000000, 0.8660254037844387100, 1.000000000000000000, 0.8660254037844387100, 1.000000000000000000, 0.8660254037844387100, 1.000000000000000000, 0.8660254037844387100, 1.000000000000000000, 0.8660254037844387100, 1.000000000000000000, 0.8660254037844387100, 1.000000000000000000, 0.8660254037844387100, 1.000000000000000000, 0.8660254037844387100, 1.000000000000000000, 0.8660254037844387100, 1.000000000000000000, 0.8660254037844387100, 1.000000000000000000, 0.8660254037844387100, 1.000000000000000000, 0.8660254037844387100, 1.000000000000000000, 0.8660254037844387100, 1.000000000000000000, 0.8660254037844387100, 1.000000000000000000, 0.8660254037844387100, 1.000000000000000000, 0.8660254037844387100, 1.000000000000000000, 0.8660254037844387100, 1.000000000000000000, 0.8660254037844387100, 1.000000000000000000, 0.8660254037844387100, 1.000000000000000000, 0.8660254037844387100, 1.000000000000000000, 0.8660254037844387100, 1.000000000000000000, 0.8660254037844387100, 1.000000000000000000, 0.8660254037844387100, 1.000000000000000000, 0.8660254037844387100, 1.000000000000000000, 0.8660254037844387100, 1.000000000000000000, 0.8660254037844387100, 1.000000000000000000, 0.8660254037844387100, 1.000000000000000000, 0.8660254037844387100, 1.000000000000000000, 0.8660254037844387100, 1.000000000000000000, 0.8660254037844387100, 1.000000000000000000, 0.8660254037844387100, 1.000000000000000000, 0.8660254037844387100, 1.000000000000000000, 0.8660254037844387100, 1.000000000000000000, 0.8660254037844387100, 1.000000000000000000, 0.8660254037844387100, 1.000000000000000000, 0.8660254037844387100, 1.000000000000000000, 0.8660254037844387100, 1.000000000000000000, 0.8660254037844387100, 1.000000000000000000, 0.8660254037844387100, 1.000000000000000000, 0.8660254037844387100, 1.000000000000000000, 0.8660254037844387100, 1.000000000000000000, 0.8660254037844387100, 1.000000000000000000, 0.8660254037844387100, 1.000000000000000000, 0.8660254037844387100, 1.000000000000000000, 0.8660254037844387100, 1.000000000000000000, 0.8660254037844387100, 1.000000000000000000, 0.8660254037844387100, 1.000000000000000000, 0.8660254037844387100, 1.000000000000000000, 0.8660254037844387100, 1.000000000000000000, 0.8660254037844387100, 1.000000000000000000, 0.8660254037844387100, 1.000000000000000000, 0.8660254037844387100, 1.000000000000000000, 0.8660254037844387100, 1.000000000000000000, 0.8660254037844387100, 1.000000000000000000, 0.8660254037844387100, 1.000000000000000000, 0.8660254037844387100, 1.000000000000000000),
 ( 1.000000000000000000, 0.8660254037844387100, 1.000000000000000000, 0.8660254037844387100, 1.000000000000000000, 0.8660254037844387100, 1.000000000000000000, 0.8660254037844387100, 1.000000000000000000, 0.8660254037844387100, 1.000000000000000000, 0.8660254037844387100, 1.000000000000000000, 0.8660254037844387100, 1.000000000000000000, 0.8660254037844387100, 1.000000000000000000, 0.8660254037844387100, 1.000000000000000000, 0.8660254037844387100, 1.000000000000000000, 0.8660254037844387100, 1.000000000000000000, 0.8660254037844387100, 1.000000000000000000, 0.8660254037844387100, 1.000000000000000000, 0.8660254037844387100, 1.000000000000000000, 0.8660254037844387100, 1.000000000000000000, 0.8660254037844387100, 1.000000000000000000, 0.8660254037844387100, 1.000000000000000000, 0.8660254037844387100, 1.000000000000000000, 0.8660254037844387100, 1.000000000000000000, 0.8660254037844387100, 1.000000000000000000, 0.8660254037844387100, 1.000000000000000000, 0.8660254037844387100, 1.000000000000000000, 0.8660254037844387100, 1.000000000000000000, 0.8660254037844387100, 1.000000000000000000, 0.8660254037844387100, 1.000000000000000000, 0.8660254037844387100, 1.000000000000000000, 0.8660254037844387100, 1.000000000000000000, 0.8660254037844387100, 1.000000000000000000, 0.8660254037844387100, 1.000000000000000000, 0.8660254037844387100, 1.000000000000000000, 0.8660254037844387100, 1.000000000000000000, 0.8660254037844387100, 1.000000000000000000, 0.8660254037844387100, 1.000000000000000000, 0.8660254037844387100, 1.000000000000000000, 0.8660254037844387100, 1.000000000000000000, 0.8660254037844387100, 1.000000000000000000, 0.8660254037844387100, 1.000000000000000000, 0.8660254037844387100, 1.000000000000000000, 0.8660254037844387100, 1.000000000000000000, 0.8660254037844387100, 1.000000000000000000, 0.8660254037844387100, 1.000000000000000000, 0.8660254037844387100, 1.000000000000000000, 0.8660254037844387100, 1.000000000000000000, 0.8660254037844387100, 1.000000000000000000, 0.8660254037844387100, 1.000000000000000000, 0.8660254037844387100, 1.000000000000000000, 0.8660254037844387100, 1.000000000000000000, 0.8660254037844387100, 1.000000000000000000, 0.8660254037844387100, 1.000000000000000000, 0.8660254037844387100, 1.000000000000000000, 0.8660254037844387100, 1.000000000000000000, 0.8660254037844387100, 1.000000000000000000, 0.8660254037844387100, 1.000000000000000000, 0.8660254037844387100, 1.000000000000000000, 0.8660254037844387100, 1.000000000000000000, 0.8660254037844387100, 1.000000000000000000, 0.8660254037844387100, 1.000000000000000000, 0.8660254037844387100, 1.000000000000000000, 0.8660254037844387100, 1.000000000000000000, 0.8660254037844387100, 1.000000000000000000, 0.8660254037844387100, 1.000000000000000000, 0.8660254037844387100, 1.000000000000000000, 0.8660254037844387100, 1.000000000000000000, 0.8660254037844387100, 1.000000000000000000, 0.8660254037844387100, 1.000000000000000000, 0.8660254037844387100, 1.000000000000000000, 0.8660254037844387100, 1.000000000000000000, 0.8660254037844387100, 1.000000000000000000, 0.8660254037844387100, 1.000000000000000000, 0.8660254037844387100, 1.000000000000000000, 0.8660254037844387100, 1.000000000000000000, 0.8660254037844387100, 1.000000000000000000, 0.8660254037844387100, 1.000000000000000000, 0.8660254037844387100, 1.000000000000000000, 0.8660254037844387100, 1.000000000000000000, 0.8660254037844387100, 1.000000000000000000, 0.8660254037844387100, 1.000000000000000000, 0.8660254037844387100, 1.000000000000000000, 0.8660254037844387100, 1.000000000000000000, 0.8660254037844387100, 1.000000000000000000, 0.8660254037844387100, 1.000000000000000000, 0.8660254037844387100, 1.000000000000000000, 0.8660254037844387100, 1.000000000000000000, 0.8660254037844387100, 1.000000000000000000, 0.8660254037844387100, 1.000000000000000000, 0.8660254037844387100, 1.000000000000000000, 0.8660254037844387100, 1.000000000000000000, 0.8660254037844387100, 1.000000000000000000, 0.8660254037844387100, 1.000000000000000000, 0.8660254037844387100, 1.000000000000000000, 0.8660254037844387100, 1.000000000000000000, 0.8660254037844387100, 1.000000000000000000, 0.8660254037844387100, 1.000000000000000000, 0.8660254037844387100, 1.000000000000000000, 0.8660254037844387100, 1.000000000000000000, 0.8660254037844387100, 1.000000000000000000, 0.8660254037844387100, 1.000000000000000000, 0.8660254037844387100, 1.000000000000000000, 0.8660254037844387100, 1.000000000000000000, 0.8660254037844387100, 1.000000000000000000, 0.8660254037844387100, 1.000000000000000000, 0.8660254037844387100, 1.000000000000000000, 0.8660254037844387100, 1.000000000000000000, 0.8660254037844387100, 1.000000000000000000, 0.8660254037844387100, 1.000000000000000000, 0.8660254037844387100, 1.000000000000000000, 0.8660254037844387100, 1.000000000000000000, 0.8660254037844387100, 1.000000000000000000, 0.8660254037844387100, 1.000000000000000000, 0.8660254037844387100, 1.000000000000000000, 0.8660254037844387100, 1.000000000000000000, 0.8660254037844387100, 1.000000000000000000, 0.8660254037844387100, 1.000000000000000000, 0.8660254037844387100, 1.000000000000000000, 0.8660254037844387100, 1.000000000000000000, 0.8660254037844387100, 1.000000000000000000, 0.8660254037844387100, 1.000000000000000000, 0.8660254037844387100, 1.000000000000000000, 0.8660254037844387100, 1.000000000000000000, 0.8660254037844387100, 1.000000000000000000) ) ) 
 REPRESENTATION_ITEM ( '' )  SURFACE ( )  );
#2252 = ORIENTED_EDGE ( 'NONE', *, *, #807, .F. ) ;
#2253 = CARTESIAN_POINT ( 'NONE',  ( -0.7401923788646666000, -1.903298623977073300E-015, -3.000000000000000000 ) ) ;
#2254 = CARTESIAN_POINT ( 'NONE',  ( -1.251161180115474100E-016, -1.021650635094611500, 4.037499999999979200 ) ) ;
#2255 =( BOUNDED_CURVE ( )  B_SPLINE_CURVE ( 2, ( #3729, #2766, #2090, #1746, #721, #1086, #3405, #381, #2414 ),
 .UNSPECIFIED., .F., .F. ) 
 B_SPLINE_CURVE_WITH_KNOTS ( ( 3, 2, 2, 2, 3 ),
 ( 0.3375000000000000200, 0.3416666666666666700, 0.3499999999999999800, 0.3583333333333333400, 0.3625000000000000400 ),
 .UNSPECIFIED. ) 
 CURVE ( )  GEOMETRIC_REPRESENTATION_ITEM ( )  RATIONAL_B_SPLINE_CURVE ( ( 0.9330127018922194100, 0.9330127018922198500, 1.000000000000000000, 0.8660254037844387100, 1.000000000000000000, 0.8660254037844387100, 1.000000000000000000, 0.9330127018922185200, 0.9330127018922194100 ) ) 
 REPRESENTATION_ITEM ( '' )  );
#2256 = FACE_OUTER_BOUND ( 'NONE', #1672, .T. ) ;
#2257 = CARTESIAN_POINT ( 'NONE',  ( 0.8660254037844378200, -0.5000000000000021100, 0.4666666666666588500 ) ) ;
#2258 = CARTESIAN_POINT ( 'NONE',  ( 0.8547005383792494200, -2.150951988513411000E-015, -0.1000000000000098000 ) ) ;
#2259 = CARTESIAN_POINT ( 'NONE',  ( -1.251161180115474400E-016, -1.021650635094611700, 1.212499999999990600 ) ) ;
#2260 = ADVANCED_FACE ( 'NONE', ( #1809 ), #302, .F. ) ;
#2261 = ORIENTED_EDGE ( 'NONE', *, *, #1983, .T. ) ;
#2262 = EDGE_CURVE ( 'NONE', #4174, #2576, #2297, .T. ) ;
#2263 = AXIS2_PLACEMENT_3D ( 'NONE', #304, #1345, #1981 ) ;
#2264 = CARTESIAN_POINT ( 'NONE',  ( 0.6499999999999986900, 2.603474075589764800E-017, 4.199444650053488100 ) ) ;
#2265 = CARTESIAN_POINT ( 'NONE',  ( -0.7401923788646666000, -2.701753197910905400E-015, 0.9499999999999895200 ) ) ;
#2266 = EDGE_CURVE ( 'NONE', #1254, #3893, #964, .T. ) ;
#2267 = DIRECTION ( 'NONE',  ( 1.000000000000000000, 0.0000000000000000000, 0.0000000000000000000 ) ) ;
#2268 = CARTESIAN_POINT ( 'NONE',  ( 0.5898502691896255800, 1.021650635094607100, 3.804166666666646700 ) ) ;
#2269 = ORIENTED_EDGE ( 'NONE', *, *, #1517, .T. ) ;
#2270 = CARTESIAN_POINT ( 'NONE',  ( 0.6410254037844374000, 0.3700961894323307500, 3.583333333333317100 ) ) ;
#2271 = DIRECTION ( 'NONE',  ( -0.0000000000000000000, 6.054590893736192000E-018, 1.000000000000000000 ) ) ;
#2272 = EDGE_LOOP ( 'NONE', ( #224, #1698, #86, #767 ) ) ;
#2273 = CARTESIAN_POINT ( 'NONE',  ( 0.5898502691896245800, -1.021650635094612000, 0.8458333333333243300 ) ) ;
#2274 = APPROVAL_DATE_TIME ( #456, #4098 ) ;
#2275 = CARTESIAN_POINT ( 'NONE',  ( -1.154700538379251000, -1.923241030815067900E-015, -2.050000000000007800 ) ) ;
#2276 = ORIENTED_EDGE ( 'NONE', *, *, #3380, .F. ) ;
#2277 = VERTEX_POINT ( 'NONE', #342 ) ;
#2278 = CARTESIAN_POINT ( 'NONE',  ( -0.4273502691896261500, -0.7401923788646677100, 1.016666666666656200 ) ) ;
#2279 =( BOUNDED_CURVE ( )  B_SPLINE_CURVE ( 2, ( #2895, #1175, #3923, #79, #3120, #442, #1800 ),
 .UNSPECIFIED., .F., .F. ) 
 B_SPLINE_CURVE_WITH_KNOTS ( ( 3, 2, 2, 3 ),
 ( 0.2750000000000000800, 0.2833333333333333800, 0.2916666666666667400, 0.3000000000000000400 ),
 .UNSPECIFIED. ) 
 CURVE ( )  GEOMETRIC_REPRESENTATION_ITEM ( )  RATIONAL_B_SPLINE_CURVE ( ( 0.9999999999999991100, 0.8660254037844396000, 1.000000000000000000, 0.8660254037844387100, 1.000000000000000000, 0.8660254037844378200, 1.000000000000000900 ) ) 
 REPRESENTATION_ITEM ( '' )  );
#2280 = PERSON_AND_ORGANIZATION ( #1331, #4292 ) ;
#2281 = DIRECTION ( 'NONE',  ( -0.0000000000000000000, -0.0000000000000000000, 1.000000000000000000 ) ) ;
#2282 = DIRECTION ( 'NONE',  ( 1.000000000000000000, 0.0000000000000000000, 0.0000000000000000000 ) ) ;
#2283 = CARTESIAN_POINT ( 'NONE',  ( -0.4273502691896249300, -0.7401923788646683800, 2.966666666666649500 ) ) ;
#2284 = AXIS2_PLACEMENT_3D ( 'NONE', #2808, #3814, #1488 ) ;
#2285 = ORIENTED_EDGE ( 'NONE', *, *, #2117, .F. ) ;
#2286 = VECTOR ( 'NONE', #120, 1000.000000000000000 ) ;
#2287 = ADVANCED_FACE ( 'NONE', ( #3753 ), #694, .T. ) ;
#2288 = CARTESIAN_POINT ( 'NONE',  ( -0.8660254037844381500, 0.4999999999999978400, 1.116666666666652000 ) ) ;
#2289 = CARTESIAN_POINT ( 'NONE',  ( -0.6410254037844370600, 0.3700961894323314100, 3.316666666666650900 ) ) ;
#2290 = CARTESIAN_POINT ( 'NONE',  ( 0.5773502691896270600, -0.9999999999999980000, -1.166666666666670700 ) ) ;
#2291 = VERTEX_POINT ( 'NONE', #682 ) ;
#2293 = FACE_OUTER_BOUND ( 'NONE', #1190, .T. ) ;
#2292 = AXIS2_PLACEMENT_3D ( 'NONE', #3558, #532, #1541 ) ;
#2294 = CARTESIAN_POINT ( 'NONE',  ( 0.8847754037844380900, 0.5108253175473022000, 4.145833333333317100 ) ) ;
#2295 = EDGE_CURVE ( 'NONE', #794, #2765, #1490, .T. ) ;
#2296 = CARTESIAN_POINT ( 'NONE',  ( 0.5773502691896281700, 0.9999999999999933400, 1.016666666666651700 ) ) ;
#2297 = CIRCLE ( 'NONE', #3656, 1.790942933915002000 ) ;
#2298 = DIRECTION ( 'NONE',  ( 1.000000000000000000, 0.0000000000000000000, 0.0000000000000000000 ) ) ;
#2299 = CARTESIAN_POINT ( 'NONE',  ( -0.8660254037844381500, -0.5000000000000014400, 1.133333333333323800 ) ) ;
#2300 = AXIS2_PLACEMENT_3D ( 'NONE', #824, #2160, #1141 ) ;
#2301 = CARTESIAN_POINT ( 'NONE',  ( 0.6410254037844374000, 0.3700961894323307500, 3.133333333333316000 ) ) ;
#2302 = CONICAL_SURFACE ( 'NONE', #4003, 0.9999999999999952300, 0.7853981633974500600 ) ;
#2303 = CARTESIAN_POINT ( 'NONE',  ( -0.7401923788646666000, -3.776644255144275800E-016, 0.1499999999999912000 ) ) ;
#2304 = CARTESIAN_POINT ( 'NONE',  ( 0.0000000000000000000, 0.7401923788646647100, 4.449999999999981500 ) ) ;
#2305 = CARTESIAN_POINT ( 'NONE',  ( 1.224646799147352500E-016, 0.9999999999999974500, 4.299999999999999800 ) ) ;
#2306 = ORIENTED_EDGE ( 'NONE', *, *, #1339, .T. ) ;
#2307 = CARTESIAN_POINT ( 'NONE',  ( -0.5898502691896250200, 1.021650635094607700, 3.445833333333319100 ) ) ;
#2308 = CARTESIAN_POINT ( 'NONE',  ( -0.8660254037844382600, -0.5000000000000014400, -2.016666666666674600 ) ) ;
#2309 = ADVANCED_FACE ( 'NONE', ( #215 ), #2801, .T. ) ;
#2310 = DIRECTION ( 'NONE',  ( -0.0000000000000000000, -0.0000000000000000000, 1.000000000000000000 ) ) ;
#2311 = CARTESIAN_POINT ( 'NONE',  ( -1.154700538379251000, -1.923241030815067900E-015, 2.749999999999982700 ) ) ;
#2312 = CARTESIAN_POINT ( 'NONE',  ( 0.6410254037844374000, 0.3700961894323307500, 3.933333333333314900 ) ) ;
#2313 = CARTESIAN_POINT ( 'NONE',  ( 0.7401923788646666000, -3.166570952390200700E-015, -0.4500000000000074500 ) ) ;
#2314 = CARTESIAN_POINT ( 'NONE',  ( 0.8660254037844379300, -0.5000000000000021100, 2.516666666666648800 ) ) ;
#2315 = AXIS2_PLACEMENT_3D ( 'NONE', #1695, #4355, #1721 ) ;
#2316 = ORIENTED_EDGE ( 'NONE', *, *, #2117, .T. ) ;
#2317 = ORIENTED_EDGE ( 'NONE', *, *, #4153, .F. ) ;
#2318 = CARTESIAN_POINT ( 'NONE',  ( -0.8847754037844376400, -0.5108253175473066500, 3.545833333333318300 ) ) ;
#2319 = DIRECTION ( 'NONE',  ( -0.0000000000000000000, 6.054590893736192000E-018, 1.000000000000000000 ) ) ;
#2320 = EDGE_CURVE ( 'NONE', #2648, #3134, #2609, .T. ) ;
#2321 = ORIENTED_EDGE ( 'NONE', *, *, #2932, .T. ) ;
#2322 = DIRECTION ( 'NONE',  ( 0.0000000000000000000, -1.000000000000000000, 0.0000000000000000000 ) ) ;
#2323 = EDGE_CURVE ( 'NONE', #2233, #3167, #3565, .T. ) ;
#2324 = CARTESIAN_POINT ( 'NONE',  ( 0.7401923788646664900, -0.1983339501604626200, 0.7321367205045816700 ) ) ;
#2325 = CARTESIAN_POINT ( 'NONE',  ( -0.8547005383792494200, -1.941610732802278000E-015, 3.299999999999982500 ) ) ;
#2326 = ORIENTED_EDGE ( 'NONE', *, *, #3263, .T. ) ;
#2327 = ADVANCED_FACE ( 'NONE', ( #2498 ), #1704, .T. ) ;
#2328 = CIRCLE ( 'NONE', #2149, 0.7505553499465115200 ) ;
#2329 = CARTESIAN_POINT ( 'NONE',  ( -0.5898502691896253500, -1.021650635094611300, 3.179166666666652000 ) ) ;
#2330 = EDGE_LOOP ( 'NONE', ( #1399, #140, #1962, #3057 ) ) ;
#2331 =( BOUNDED_CURVE ( )  B_SPLINE_CURVE ( 2, ( #3721, #59, #1406, #7, #2079, #2771, #3054 ),
 .UNSPECIFIED., .F., .F. ) 
 B_SPLINE_CURVE_WITH_KNOTS ( ( 3, 2, 2, 3 ),
 ( 0.8000000000000002700, 0.8083333333333335700, 0.8166666666666668700, 0.8250000000000001800 ),
 .UNSPECIFIED. ) 
 CURVE ( )  GEOMETRIC_REPRESENTATION_ITEM ( )  RATIONAL_B_SPLINE_CURVE ( ( 0.9999999999999964500, 0.8660254037844421500, 1.000000000000000000, 0.8660254037844386000, 1.000000000000000000, 0.8660254037844350400, 1.000000000000003600 ) ) 
 REPRESENTATION_ITEM ( '' )  );
#2332 = CIRCLE ( 'NONE', #464, 0.7505553499465115200 ) ;
#2333 = DIRECTION ( 'NONE',  ( -0.0000000000000000000, -0.0000000000000000000, 1.000000000000000000 ) ) ;
#2334 = ORIENTED_EDGE ( 'NONE', *, *, #1694, .T. ) ;
#2335 = DIRECTION ( 'NONE',  ( -1.000000000000000000, 0.0000000000000000000, 0.0000000000000000000 ) ) ;
#2336 = VECTOR ( 'NONE', #4367, 1000.000000000000000 ) ;
#2337 = CARTESIAN_POINT ( 'NONE',  ( -9.064742275298788900E-017, -0.7401923788646686000, 4.199999999999980600 ) ) ;
#2338 = CARTESIAN_POINT ( 'NONE',  ( 1.224646799147352500E-016, 0.9999999999999974500, 4.299999999999999800 ) ) ;
#2339 = CARTESIAN_POINT ( 'NONE',  ( -0.6410254037844364000, 0.3700961894323325200, -1.883333333333337700 ) ) ;
#2340 = VECTOR ( 'NONE', #3453, 1000.000000000000000 ) ;
#2341 = CARTESIAN_POINT ( 'NONE',  ( 0.4273502691896284800, 0.7401923788646623800, 0.3666666666666557600 ) ) ;
#2342 = CARTESIAN_POINT ( 'NONE',  ( -0.5898502691896250200, 1.021650635094607700, 4.245833333333316700 ) ) ;
#2343 = EDGE_CURVE ( 'NONE', #1959, #249, #3173, .T. ) ;
#2344 = CARTESIAN_POINT ( 'NONE',  ( -0.4273502691896312000, -0.7401923788646648200, 0.5666666666666555500 ) ) ;
#2345 = EDGE_CURVE ( 'NONE', #2930, #1724, #137, .T. ) ;
#2346 = CARTESIAN_POINT ( 'NONE',  ( 0.7401923788646660500, -1.307299934473018500E-016, 1.499999999999987600 ) ) ;
#2347 = CARTESIAN_POINT ( 'NONE',  ( 0.7633974596215099600, 3.152045397562722000E-015, 2.763397459621516300 ) ) ;
#2348 = CARTESIAN_POINT ( 'NONE',  ( 0.8847754037844372000, -0.5108253175473072000, -2.695833333333339100 ) ) ;
#2349 = EDGE_LOOP ( 'NONE', ( #3881, #2505, #1732, #1265 ) ) ;
#2350 = DIRECTION ( 'NONE',  ( 0.0000000000000000000, -1.000000000000000000, 0.0000000000000000000 ) ) ;
#2351 =( BOUNDED_CURVE ( )  B_SPLINE_CURVE ( 2, ( #147, #3545, #874, #1528, #853, #1867, #1187 ),
 .UNSPECIFIED., .F., .F. ) 
 B_SPLINE_CURVE_WITH_KNOTS ( ( 3, 2, 2, 3 ),
 ( 0.6750000000000000400, 0.6833333333333334600, 0.6916666666666667600, 0.7000000000000001800 ),
 .UNSPECIFIED. ) 
 CURVE ( )  GEOMETRIC_REPRESENTATION_ITEM ( )  RATIONAL_B_SPLINE_CURVE ( ( 1.000000000000000000, 0.8660254037844386000, 1.000000000000000000, 0.8660254037844386000, 1.000000000000000000, 0.8660254037844350400, 1.000000000000003600 ) ) 
 REPRESENTATION_ITEM ( '' )  );
#2352 = FACE_OUTER_BOUND ( 'NONE', #1674, .T. ) ;
#2353 = CARTESIAN_POINT ( 'NONE',  ( 0.8660254037844384900, 0.4999999999999970000, -2.616666666666673400 ) ) ;
#2354 = CARTESIAN_POINT ( 'NONE',  ( -0.4273502691896249300, -0.7401923788646683800, -1.783333333333338100 ) ) ;
#2355 = VERTEX_POINT ( 'NONE', #1390 ) ;
#2356 = ORIENTED_EDGE ( 'NONE', *, *, #4153, .T. ) ;
#2357 = CARTESIAN_POINT ( 'NONE',  ( 0.0000000000000000000, -1.951563910473908000E-015, 4.299999999999999800 ) ) ;
#2358 = CARTESIAN_POINT ( 'NONE',  ( -0.7401923788646668200, -0.1983339501604595400, -1.832136720504596600 ) ) ;
#2359 = DIRECTION ( 'NONE',  ( 0.0000000000000000000, -1.000000000000000000, 0.0000000000000000000 ) ) ;
#2360 = DIRECTION ( 'NONE',  ( -0.0000000000000000000, -0.0000000000000000000, 1.000000000000000000 ) ) ;
#2361 = CARTESIAN_POINT ( 'NONE',  ( 0.5898502691896244700, -1.021650635094611700, -2.729166666666672700 ) ) ;
#2362 = ORIENTED_EDGE ( 'NONE', *, *, #2484, .T. ) ;
#2363 = CARTESIAN_POINT ( 'NONE',  ( 0.0000000000000000000, 0.9999999999999974500, -0.1500000000000119800 ) ) ;
#2364 = CARTESIAN_POINT ( 'NONE',  ( 0.4273502691896229900, -0.7401923788646693800, -0.1166666666666750600 ) ) ;
#2365 = DIRECTION ( 'NONE',  ( -0.0000000000000000000, 6.054590893736192000E-018, 1.000000000000000000 ) ) ;
#2366 = CARTESIAN_POINT ( 'NONE',  ( 0.0000000000000000000, 0.9999999999999974500, -2.600000000000000500 ) ) ;
#2367 = ORIENTED_EDGE ( 'NONE', *, *, #3523, .F. ) ;
#2368 = CARTESIAN_POINT ( 'NONE',  ( -0.8547005383792494200, -1.941610732802278000E-015, -2.650000000000003500 ) ) ;
#2369 = VERTEX_POINT ( 'NONE', #1092 ) ;
#2370 = CARTESIAN_POINT ( 'NONE',  ( -0.6410254037844361800, 0.3700961894323328600, -1.133333333333341300 ) ) ;
#2371 = ORIENTED_EDGE ( 'NONE', *, *, #48, .F. ) ;
#2372 = CARTESIAN_POINT ( 'NONE',  ( -9.204115257618702000E-030, 1.335120775940813400E-015, 2.814242081447964500 ) ) ;
#2373 = DIRECTION ( 'NONE',  ( 0.0000000000000000000, -1.000000000000000000, 6.054590893736192000E-018 ) ) ;
#2374 = CARTESIAN_POINT ( 'NONE',  ( -1.251161180115474100E-016, -1.021650635094611500, -2.362500000000006500 ) ) ;
#2375 = ORIENTED_EDGE ( 'NONE', *, *, #4217, .T. ) ;
#2376 =( BOUNDED_CURVE ( )  B_SPLINE_CURVE ( 2, ( #2887, #3538, #867, #1893, #4266, #3580, #1521, #3182, #4214 ),
 .UNSPECIFIED., .F., .F. ) 
 B_SPLINE_CURVE_WITH_KNOTS ( ( 3, 2, 2, 2, 3 ),
 ( 0.2625000000000000700, 0.2666666666666666600, 0.2750000000000000200, 0.2833333333333333300, 0.2875000000000000300 ),
 .UNSPECIFIED. ) 
 CURVE ( )  GEOMETRIC_REPRESENTATION_ITEM ( )  RATIONAL_B_SPLINE_CURVE ( ( 0.9330127018922194100, 0.9330127018922203000, 1.000000000000000000, 0.8660254037844387100, 1.000000000000000000, 0.8660254037844387100, 1.000000000000000000, 0.9330127018922189700, 0.9330127018922194100 ) ) 
 REPRESENTATION_ITEM ( '' )  );
#2377 = DIRECTION ( 'NONE',  ( -0.0000000000000000000, 6.054590893736192000E-018, 1.000000000000000000 ) ) ;
#2378 = CIRCLE ( 'NONE', #143, 0.9999999999999952300 ) ;
#2379 = CARTESIAN_POINT ( 'NONE',  ( 7.251793820239031100E-016, 0.7401923788646647100, -1.550000000000005400 ) ) ;
#2380 = CARTESIAN_POINT ( 'NONE',  ( 0.0000000000000000000, 0.9999999999999974500, -0.6000000000000056400 ) ) ;
#2381 = ORIENTED_EDGE ( 'NONE', *, *, #4180, .T. ) ;
#2382 = CARTESIAN_POINT ( 'NONE',  ( 0.8660254037844379300, -0.5000000000000021100, 0.5166666666666532800 ) ) ;
#2383 = CARTESIAN_POINT ( 'NONE',  ( 0.6410254037844369500, -0.3700961894323356300, -1.683333333333338200 ) ) ;
#2384 = FACE_OUTER_BOUND ( 'NONE', #3420, .T. ) ;
#2385 = ADVANCED_FACE ( 'NONE', ( #850 ), #1812, .T. ) ;
#2386 = DIRECTION ( 'NONE',  ( 1.000000000000000000, 0.0000000000000000000, 0.0000000000000000000 ) ) ;
#2387 = CARTESIAN_POINT ( 'NONE',  ( 0.4273502691896286500, 0.7401923788646621600, 0.7666666666666549500 ) ) ;
#2388 = CARTESIAN_POINT ( 'NONE',  ( -0.6410254037844327300, 0.3700961894323388500, 2.466666666666650800 ) ) ;
#2389 = CARTESIAN_POINT ( 'NONE',  ( 0.0000000000000000000, 0.7401923788646647100, 4.799999999999979400 ) ) ;
#2390 = VECTOR ( 'NONE', #3340, 1000.000000000000000 ) ;
#2391 = EDGE_CURVE ( 'NONE', #158, #3267, #2408, .T. ) ;
#2392 = CARTESIAN_POINT ( 'NONE',  ( -0.6410254037844369500, 0.3700961894323316300, -2.733333333333337800 ) ) ;
#2393 = CARTESIAN_POINT ( 'NONE',  ( 0.7401923788646666000, -1.993946046730061400E-015, -3.000000000000000000 ) ) ;
#2394 = DIRECTION ( 'NONE',  ( -0.0000000000000000000, -0.0000000000000000000, 1.000000000000000000 ) ) ;
#2395 = CARTESIAN_POINT ( 'NONE',  ( 0.0000000000000000000, -1.951563910473908000E-015, 4.299999999999999800 ) ) ;
#2396 = CARTESIAN_POINT ( 'NONE',  ( 0.7633974596215099600, 3.152045397562722000E-015, 2.763397459621516300 ) ) ;
#2397 = DIRECTION ( 'NONE',  ( -0.0000000000000000000, -0.0000000000000000000, 1.000000000000000000 ) ) ;
#2398 = CARTESIAN_POINT ( 'NONE',  ( -0.4273502691896249300, -0.7401923788646683800, -2.583333333333336100 ) ) ;
#2399 = EDGE_CURVE ( 'NONE', #71, #3572, #1210, .T. ) ;
#2400 = EDGE_CURVE ( 'NONE', #2949, #4340, #3699, .T. ) ;
#2401 = EDGE_LOOP ( 'NONE', ( #2106, #4048, #2001, #2276 ) ) ;
#2402 = CARTESIAN_POINT ( 'NONE',  ( 0.7321387128594597500, -0.1088928962872623000, 2.740192378864672000 ) ) ;
#2403 = CARTESIAN_POINT ( 'NONE',  ( -1.179700538379250000, -1.921710222316133300E-015, -1.687500000000003600 ) ) ;
#2404 = DIRECTION ( 'NONE',  ( -0.0000000000000000000, -0.0000000000000000000, 1.000000000000000000 ) ) ;
#2405 = FACE_OUTER_BOUND ( 'NONE', #4290, .T. ) ;
#2406 = CARTESIAN_POINT ( 'NONE',  ( 0.6410254037844374000, 0.3700961894323307500, -2.816666666666669100 ) ) ;
#2407 = CARTESIAN_POINT ( 'NONE',  ( -0.8847754037844374200, 0.5108253175473028700, -2.095833333333340300 ) ) ;
#2408 =( BOUNDED_CURVE ( )  B_SPLINE_CURVE ( 2, ( #27, #4283, #3945, #2241, #331, #4162, #3500, #4177, #2525 ),
 .UNSPECIFIED., .F., .F. ) 
 B_SPLINE_CURVE_WITH_KNOTS ( ( 3, 2, 2, 2, 3 ),
 ( 0.5374999999999999800, 0.5416666666666666300, 0.5500000000000000400, 0.5583333333333333500, 0.5625000000000000000 ),
 .UNSPECIFIED. ) 
 CURVE ( )  GEOMETRIC_REPRESENTATION_ITEM ( )  RATIONAL_B_SPLINE_CURVE ( ( 0.9330127018922194100, 0.9330127018922194100, 1.000000000000000000, 0.8660254037844387100, 1.000000000000000000, 0.8660254037844387100, 1.000000000000000000, 0.9330127018922194100, 0.9330127018922194100 ) ) 
 REPRESENTATION_ITEM ( '' )  );
#2409 = DIRECTION ( 'NONE',  ( -0.0000000000000000000, -0.0000000000000000000, 1.000000000000000000 ) ) ;
#2410 = CARTESIAN_POINT ( 'NONE',  ( 1.450358764047806200E-015, 0.7401923788646647100, 0.04999999999999102400 ) ) ;
#2411 = LINE ( 'NONE', #2632, #1394 ) ;
#2412 = CARTESIAN_POINT ( 'NONE',  ( -0.6410254037844369500, 0.3700961894323316300, -2.683333333333336200 ) ) ;
#2413 = EDGE_LOOP ( 'NONE', ( #1089, #2708, #3416, #2735, #76 ) ) ;
#2414 = CARTESIAN_POINT ( 'NONE',  ( -0.7401923788646667100, -3.253724281355068500E-015, -0.3000000000000089800 ) ) ;
#2415 = CARTESIAN_POINT ( 'NONE',  ( 0.0000000000000000000, 0.7401923788646647100, -2.350000000000003600 ) ) ;
#2416 = ORIENTED_EDGE ( 'NONE', *, *, #3836, .F. ) ;
#2417 = CARTESIAN_POINT ( 'NONE',  ( 0.0000000000000000000, -1.951563910473908000E-015, 4.299999999999999800 ) ) ;
#2418 = CARTESIAN_POINT ( 'NONE',  ( 0.0000000000000000000, 1.021650635094607700, -2.987500000000000700 ) ) ;
#2419 = CARTESIAN_POINT ( 'NONE',  ( -0.7401923788646668200, -0.1983339501604593500, -1.482136720504599000 ) ) ;
#2420 = CARTESIAN_POINT ( 'NONE',  ( -0.5898502691896252400, -1.021650635094611300, -1.195833333333342600 ) ) ;
#2421 = ORIENTED_EDGE ( 'NONE', *, *, #4061, .T. ) ;
#2422 = DIRECTION ( 'NONE',  ( -0.0000000000000000000, -0.0000000000000000000, 1.000000000000000000 ) ) ;
#2423 = DIRECTION ( 'NONE',  ( -0.0000000000000000000, -0.0000000000000000000, 1.000000000000000000 ) ) ;
#2424 = CARTESIAN_POINT ( 'NONE',  ( -2.710505431213761100E-016, -0.7505553499465117400, 4.299999999999999800 ) ) ;
#2425 = CARTESIAN_POINT ( 'NONE',  ( -0.4273502691896246500, 0.7401923788646646000, 2.033333333333318600 ) ) ;
#2426 = EDGE_CURVE ( 'NONE', #3048, #3097, #1487, .T. ) ;
#2427 = VERTEX_POINT ( 'NONE', #2835 ) ;
#2428 = CARTESIAN_POINT ( 'NONE',  ( 0.7978784486061872800, -0.6180339887498517100, -2.691202265916663000 ) ) ;
#2429 = CARTESIAN_POINT ( 'NONE',  ( -0.6410254037844370600, 0.3700961894323314100, -0.6833333333333404500 ) ) ;
#2430 = ORIENTED_EDGE ( 'NONE', *, *, #78, .T. ) ;
#2431 = ADVANCED_FACE ( 'NONE', ( #3861 ), #117, .F. ) ;
#2432 = CARTESIAN_POINT ( 'NONE',  ( -1.224646799147352500E-016, -1.000000000000001300, 1.199999999999990900 ) ) ;
#2433 = CARTESIAN_POINT ( 'NONE',  ( -0.4273502691896269900, -0.7401923788646672700, 2.616666666666652000 ) ) ;
#2434 = ORIENTED_EDGE ( 'NONE', *, *, #2511, .F. ) ;
#2435 =( BOUNDED_CURVE ( )  B_SPLINE_CURVE ( 2, ( #3090, #63, #2776, #4105, #367, #411, #2465 ),
 .UNSPECIFIED., .F., .F. ) 
 B_SPLINE_CURVE_WITH_KNOTS ( ( 3, 2, 2, 3 ),
 ( 0.5750000000000000700, 0.5833333333333333700, 0.5916666666666667900, 0.6000000000000000900 ),
 .UNSPECIFIED. ) 
 CURVE ( )  GEOMETRIC_REPRESENTATION_ITEM ( )  RATIONAL_B_SPLINE_CURVE ( ( 0.9999999999999982200, 0.8660254037844403700, 1.000000000000000000, 0.8660254037844386000, 1.000000000000000000, 0.8660254037844368200, 1.000000000000001800 ) ) 
 REPRESENTATION_ITEM ( '' )  );
#2436 = CARTESIAN_POINT ( 'NONE',  ( -0.5898502691896250200, 1.021650635094607700, -2.554166666666668000 ) ) ;
#2437 = CARTESIAN_POINT ( 'NONE',  ( 0.5898502691896244700, -1.021650635094611700, -0.3291666666666776500 ) ) ;
#2438 = VERTEX_POINT ( 'NONE', #3114 ) ;
#2439 = CARTESIAN_POINT ( 'NONE',  ( 0.0000000000000000000, 0.9999999999999974500, 2.199999999999988600 ) ) ;
#2440 = CARTESIAN_POINT ( 'NONE',  ( 0.5942232319303671900, 0.4413428467343285000, 2.740192378864672000 ) ) ;
#2441 = DIRECTION ( 'NONE',  ( -0.0000000000000000000, 6.054590893736192000E-018, 1.000000000000000000 ) ) ;
#2442 = CARTESIAN_POINT ( 'NONE',  ( 0.0000000000000000000, 0.9999999999999974500, -1.350000000000009000 ) ) ;
#2443 = DIRECTION ( 'NONE',  ( 1.000000000000000000, 0.0000000000000000000, 0.0000000000000000000 ) ) ;
#2444 = FACE_OUTER_BOUND ( 'NONE', #1404, .T. ) ;
#2445 = CARTESIAN_POINT ( 'NONE',  ( 0.6410254037844374000, 0.3700961894323307500, 0.7833333333333234400 ) ) ;
#2446 = CARTESIAN_POINT ( 'NONE',  ( 0.6410254037844346200, -0.3700961894323395700, -0.1333333333333433800 ) ) ;
#2447 = CARTESIAN_POINT ( 'NONE',  ( -0.6410254037844365100, 0.3700961894323324100, -2.333333333333338400 ) ) ;
#2448 = CARTESIAN_POINT ( 'NONE',  ( -1.224646799147352500E-016, -1.000000000000001300, -2.350000000000007200 ) ) ;
#2449 = CARTESIAN_POINT ( 'NONE',  ( -1.251161180115474100E-016, -1.021650635094611500, -0.7625000000000101700 ) ) ;
#2450 = CARTESIAN_POINT ( 'NONE',  ( -0.7401923788646664900, 0.1983339501604576600, -2.717863279495412500 ) ) ;
#2451 = DIRECTION ( 'NONE',  ( -0.0000000000000000000, -0.0000000000000000000, 1.000000000000000000 ) ) ;
#2452 = CARTESIAN_POINT ( 'NONE',  ( 0.7401923788646660500, -3.340877610319936300E-016, 1.899999999999986100 ) ) ;
#2453 = CARTESIAN_POINT ( 'NONE',  ( 0.6499999999999986900, 0.3752776749732553200, 3.389999999999999700 ) ) ;
#2454 = CARTESIAN_POINT ( 'NONE',  ( -0.6410254037844382900, -0.3700961894323332400, -1.866666666666672700 ) ) ;
#2455 = ORIENTED_EDGE ( 'NONE', *, *, #3325, .T. ) ;
#2456 = CARTESIAN_POINT ( 'NONE',  ( -0.8547005383792494200, -1.941610732802278000E-015, -0.6500000000000073500 ) ) ;
#2457 = CARTESIAN_POINT ( 'NONE',  ( -0.8547005383792494200, -1.941610732802278000E-015, -1.100000000000007600 ) ) ;
#2458 = EDGE_CURVE ( 'NONE', #4298, #2616, #2069, .T. ) ;
#2459 = CARTESIAN_POINT ( 'NONE',  ( -4.351992621643154100E-015, -0.7401923788646686000, 0.5999999999999885400 ) ) ;
#2460 = CARTESIAN_POINT ( 'NONE',  ( 0.7401923788646660500, -0.1983339501604632100, -0.8678632794954148600 ) ) ;
#2461 = CARTESIAN_POINT ( 'NONE',  ( -0.8847754037844375300, 0.5108253175473029800, -2.920833333333333800 ) ) ;
#2462 = CARTESIAN_POINT ( 'NONE',  ( -0.5898502691896248000, 1.021650635094607500, -0.5291666666666773300 ) ) ;
#2463 = ORIENTED_EDGE ( 'NONE', *, *, #3302, .F. ) ;
#2464 = DIRECTION ( 'NONE',  ( -0.0000000000000000000, -0.0000000000000000000, 1.000000000000000000 ) ) ;
#2465 = CARTESIAN_POINT ( 'NONE',  ( 0.0000000000000000000, 0.9999999999999974500, -0.1500000000000119800 ) ) ;
#2466 = DIRECTION ( 'NONE',  ( -0.0000000000000000000, -0.0000000000000000000, 1.000000000000000000 ) ) ;
#2467 = VERTEX_POINT ( 'NONE', #1436 ) ;
#2468 = CARTESIAN_POINT ( 'NONE',  ( -1.224646799147352500E-016, -1.000000000000001300, 1.649999999999983900 ) ) ;
#2469 = CARTESIAN_POINT ( 'NONE',  ( 0.4273502691896244900, -0.7401923788646687100, -0.9166666666666732900 ) ) ;
#2470 = ORIENTED_EDGE ( 'NONE', *, *, #637, .T. ) ;
#2471 = CARTESIAN_POINT ( 'NONE',  ( -9.064742275298788900E-017, -0.7401923788646686000, -2.200000000000005500 ) ) ;
#2472 = ORIENTED_EDGE ( 'NONE', *, *, #1900, .F. ) ;
#2473 = CARTESIAN_POINT ( 'NONE',  ( -0.8847754037844375300, 0.5108253175473029800, -0.1208333333333399800 ) ) ;
#2474 = CARTESIAN_POINT ( 'NONE',  ( -0.8847754037844374200, 0.5108253175473028700, -1.295833333333342500 ) ) ;
#2475 = CARTESIAN_POINT ( 'NONE',  ( -0.6410254037844364000, 0.3700961894323325200, -1.933333333333339100 ) ) ;
#2476 = ORIENTED_EDGE ( 'NONE', *, *, #661, .F. ) ;
#2477 = CARTESIAN_POINT ( 'NONE',  ( -1.224646799147352500E-016, -1.000000000000001300, -0.7500000000000105500 ) ) ;
#2478 = CARTESIAN_POINT ( 'NONE',  ( 0.8547005383792494200, -2.150951988513411000E-015, -2.500000000000004900 ) ) ;
#2479 = CARTESIAN_POINT ( 'NONE',  ( -0.6410254037844359500, 0.3700961894323331900, -0.2833333333333411500 ) ) ;
#2480 = ORIENTED_EDGE ( 'NONE', *, *, #1429, .F. ) ;
#2481 = CARTESIAN_POINT ( 'NONE',  ( -0.4273502691896137700, 0.7401923788646709300, 2.483333333333318700 ) ) ;
#2482 = EDGE_CURVE ( 'NONE', #1360, #296, #208, .T. ) ;
#2483 = AXIS2_PLACEMENT_3D ( 'NONE', #652, #3010, #684 ) ;
#2484 = EDGE_CURVE ( 'NONE', #4340, #3578, #750, .T. ) ;
#2485 = CYLINDRICAL_SURFACE ( 'NONE', #374, 0.9999999999999993300 ) ;
#2486 = CARTESIAN_POINT ( 'NONE',  ( -0.4273502691896249300, -0.7401923788646683800, 0.2166666666666575100 ) ) ;
#2487 = CARTESIAN_POINT ( 'NONE',  ( -0.4273502691896249300, -0.7401923788646683800, -1.833333333333339700 ) ) ;
#2488 = VERTEX_POINT ( 'NONE', #421 ) ;
#2489 =( BOUNDED_CURVE ( )  B_SPLINE_CURVE ( 2, ( #1010, #1051, #332, #706, #1068, #2364, #3027, #3413, #4104 ),
 .UNSPECIFIED., .F., .F. ) 
 B_SPLINE_CURVE_WITH_KNOTS ( ( 3, 2, 2, 2, 3 ),
 ( 0.3625000000000000400, 0.3666666666666666400, 0.3750000000000000000, 0.3833333333333333600, 0.3875000000000000700 ),
 .UNSPECIFIED. ) 
 CURVE ( )  GEOMETRIC_REPRESENTATION_ITEM ( )  RATIONAL_B_SPLINE_CURVE ( ( 0.9330127018922194100, 0.9330127018922203000, 1.000000000000000000, 0.8660254037844387100, 1.000000000000000000, 0.8660254037844387100, 1.000000000000000000, 0.9330127018922185200, 0.9330127018922194100 ) ) 
 REPRESENTATION_ITEM ( '' )  );
#2490 = CARTESIAN_POINT ( 'NONE',  ( 0.7401923788646667100, -1.379927708610408400E-015, -1.700000000000006000 ) ) ;
#2491 = VECTOR ( 'NONE', #2513, 1000.000000000000000 ) ;
#2492 = CARTESIAN_POINT ( 'NONE',  ( -0.5898502691896253500, -1.021650635094611300, -0.8208333333333388500 ) ) ;
#2493 = ORIENTED_EDGE ( 'NONE', *, *, #2262, .F. ) ;
#2494 = DIRECTION ( 'NONE',  ( -0.0000000000000000000, 6.054590893736192000E-018, 1.000000000000000000 ) ) ;
#2495 = CARTESIAN_POINT ( 'NONE',  ( -0.8847754037844375300, -0.5108253175473065300, 1.970833333333317400 ) ) ;
#2496 = DIRECTION ( 'NONE',  ( -0.0000000000000000000, -0.0000000000000000000, 1.000000000000000000 ) ) ;
#2497 = CARTESIAN_POINT ( 'NONE',  ( -0.7401923788646674900, -3.413505384457326200E-015, 2.149999999999987900 ) ) ;
#2498 = FACE_OUTER_BOUND ( 'NONE', #1029, .T. ) ;
#2499 = CARTESIAN_POINT ( 'NONE',  ( -0.5773502691896285100, 0.9999999999999922300, -2.566666666666668200 ) ) ;
#2500 = CARTESIAN_POINT ( 'NONE',  ( -0.4273502691896249300, -0.7401923788646683800, 1.016666666666656200 ) ) ;
#2501 = CARTESIAN_POINT ( 'NONE',  ( -0.8547005383792494200, -1.941610732802278000E-015, -0.3000000000000094300 ) ) ;
#2502 = DIRECTION ( 'NONE',  ( -0.0000000000000000000, 6.054590893736192000E-018, 1.000000000000000000 ) ) ;
#2503 = CARTESIAN_POINT ( 'NONE',  ( 0.8847754037844373100, -0.5108253175473073100, -0.7208333333333389900 ) ) ;
#2504 = CARTESIAN_POINT ( 'NONE',  ( 0.0000000000000000000, -1.000000000000001300, 4.299999999999999800 ) ) ;
#2505 = ORIENTED_EDGE ( 'NONE', *, *, #3300, .T. ) ;
#2506 = CARTESIAN_POINT ( 'NONE',  ( 0.8847754037844378600, 0.5108253175473020900, 1.770833333333317900 ) ) ;
#2507 = AXIS2_PLACEMENT_3D ( 'NONE', #1830, #2205, #3913 ) ;
#2508 = EDGE_CURVE ( 'NONE', #364, #2691, #1624, .T. ) ;
#2509 = CARTESIAN_POINT ( 'NONE',  ( 0.7401923788646666000, -2.454818765843779200E-015, -2.100000000000005400 ) ) ;
#2510 = CARTESIAN_POINT ( 'NONE',  ( 0.0000000000000000000, -1.749999999999998000, 3.000000000000000000 ) ) ;
#2511 = EDGE_CURVE ( 'NONE', #1360, #1949, #3422, .T. ) ;
#2512 = CIRCLE ( 'NONE', #3391, 0.7505553499465115200 ) ;
#2513 = DIRECTION ( 'NONE',  ( 0.7071067811865487900, -8.659560562354948900E-017, 0.7071067811865463500 ) ) ;
#2514 = CARTESIAN_POINT ( 'NONE',  ( -1.224646799147352500E-016, -1.000000000000001300, 0.8499999999999863200 ) ) ;
#2515 =( BOUNDED_CURVE ( )  B_SPLINE_CURVE ( 2, ( #4108, #735, #2104, #1412, #52, #397, #751 ),
 .UNSPECIFIED., .F., .F. ) 
 B_SPLINE_CURVE_WITH_KNOTS ( ( 3, 2, 2, 3 ),
 ( 0.3250000000000001200, 0.3333333333333334300, 0.3416666666666667900, 0.3500000000000000900 ),
 .UNSPECIFIED. ) 
 CURVE ( )  GEOMETRIC_REPRESENTATION_ITEM ( )  RATIONAL_B_SPLINE_CURVE ( ( 0.9999999999999982200, 0.8660254037844404800, 1.000000000000000000, 0.8660254037844387100, 1.000000000000000000, 0.8660254037844369300, 1.000000000000001800 ) ) 
 REPRESENTATION_ITEM ( '' )  );
#2516 = FACE_OUTER_BOUND ( 'NONE', #289, .T. ) ;
#2517 = CARTESIAN_POINT ( 'NONE',  ( 0.6410254037844374000, 0.3700961894323307500, 1.183333333333321800 ) ) ;
#2518 = CC_DESIGN_PERSON_AND_ORGANIZATION_ASSIGNMENT ( #2280, #3944, ( #4344 ) ) ;
#2519 = CARTESIAN_POINT ( 'NONE',  ( 0.8547005383792494200, -2.150951988513411000E-015, -0.5000000000000091000 ) ) ;
#2520 = EDGE_CURVE ( 'NONE', #4220, #2547, #3472, .T. ) ;
#2521 =( BOUNDED_CURVE ( )  B_SPLINE_CURVE ( 2, ( #2009, #1666, #3357, #1300, #1288, #2033, #315 ),
 .UNSPECIFIED., .F., .F. ) 
 B_SPLINE_CURVE_WITH_KNOTS ( ( 3, 2, 2, 3 ),
 ( 0.1500000000000000200, 0.1583333333333333500, 0.1666666666666667100, 0.1750000000000000400 ),
 .UNSPECIFIED. ) 
 CURVE ( )  GEOMETRIC_REPRESENTATION_ITEM ( )  RATIONAL_B_SPLINE_CURVE ( ( 0.9999999999999995600, 0.8660254037844391500, 1.000000000000000000, 0.8660254037844387100, 1.000000000000000000, 0.8660254037844378200, 1.000000000000000900 ) ) 
 REPRESENTATION_ITEM ( '' )  );
#2522 = VERTEX_POINT ( 'NONE', #3251 ) ;
#2523 = CARTESIAN_POINT ( 'NONE',  ( -1.224646799147352500E-016, -1.000000000000001300, 2.799999999999987400 ) ) ;
#2524 = CARTESIAN_POINT ( 'NONE',  ( 1.179700538379250000, -2.210653519971845100E-015, -1.087500000000004800 ) ) ;
#2525 = CARTESIAN_POINT ( 'NONE',  ( -0.7401923788646674900, 1.191095495853194700E-015, 1.299999999999986900 ) ) ;
#2526 = CARTESIAN_POINT ( 'NONE',  ( -0.8847754037844375300, -0.5108253175473065300, 2.370833333333316700 ) ) ;
#2527 = ORIENTED_EDGE ( 'NONE', *, *, #3189, .T. ) ;
#2528 = CARTESIAN_POINT ( 'NONE',  ( -0.8474259163717574600, -0.1178600514174800000, 2.847425916371706800 ) ) ;
#2529 = ORIENTED_EDGE ( 'NONE', *, *, #2177, .F. ) ;
#2530 = CARTESIAN_POINT ( 'NONE',  ( 0.0000000000000000000, 2.603474084306562500E-017, 4.299999999999999800 ) ) ;
#2531 = CARTESIAN_POINT ( 'NONE',  ( 0.8547005383792494200, -2.150951988513411000E-015, 1.549999999999987800 ) ) ;
#2532 = CARTESIAN_POINT ( 'NONE',  ( 0.4273502691896244900, -0.7401923788646687100, -0.1666666666666764800 ) ) ;
#2533 = ORIENTED_EDGE ( 'NONE', *, *, #2842, .T. ) ;
#2534 = DIRECTION ( 'NONE',  ( 1.000000000000000000, 0.0000000000000000000, 0.0000000000000000000 ) ) ;
#2535 = ORIENTED_EDGE ( 'NONE', *, *, #399, .F. ) ;
#2536 = CARTESIAN_POINT ( 'NONE',  ( -0.5898502691896253500, -1.021650635094611300, -0.02083333333334057600 ) ) ;
#2537 = VECTOR ( 'NONE', #96, 1000.000000000000000 ) ;
#2538 = CARTESIAN_POINT ( 'NONE',  ( 0.7401923788646663800, -0.1983339501604631800, 1.882136720504577400 ) ) ;
#2539 = CARTESIAN_POINT ( 'NONE',  ( -1.179700538379249800, -1.921710222316133300E-015, 0.3374999999999874800 ) ) ;
#2540 = ORIENTED_EDGE ( 'NONE', *, *, #3409, .F. ) ;
#2541 = PLANE ( 'NONE',  #3170 ) ;
#2542 = FACE_OUTER_BOUND ( 'NONE', #3731, .T. ) ;
#2543 = CARTESIAN_POINT ( 'NONE',  ( -1.224646799147352500E-016, -1.000000000000001300, -1.600000000000003400 ) ) ;
#2544 = EDGE_CURVE ( 'NONE', #718, #318, #1951, .T. ) ;
#2545 = AXIS2_PLACEMENT_3D ( 'NONE', #1785, #2451, #2775 ) ;
#2546 = CARTESIAN_POINT ( 'NONE',  ( 0.6499999999999986900, 0.1321850107167406300, 4.199444650053488100 ) ) ;
#2547 = VERTEX_POINT ( 'NONE', #535 ) ;
#2548 = CYLINDRICAL_SURFACE ( 'NONE', #2721, 0.7401923788646666000 ) ;
#2549 = CARTESIAN_POINT ( 'NONE',  ( -0.6410254037844370600, 0.3700961894323314100, 2.916666666666651400 ) ) ;
#2550 = CARTESIAN_POINT ( 'NONE',  ( 0.0000000000000000000, 0.7401923788646647100, 0.7999999999999882800 ) ) ;
#2551 = CARTESIAN_POINT ( 'NONE',  ( -0.1021696567345117500, -0.6915676711278294600, 4.241012321179928400 ) ) ;
#2552 = FACE_OUTER_BOUND ( 'NONE', #2272, .T. ) ;
#2553 = CARTESIAN_POINT ( 'NONE',  ( 0.7401923788646660500, -5.243725292719552800E-015, 1.149999999999988800 ) ) ;
#2554 = CARTESIAN_POINT ( 'NONE',  ( -0.5898502691896253500, -1.021650635094611300, 1.179166666666657400 ) ) ;
#2555 = CARTESIAN_POINT ( 'NONE',  ( -0.8847754037844374200, 0.5108253175473028700, 1.104166666666652500 ) ) ;
#2556 = VECTOR ( 'NONE', #2464, 1000.000000000000000 ) ;
#2557 = DIRECTION ( 'NONE',  ( -0.0000000000000000000, 6.054590893736192000E-018, 1.000000000000000000 ) ) ;
#2558 = CARTESIAN_POINT ( 'NONE',  ( 0.0000000000000000000, -1.951563910473908000E-015, 4.299999999999999800 ) ) ;
#2559 = CARTESIAN_POINT ( 'NONE',  ( -1.251161180115474100E-016, -1.021650635094611500, 3.637499999999980200 ) ) ;
#2560 = CARTESIAN_POINT ( 'NONE',  ( -0.6410254037844370600, 0.3700961894323314100, 1.716666666666654600 ) ) ;
#2561 = CARTESIAN_POINT ( 'NONE',  ( -0.8547005383792494200, -1.941610732802278000E-015, 1.699999999999986000 ) ) ;
#2562 = CARTESIAN_POINT ( 'NONE',  ( -3.808108085125226800E-015, -0.7401923788646686000, -0.5500000000000074800 ) ) ;
#2563 = ORIENTED_EDGE ( 'NONE', *, *, #3898, .T. ) ;
#2564 = CARTESIAN_POINT ( 'NONE',  ( 0.8847754037844380900, 0.5108253175473022000, 1.745833333333322200 ) ) ;
#2565 = CARTESIAN_POINT ( 'NONE',  ( -0.5898502691896252400, -1.021650635094611300, 2.804166666666648000 ) ) ;
#2566 = ADVANCED_FACE ( 'NONE', ( #2293 ), #1806, .F. ) ;
#2567 = EDGE_CURVE ( 'NONE', #1351, #2201, #2006, .T. ) ;
#2568 = CARTESIAN_POINT ( 'NONE',  ( 0.0000000000000000000, 0.9999999999999974500, -0.9500000000000101700 ) ) ;
#2569 =( BOUNDED_CURVE ( )  B_SPLINE_CURVE ( 2, ( #2568, #1182, #2916, #2582, #523, #220, #551 ),
 .UNSPECIFIED., .F., .F. ) 
 B_SPLINE_CURVE_WITH_KNOTS ( ( 3, 2, 2, 3 ),
 ( 0.7000000000000001800, 0.7083333333333334800, 0.7166666666666667900, 0.7250000000000000900 ),
 .UNSPECIFIED. ) 
 CURVE ( )  GEOMETRIC_REPRESENTATION_ITEM ( )  RATIONAL_B_SPLINE_CURVE ( ( 0.9999999999999964500, 0.8660254037844421500, 1.000000000000000000, 0.8660254037844386000, 1.000000000000000000, 0.8660254037844368200, 1.000000000000001800 ) ) 
 REPRESENTATION_ITEM ( '' )  );
#2570 = EDGE_CURVE ( 'NONE', #3157, #1987, #1912, .T. ) ;
#2571 = ORIENTED_EDGE ( 'NONE', *, *, #2116, .F. ) ;
#2572 = CARTESIAN_POINT ( 'NONE',  ( 0.7401923788646666000, -2.832483191358207100E-015, -1.250000000000005800 ) ) ;
#2573 = CARTESIAN_POINT ( 'NONE',  ( -1.179700538379249800, -1.921710222316133300E-015, 3.137499999999981500 ) ) ;
#2574 = PERSON_AND_ORGANIZATION_ROLE ( 'creator' ) ;
#2575 = CARTESIAN_POINT ( 'NONE',  ( 0.4273502691896244900, -0.7401923788646687100, 3.883333333333315500 ) ) ;
#2576 = VERTEX_POINT ( 'NONE', #2880 ) ;
#2577 = CARTESIAN_POINT ( 'NONE',  ( -0.6410254037844370600, 0.3700961894323314100, 0.4666666666666556300 ) ) ;
#2578 = ORIENTED_EDGE ( 'NONE', *, *, #3575, .F. ) ;
#2579 = CARTESIAN_POINT ( 'NONE',  ( -0.8847754037844375300, 0.5108253175473029800, 1.079166666666657100 ) ) ;
#2580 = CARTESIAN_POINT ( 'NONE',  ( -0.1200778981531913800, -0.7303876067571578600, -2.959807621135332600 ) ) ;
#2581 = CARTESIAN_POINT ( 'NONE',  ( -0.5898502691896248000, 1.021650635094607500, 3.070833333333315500 ) ) ;
#2582 = CARTESIAN_POINT ( 'NONE',  ( 1.154700538379251000, -2.206061094475043000E-015, -1.050000000000010300 ) ) ;
#2583 = EDGE_LOOP ( 'NONE', ( #1516, #3908, #1576, #1554 ) ) ;
#2584 = CARTESIAN_POINT ( 'NONE',  ( 0.7401923788646663800, 0.1983339501604560200, -1.682136720504597800 ) ) ;
#2585 = CARTESIAN_POINT ( 'NONE',  ( 0.0000000000000000000, 0.9999999999999973400, -1.750000000000008200 ) ) ;
#2586 = CARTESIAN_POINT ( 'NONE',  ( 0.5898502691896244700, -1.021650635094611700, 4.470833333333311000 ) ) ;
#2587 = B_SPLINE_CURVE_WITH_KNOTS ( 'NONE', 3,
 ( #269, #3022, #957, #1993, #2019, #3327 ),
 .UNSPECIFIED., .F., .F.,
 ( 4, 2, 4 ),
 ( 0.004813338429654026200, 0.005203454151197811800, 0.005593569872741597400 ),
 .UNSPECIFIED. ) ;
#2588 = PERSON_AND_ORGANIZATION ( #1331, #4292 ) ;
#2589 = ORIENTED_EDGE ( 'NONE', *, *, #1943, .F. ) ;
#2590 = CARTESIAN_POINT ( 'NONE',  ( 0.0000000000000000000, 0.9999999999999974500, -0.1500000000000119800 ) ) ;
#2591 = ADVANCED_FACE ( 'NONE', ( #2911 ), #3805, .T. ) ;
#2592 = PERSON_AND_ORGANIZATION_ROLE ( 'design_supplier' ) ;
#2593 = CARTESIAN_POINT ( 'NONE',  ( -0.8547005383792494200, -1.941610732802278000E-015, 4.149999999999982600 ) ) ;
#2594 = CARTESIAN_POINT ( 'NONE',  ( -0.4273502691896246500, 0.7401923788646646000, 0.03333333333332316000 ) ) ;
#2595 = ORIENTED_EDGE ( 'NONE', *, *, #1284, .F. ) ;
#2596 = CONICAL_SURFACE ( 'NONE', #1234, 0.9999999999999952300, 0.7853981633974500600 ) ;
#2597 = AXIS2_PLACEMENT_3D ( 'NONE', #953, #1297, #3312 ) ;
#2598 = CARTESIAN_POINT ( 'NONE',  ( 0.5898502691896245800, -1.021650635094612000, 1.245833333333323600 ) ) ;
#2599 = ORIENTED_EDGE ( 'NONE', *, *, #1662, .T. ) ;
#2600 = EDGE_CURVE ( 'NONE', #296, #883, #3835, .T. ) ;
#2601 = CARTESIAN_POINT ( 'NONE',  ( 0.5019226689230251700, 0.5802543828326886000, 2.748920479978854000 ) ) ;
#2602 = CARTESIAN_POINT ( 'NONE',  ( -0.7401923788646659300, -0.1983339501604586600, 0.9678632794953973000 ) ) ;
#2603 = EDGE_LOOP ( 'NONE', ( #1071, #2563, #3485, #2974, #4213, #1632, #3109 ) ) ;
#2604 = LINE ( 'NONE', #3877, #2239 ) ;
#2605 = CARTESIAN_POINT ( 'NONE',  ( -0.7401923788646674900, 1.191095495853194700E-015, 1.299999999999986900 ) ) ;
#2606 = CARTESIAN_POINT ( 'NONE',  ( 0.6499999999999986900, 0.3752776749732551500, 4.299999999999999800 ) ) ;
#2607 = CARTESIAN_POINT ( 'NONE',  ( -0.7401923788646664900, -1.917373237227094000E-015, -2.300000000000004700 ) ) ;
#2608 = CARTESIAN_POINT ( 'NONE',  ( 0.6410254037844374000, 0.3700961894323307500, 3.983333333333316100 ) ) ;
#2609 = LINE ( 'NONE', #700, #3335 ) ;
#2610 = CARTESIAN_POINT ( 'NONE',  ( -0.6410254037844358400, 0.3700961894323335200, 0.5166666666666570600 ) ) ;
#2611 = CARTESIAN_POINT ( 'NONE',  ( -0.8847754037844375300, 0.5108253175473029800, 1.479166666666656300 ) ) ;
#2612 = CARTESIAN_POINT ( 'NONE',  ( -0.7401923788646666000, -1.292774379645540600E-015, -2.700000000000004600 ) ) ;
#2613 = ADVANCED_FACE ( 'NONE', ( #1374 ), #1597, .T. ) ;
#2614 = CARTESIAN_POINT ( 'NONE',  ( 0.8660254037844379300, -0.5000000000000021100, 0.1166666666666543900 ) ) ;
#2615 = CARTESIAN_POINT ( 'NONE',  ( 0.6410254037844377300, 0.3700961894323300800, 1.983333333333320500 ) ) ;
#2616 = VERTEX_POINT ( 'NONE', #4301 ) ;
#2617 = CARTESIAN_POINT ( 'NONE',  ( -0.6410254037844362900, 0.3700961894323326900, -1.533333333333340100 ) ) ;
#2618 = CARTESIAN_POINT ( 'NONE',  ( -9.064742275298788900E-017, -0.7401923788646686000, 2.999999999999983600 ) ) ;
#2619 = LINE ( 'NONE', #2070, #1615 ) ;
#2620 = CARTESIAN_POINT ( 'NONE',  ( -0.4273502691896249300, -0.7401923788646683800, 4.216666666666649000 ) ) ;
#2621 = CARTESIAN_POINT ( 'NONE',  ( 0.6410254037844400600, 0.3700961894323260800, 0.3833333333333236400 ) ) ;
#2622 = EDGE_CURVE ( 'NONE', #2930, #1511, #2604, .T. ) ;
#2623 = FACE_OUTER_BOUND ( 'NONE', #26, .T. ) ;
#2624 = CARTESIAN_POINT ( 'NONE',  ( 0.0000000000000000000, 1.021650635094607700, 3.012499999999986400 ) ) ;
#2625 =( BOUNDED_CURVE ( )  B_SPLINE_CURVE ( 2, ( #538, #3880, #1503, #3912, #4247, #879, #4263 ),
 .UNSPECIFIED., .F., .F. ) 
 B_SPLINE_CURVE_WITH_KNOTS ( ( 3, 2, 2, 3 ),
 ( 0.6250000000000000000, 0.6333333333333334100, 0.6416666666666668300, 0.6500000000000002400 ),
 .UNSPECIFIED. ) 
 CURVE ( )  GEOMETRIC_REPRESENTATION_ITEM ( )  RATIONAL_B_SPLINE_CURVE ( ( 1.000000000000000000, 0.8660254037844387100, 1.000000000000000000, 0.8660254037844387100, 1.000000000000000000, 0.8660254037844351500, 1.000000000000003600 ) ) 
 REPRESENTATION_ITEM ( '' )  );
#2626 = CARTESIAN_POINT ( 'NONE',  ( 0.0000000000000000000, 0.9999999999999974500, 1.849999999999983700 ) ) ;
#2627 = ORIENTED_EDGE ( 'NONE', *, *, #1717, .T. ) ;
#2628 = EDGE_CURVE ( 'NONE', #3469, #777, #357, .T. ) ;
#2629 = AXIS2_PLACEMENT_3D ( 'NONE', #990, #1005, #1664 ) ;
#2630 = CARTESIAN_POINT ( 'NONE',  ( -0.5773502691896302800, -0.9999999999999935600, -1.183333333333343800 ) ) ;
#2631 = EDGE_CURVE ( 'NONE', #4116, #1208, #1342, .T. ) ;
#2632 = CARTESIAN_POINT ( 'NONE',  ( 0.0000000000000000000, -1.000000000000001300, 4.299999999999999800 ) ) ;
#2633 = CARTESIAN_POINT ( 'NONE',  ( -0.4273502691896249300, -0.7401923788646683800, 3.366666666666648900 ) ) ;
#2634 = ORIENTED_EDGE ( 'NONE', *, *, #975, .F. ) ;
#2635 = CARTESIAN_POINT ( 'NONE',  ( 0.05078453885288283800, -0.7212348827691295000, 4.270679532822619300 ) ) ;
#2636 = ADVANCED_FACE ( 'NONE', ( #1323 ), #1158, .T. ) ;
#2637 = CARTESIAN_POINT ( 'NONE',  ( 0.4273502691896251500, 0.7401923788646644900, 4.016666666666648800 ) ) ;
#2638 = CARTESIAN_POINT ( 'NONE',  ( 0.8660254037844378200, -0.5000000000000021100, -1.133333333333337700 ) ) ;
#2639 = EDGE_LOOP ( 'NONE', ( #3224, #54, #3620, #2840 ) ) ;
#2640 = CARTESIAN_POINT ( 'NONE',  ( -0.5898502691896253500, -1.021650635094611300, 3.979166666666651000 ) ) ;
#2641 = CARTESIAN_POINT ( 'NONE',  ( -0.7401923788646673800, 0.1983339501604582700, -0.7178632794954166200 ) ) ;
#2642 = ORIENTED_EDGE ( 'NONE', *, *, #669, .F. ) ;
#2643 = EDGE_LOOP ( 'NONE', ( #3026, #822, #3000, #3953 ) ) ;
#2644 = CARTESIAN_POINT ( 'NONE',  ( -1.224646799147352500E-016, -1.000000000000001300, 0.3999999999999921400 ) ) ;
#2645 = CARTESIAN_POINT ( 'NONE',  ( 0.0000000000000000000, 2.603474084306562500E-017, 4.299999999999999800 ) ) ;
#2646 = CARTESIAN_POINT ( 'NONE',  ( 0.4273502691896244900, -0.7401923788646687100, 3.433333333333315800 ) ) ;
#2647 = AXIS2_PLACEMENT_3D ( 'NONE', #3237, #2883, #1229 ) ;
#2648 = VERTEX_POINT ( 'NONE', #2612 ) ;
#2649 = CARTESIAN_POINT ( 'NONE',  ( -0.6410254037844386200, -0.3700961894323324700, 0.1333333333333229800 ) ) ;
#2650 = FACE_OUTER_BOUND ( 'NONE', #1913, .T. ) ;
#2651 = PLANE ( 'NONE',  #2081 ) ;
#2652 = CARTESIAN_POINT ( 'NONE',  ( 0.7401923788646666000, -1.016788837923458900E-015, 0.6999999999999888500 ) ) ;
#2653 = ORIENTED_EDGE ( 'NONE', *, *, #4011, .F. ) ;
#2654 = FACE_OUTER_BOUND ( 'NONE', #527, .T. ) ;
#2655 = CARTESIAN_POINT ( 'NONE',  ( 0.5898502691896245800, -1.021650635094612000, 4.045833333333317400 ) ) ;
#2656 = EDGE_CURVE ( 'NONE', #3359, #296, #2657, .T. ) ;
#2657 =( BOUNDED_CURVE ( )  B_SPLINE_CURVE ( 2, ( #3282, #2296, #1285, #564, #2929, #1244, #2943 ),
 .UNSPECIFIED., .F., .F. ) 
 B_SPLINE_CURVE_WITH_KNOTS ( ( 3, 2, 2, 3 ),
 ( 0.4500000000000000100, 0.4583333333333334300, 0.4666666666666667300, 0.4750000000000000300 ),
 .UNSPECIFIED. ) 
 CURVE ( )  GEOMETRIC_REPRESENTATION_ITEM ( )  RATIONAL_B_SPLINE_CURVE ( ( 0.9999999999999991100, 0.8660254037844394800, 1.000000000000000000, 0.8660254037844386000, 1.000000000000000000, 0.8660254037844377100, 1.000000000000000900 ) ) 
 REPRESENTATION_ITEM ( '' )  );
#2658 = ADVANCED_FACE ( 'NONE', ( #2384 ), #253, .T. ) ;
#2659 = FACE_OUTER_BOUND ( 'NONE', #3221, .T. ) ;
#2660 = CARTESIAN_POINT ( 'NONE',  ( -4.714582312655106000E-015, -0.7401923788646686000, 1.449999999999987700 ) ) ;
#2661 = CARTESIAN_POINT ( 'NONE',  ( 0.7321387128594597500, -0.1088928962872623100, 2.740192378864672000 ) ) ;
#2662 = CC_DESIGN_DATE_AND_TIME_ASSIGNMENT ( #2224, #918, ( #2962 ) ) ;
#2663 = CARTESIAN_POINT ( 'NONE',  ( -0.6410254037844370600, 0.3700961894323314100, 3.666666666666648800 ) ) ;
#2664 = CIRCLE ( 'NONE', #3920, 0.7505553499465115200 ) ;
#2665 = CARTESIAN_POINT ( 'NONE',  ( -0.5773502691896222900, -1.000000000000006900, -2.033333333333335900 ) ) ;
#2666 = DIRECTION ( 'NONE',  ( 0.0000000000000000000, -1.000000000000000000, 0.0000000000000000000 ) ) ;
#2667 = CARTESIAN_POINT ( 'NONE',  ( -0.8847754037844375300, 0.5108253175473029800, 3.879166666666651300 ) ) ;
#2668 = VERTEX_POINT ( 'NONE', #2626 ) ;
#2669 = CARTESIAN_POINT ( 'NONE',  ( 0.7909478291485101400, -0.05648369671844692000, -2.924869812196705600 ) ) ;
#2670 = CARTESIAN_POINT ( 'NONE',  ( -0.7401923788646666000, -1.438029927920320500E-015, -1.850000000000004500 ) ) ;
#2671 = VECTOR ( 'NONE', #2706, 1000.000000000000000 ) ;
#2672 = CARTESIAN_POINT ( 'NONE',  ( 0.0000000000000000000, -1.993946046730061400E-015, -3.000000000000000000 ) ) ;
#2673 = CARTESIAN_POINT ( 'NONE',  ( -0.8547005383792494200, -1.941610732802278000E-015, 2.099999999999985400 ) ) ;
#2674 = CARTESIAN_POINT ( 'NONE',  ( 0.7401923788646664900, -0.1983339501604612600, -2.867863279495410600 ) ) ;
#2675 = CARTESIAN_POINT ( 'NONE',  ( -0.7401923788646666000, -1.903298623977073300E-015, -3.000000000000000000 ) ) ;
#2676 = ORIENTED_EDGE ( 'NONE', *, *, #808, .T. ) ;
#2677 = DIRECTION ( 'NONE',  ( 0.0000000000000000000, -1.000000000000000000, 0.0000000000000000000 ) ) ;
#2678 = ORIENTED_EDGE ( 'NONE', *, *, #4378, .F. ) ;
#2679 = CARTESIAN_POINT ( 'NONE',  ( -1.251161180115474400E-016, -1.021650635094611700, 3.612499999999984700 ) ) ;
#2680 = AXIS2_PLACEMENT_3D ( 'NONE', #3535, #1877, #3180 ) ;
#2681 = EDGE_LOOP ( 'NONE', ( #436, #3672 ) ) ;
#2682 = CARTESIAN_POINT ( 'NONE',  ( -0.6410254037844382900, -0.3700961894323332400, -1.816666666666671300 ) ) ;
#2683 = CARTESIAN_POINT ( 'NONE',  ( 0.0000000000000000000, -1.959434878635765100E-015, 3.000000000000000000 ) ) ;
#2684 = CARTESIAN_POINT ( 'NONE',  ( -4.351992621643154100E-015, -0.7401923788646686000, 0.6499999999999900300 ) ) ;
#2685 = CARTESIAN_POINT ( 'NONE',  ( 1.179700538379249800, -2.210653519971845100E-015, -2.262500000000006800 ) ) ;
#2686 = ORIENTED_EDGE ( 'NONE', *, *, #835, .F. ) ;
#2687 = CARTESIAN_POINT ( 'NONE',  ( -0.7401923788646666000, -2.701753197910905400E-015, 0.8999999999999880300 ) ) ;
#2688 = VERTEX_POINT ( 'NONE', #3676 ) ;
#2689 = CARTESIAN_POINT ( 'NONE',  ( 1.154700538379251000, -2.206061094475043000E-015, -2.650000000000007500 ) ) ;
#2690 = CARTESIAN_POINT ( 'NONE',  ( 0.4273502691896251500, 0.7401923788646644900, -1.983333333333337800 ) ) ;
#2691 = VERTEX_POINT ( 'NONE', #1777 ) ;
#2692 = SHAPE_DEFINITION_REPRESENTATION ( #2234, #3069 ) ;
#2693 = CARTESIAN_POINT ( 'NONE',  ( -0.7401923788646666000, -3.616863152042018100E-015, -1.100000000000007200 ) ) ;
#2694 = ORIENTED_EDGE ( 'NONE', *, *, #2725, .T. ) ;
#2695 = CARTESIAN_POINT ( 'NONE',  ( 0.4273502691896236000, -0.7401923788646690400, -1.716666666666671700 ) ) ;
#2696 = CARTESIAN_POINT ( 'NONE',  ( -1.179700538379249800, -1.921710222316133300E-015, -2.462500000000006600 ) ) ;
#2697 = AXIS2_PLACEMENT_3D ( 'NONE', #1658, #3655, #3683 ) ;
#2698 = VERTEX_POINT ( 'NONE', #1607 ) ;
#2699 = DIRECTION ( 'NONE',  ( -0.0000000000000000000, -0.0000000000000000000, 1.000000000000000000 ) ) ;
#2700 = CARTESIAN_POINT ( 'NONE',  ( 0.5773502691896206200, -1.000000000000009300, 0.4833333333333196300 ) ) ;
#2701 = FACE_OUTER_BOUND ( 'NONE', #1136, .T. ) ;
#2702 = CARTESIAN_POINT ( 'NONE',  ( -0.6410254037844370600, 0.3700961894323314100, -3.083333333333335300 ) ) ;
#2703 = EDGE_CURVE ( 'NONE', #1001, #1691, #3381, .T. ) ;
#2704 = EDGE_CURVE ( 'NONE', #3328, #759, #3697, .T. ) ;
#2705 = DIRECTION ( 'NONE',  ( 1.000000000000000000, 6.860497997771531600E-015, -4.153750870380289400E-032 ) ) ;
#2706 = DIRECTION ( 'NONE',  ( -0.0000000000000000000, -0.0000000000000000000, 1.000000000000000000 ) ) ;
#2707 = CARTESIAN_POINT ( 'NONE',  ( 0.6410254037844374000, 0.3700961894323307500, 4.333333333333314400 ) ) ;
#2708 = ORIENTED_EDGE ( 'NONE', *, *, #2969, .T. ) ;
#2709 = CARTESIAN_POINT ( 'NONE',  ( -0.7401923788646667100, -3.428030939284804100E-015, -0.6500000000000065700 ) ) ;
#2710 = CARTESIAN_POINT ( 'NONE',  ( 0.7401923788646666000, -1.993946046730061400E-015, -3.000000000000000000 ) ) ;
#2711 = CARTESIAN_POINT ( 'NONE',  ( -0.8660254037844381500, 0.4999999999999978400, 2.316666666666649100 ) ) ;
#2712 = LINE ( 'NONE', #2710, #1822 ) ;
#2713 = CARTESIAN_POINT ( 'NONE',  ( -0.4273502691896246500, 0.7401923788646646000, -2.716666666666669000 ) ) ;
#2714 = ORIENTED_EDGE ( 'NONE', *, *, #4233, .F. ) ;
#2715 = AXIS2_PLACEMENT_3D ( 'NONE', #3800, #3117, #4413 ) ;
#2716 = CARTESIAN_POINT ( 'NONE',  ( 0.6410254037844362900, -0.3700961894323368000, -1.333333333333340600 ) ) ;
#2717 = CARTESIAN_POINT ( 'NONE',  ( 0.4273502691896251500, 0.7401923788646644900, -2.783333333333335400 ) ) ;
#2718 = CARTESIAN_POINT ( 'NONE',  ( -0.6410254037844371800, -0.3700961894323351300, 4.533333333333312800 ) ) ;
#2719 = ORIENTED_EDGE ( 'NONE', *, *, #281, .T. ) ;
#2720 = CARTESIAN_POINT ( 'NONE',  ( 0.7401923788646667100, -1.379927708610408600E-015, -1.650000000000005000 ) ) ;
#2721 = AXIS2_PLACEMENT_3D ( 'NONE', #2157, #4137, #2113 ) ;
#2722 = DIRECTION ( 'NONE',  ( -0.0000000000000000000, 6.054590893736192000E-018, 1.000000000000000000 ) ) ;
#2723 = ORIENTED_EDGE ( 'NONE', *, *, #1751, .F. ) ;
#2724 = EDGE_CURVE ( 'NONE', #571, #130, #2918, .T. ) ;
#2725 = EDGE_CURVE ( 'NONE', #1121, #794, #82, .T. ) ;
#2726 = CARTESIAN_POINT ( 'NONE',  ( 0.7401923788646668200, 0.1983339501604551300, 0.3178632794953973300 ) ) ;
#2727 = CARTESIAN_POINT ( 'NONE',  ( -0.8547005383792494200, -1.941610732802278000E-015, -1.450000000000005500 ) ) ;
#2728 = ORIENTED_EDGE ( 'NONE', *, *, #429, .F. ) ;
#2729 = ADVANCED_FACE ( 'NONE', ( #415 ), #3750, .F. ) ;
#2730 = CC_DESIGN_APPROVAL ( #3956, ( #754 ) ) ;
#2731 = DIRECTION ( 'NONE',  ( -0.0000000000000000000, 6.054590893736192000E-018, 1.000000000000000000 ) ) ;
#2732 = ORIENTED_EDGE ( 'NONE', *, *, #390, .T. ) ;
#2733 = CARTESIAN_POINT ( 'NONE',  ( -0.8847754037844376400, -0.5108253175473066500, -1.654166666666670100 ) ) ;
#2734 = CARTESIAN_POINT ( 'NONE',  ( 0.5898502691896244700, -1.021650635094611700, -3.129166666666671300 ) ) ;
#2735 = ORIENTED_EDGE ( 'NONE', *, *, #4160, .F. ) ;
#2736 = LINE ( 'NONE', #1881, #3052 ) ;
#2737 = CARTESIAN_POINT ( 'NONE',  ( -1.154700538379250800, -1.923241030815067500E-015, 2.299999999999988300 ) ) ;
#2738 = CARTESIAN_POINT ( 'NONE',  ( -0.7401923788646666000, -3.776644255144275800E-016, 0.1499999999999912000 ) ) ;
#2739 = CARTESIAN_POINT ( 'NONE',  ( -0.7401923788646684900, 0.1983339501604598200, 2.082136720504577100 ) ) ;
#2740 = ORIENTED_EDGE ( 'NONE', *, *, #3434, .F. ) ;
#2741 = CARTESIAN_POINT ( 'NONE',  ( -0.2376947370993197600, 0.8271419151445350600, -2.847621252034053400 ) ) ;
#2742 = CARTESIAN_POINT ( 'NONE',  ( -0.4273502691896249300, -0.7401923788646683800, -2.183333333333337600 ) ) ;
#2743 = AXIS2_PLACEMENT_3D ( 'NONE', #2645, #4309, #2282 ) ;
#2744 = CYLINDRICAL_SURFACE ( 'NONE', #2507, 0.9999999999999993300 ) ;
#2745 = CARTESIAN_POINT ( 'NONE',  ( -0.8847754037844375300, 0.5108253175473029800, -2.520833333333334800 ) ) ;
#2746 = CARTESIAN_POINT ( 'NONE',  ( -1.179700538379249800, -1.921710222316133300E-015, -0.8625000000000100400 ) ) ;
#2747 = CIRCLE ( 'NONE', #1020, 0.9999999999999952300 ) ;
#2748 = DIRECTION ( 'NONE',  ( 0.0000000000000000000, 0.0000000000000000000, 1.000000000000000000 ) ) ;
#2749 = CARTESIAN_POINT ( 'NONE',  ( -2.719422682589636900E-016, -0.7401923788646686000, -2.600000000000004500 ) ) ;
#2750 = CARTESIAN_POINT ( 'NONE',  ( -0.4273502691896192700, 0.7401923788646676000, 2.033333333333318600 ) ) ;
#2751 = CARTESIAN_POINT ( 'NONE',  ( -1.154700538379250800, -1.923241030815067500E-015, 0.6999999999999915200 ) ) ;
#2752 = CARTESIAN_POINT ( 'NONE',  ( 0.0000000000000000000, 0.7401923788646647100, -0.3500000000000078600 ) ) ;
#2753 = EDGE_CURVE ( 'NONE', #1483, #372, #3280, .T. ) ;
#2754 = ORIENTED_EDGE ( 'NONE', *, *, #1255, .T. ) ;
#2755 = DIRECTION ( 'NONE',  ( 0.0000000000000000000, -1.000000000000000000, 0.0000000000000000000 ) ) ;
#2756 = CARTESIAN_POINT ( 'NONE',  ( 0.6410254037844375100, 0.3700961894323306400, -2.466666666666671700 ) ) ;
#2757 = CARTESIAN_POINT ( 'NONE',  ( -0.6410254037844382900, -0.3700961894323330800, -1.466666666666673700 ) ) ;
#2758 = ORIENTED_EDGE ( 'NONE', *, *, #4248, .T. ) ;
#2759 = CARTESIAN_POINT ( 'NONE',  ( 0.5898502691896255800, 1.021650635094607100, -0.1958333333333447100 ) ) ;
#2760 = DIRECTION ( 'NONE',  ( -0.0000000000000000000, -0.0000000000000000000, 1.000000000000000000 ) ) ;
#2761 = LINE ( 'NONE', #188, #973 ) ;
#2762 = CARTESIAN_POINT ( 'NONE',  ( 0.0000000000000000000, -1.993946046730061400E-015, -3.000000000000000000 ) ) ;
#2763 = B_SPLINE_CURVE_WITH_KNOTS ( 'NONE', 3,
 ( #2071, #336, #734, #3772, #674, #3046, #1352, #2396 ),
 .UNSPECIFIED., .F., .F.,
 ( 4, 2, 2, 4 ),
 ( -0.003637011267010882500, -0.002931767242158309100, -0.002579145229732022600, -0.002226523217305736100 ),
 .UNSPECIFIED. ) ;
#2764 = CARTESIAN_POINT ( 'NONE',  ( 0.0000000000000000000, -1.000000000000001300, 4.299999999999999800 ) ) ;
#2765 = VERTEX_POINT ( 'NONE', #373 ) ;
#2766 = CARTESIAN_POINT ( 'NONE',  ( 0.7401923788646672700, 0.1983339501604542100, -0.4821367205046008200 ) ) ;
#2767 = CARTESIAN_POINT ( 'NONE',  ( 0.6410254037844369500, -0.3700961894323356300, -0.08333333333334193300 ) ) ;
#2768 = CARTESIAN_POINT ( 'NONE',  ( 0.6410254037844315100, -0.3700961894323450100, 2.266666666666651100 ) ) ;
#2769 = ORIENTED_EDGE ( 'NONE', *, *, #1171, .F. ) ;
#2770 = CARTESIAN_POINT ( 'NONE',  ( -0.5898502691896253500, -1.021650635094611300, -2.420833333333335200 ) ) ;
#2771 = CARTESIAN_POINT ( 'NONE',  ( 0.5773502691896161800, -1.000000000000016900, -1.916666666666675800 ) ) ;
#2772 = CARTESIAN_POINT ( 'NONE',  ( 1.179700538379249800, -2.210653519971845100E-015, 0.1374999999999879100 ) ) ;
#2773 = VERTEX_POINT ( 'NONE', #39 ) ;
#2774 = CARTESIAN_POINT ( 'NONE',  ( -0.4273502691896240400, 0.7401923788646649300, -2.766666666666670600 ) ) ;
#2775 = DIRECTION ( 'NONE',  ( 1.000000000000000000, 0.0000000000000000000, 0.0000000000000000000 ) ) ;
#2776 = CARTESIAN_POINT ( 'NONE',  ( -0.8660254037844382600, -0.5000000000000014400, -0.01666666666667858700 ) ) ;
#2777 = CARTESIAN_POINT ( 'NONE',  ( 1.154700538379251000, -2.206061094475043000E-015, -1.450000000000009100 ) ) ;
#2778 = EDGE_CURVE ( 'NONE', #983, #1448, #3488, .T. ) ;
#2779 = ORIENTED_EDGE ( 'NONE', *, *, #1519, .T. ) ;
#2780 = EDGE_CURVE ( 'NONE', #1583, #3591, #3979, .T. ) ;
#2781 = CARTESIAN_POINT ( 'NONE',  ( -0.8547005383792494200, -1.941610732802278000E-015, -0.2500000000000080500 ) ) ;
#2782 = CARTESIAN_POINT ( 'NONE',  ( 0.0000000000000000000, 0.7401923788646647100, -1.600000000000006800 ) ) ;
#2783 = CALENDAR_DATE ( 2025, 3, 6 ) ;
#2784 = EDGE_LOOP ( 'NONE', ( #1104, #1152, #4241, #279 ) ) ;
#2785 = DIRECTION ( 'NONE',  ( -0.0000000000000000000, 6.054590893736192000E-018, 1.000000000000000000 ) ) ;
#2786 = ORIENTED_EDGE ( 'NONE', *, *, #3007, .T. ) ;
#2787 = CARTESIAN_POINT ( 'NONE',  ( 0.8847754037844380900, 0.5108253175473022000, -2.654166666666668100 ) ) ;
#2788 = VECTOR ( 'NONE', #2785, 1000.000000000000000 ) ;
#2789 = CARTESIAN_POINT ( 'NONE',  ( 0.8847754037844378600, 0.5108253175473020900, -0.2291666666666778400 ) ) ;
#2790 = EDGE_LOOP ( 'NONE', ( #1936, #2527, #582, #4068 ) ) ;
#2791 = DIRECTION ( 'NONE',  ( 0.0000000000000000000, -1.000000000000000000, 0.0000000000000000000 ) ) ;
#2792 = CARTESIAN_POINT ( 'NONE',  ( 1.316172156826743800E-016, 0.7505553499465110700, 4.299999999999999800 ) ) ;
#2793 = VECTOR ( 'NONE', #2310, 1000.000000000000000 ) ;
#2794 = DIRECTION ( 'NONE',  ( -0.0000000000000000000, 6.054590893736192000E-018, 1.000000000000000000 ) ) ;
#2795 = VECTOR ( 'NONE', #2133, 1000.000000000000000 ) ;
#2796 = CARTESIAN_POINT ( 'NONE',  ( 0.6410254037844374000, 0.3700961894323307500, -0.01666666666667523900 ) ) ;
#2797 = AXIS2_PLACEMENT_3D ( 'NONE', #2940, #2271, #1364 ) ;
#2798 = CARTESIAN_POINT ( 'NONE',  ( -0.4273502691896249300, -0.7401923788646683800, -0.6333333333333420700 ) ) ;
#2799 =( BOUNDED_CURVE ( )  B_SPLINE_CURVE ( 2, ( #4149, #3815, #3785, #3768, #458, #2809, #2477 ),
 .UNSPECIFIED., .F., .F. ) 
 B_SPLINE_CURVE_WITH_KNOTS ( ( 3, 2, 2, 3 ),
 ( 0.6500000000000000200, 0.6583333333333333300, 0.6666666666666667400, 0.6750000000000000400 ),
 .UNSPECIFIED. ) 
 CURVE ( )  GEOMETRIC_REPRESENTATION_ITEM ( )  RATIONAL_B_SPLINE_CURVE ( ( 1.000000000000000000, 0.8660254037844386000, 1.000000000000000000, 0.8660254037844386000, 1.000000000000000000, 0.8660254037844386000, 1.000000000000000000 ) ) 
 REPRESENTATION_ITEM ( '' )  );
#2800 = CARTESIAN_POINT ( 'NONE',  ( -0.8660254037844380400, 0.4999999999999978400, -1.333333333333337300 ) ) ;
#2801 = CYLINDRICAL_SURFACE ( 'NONE', #2315, 0.7401923788646666000 ) ;
#2802 = DIRECTION ( 'NONE',  ( -1.000000000000000000, 0.0000000000000000000, 0.0000000000000000000 ) ) ;
#2803 = CARTESIAN_POINT ( 'NONE',  ( -0.8847754037844376400, -0.5108253175473066500, -1.254166666666671100 ) ) ;
#2804 = CARTESIAN_POINT ( 'NONE',  ( 0.0000000000000000000, 0.9999999999999974500, 1.449999999999984400 ) ) ;
#2805 = CARTESIAN_POINT ( 'NONE',  ( 0.8847754037844378600, 0.5108253175473020900, -1.429166666666675400 ) ) ;
#2806 = AXIS2_PLACEMENT_3D ( 'NONE', #1388, #3749, #1733 ) ;
#2807 = EDGE_CURVE ( 'NONE', #2949, #1571, #3183, .T. ) ;
#2808 = CARTESIAN_POINT ( 'NONE',  ( 0.0000000000000000000, -1.951563910473908000E-015, 4.299999999999999800 ) ) ;
#2809 = CARTESIAN_POINT ( 'NONE',  ( 0.5773502691896251800, -1.000000000000001800, -0.7166666666666776700 ) ) ;
#2810 = CARTESIAN_POINT ( 'NONE',  ( 0.4273502691896251500, 0.7401923788646644900, -2.433333333333338500 ) ) ;
#2811 = CARTESIAN_POINT ( 'NONE',  ( -0.4273502691896203800, 0.7401923788646671600, -0.3166666666666747000 ) ) ;
#2812 = DIRECTION ( 'NONE',  ( -0.0000000000000000000, -0.0000000000000000000, 1.000000000000000000 ) ) ;
#2813 = VERTEX_POINT ( 'NONE', #738 ) ;
#2814 = CARTESIAN_POINT ( 'NONE',  ( -0.6410254037844371800, -0.3700961894323351300, -0.2166666666666748900 ) ) ;
#2815 = CARTESIAN_POINT ( 'NONE',  ( -0.4273502691896249300, -0.7401923788646683800, -1.033333333333341400 ) ) ;
#2816 = EDGE_CURVE ( 'NONE', #5, #2949, #4031, .T. ) ;
#2817 = CONICAL_SURFACE ( 'NONE', #2797, 0.7000000000000001800, 0.7853981633974463900 ) ;
#2818 = CARTESIAN_POINT ( 'NONE',  ( -0.6410254037844384000, -0.3700961894323329100, -1.016666666666673000 ) ) ;
#2819 = CARTESIAN_POINT ( 'NONE',  ( 1.179700538379250000, -2.210653519971845100E-015, -0.2875000000000064700 ) ) ;
#2820 = CARTESIAN_POINT ( 'NONE',  ( 1.087769073035854800E-015, 0.7401923788646647100, -0.7500000000000072200 ) ) ;
#2821 = CARTESIAN_POINT ( 'NONE',  ( 0.5898502691896255800, 1.021650635094607100, 1.404166666666651700 ) ) ;
#2822 = CARTESIAN_POINT ( 'NONE',  ( -0.6410254037844375100, -0.3700961894323346900, -2.616666666666669400 ) ) ;
#2823 = CARTESIAN_POINT ( 'NONE',  ( -0.7401923788646672700, 0.1983339501604583800, -0.2678632794954158300 ) ) ;
#2824 = CARTESIAN_POINT ( 'NONE',  ( 0.6410254037844364000, -0.3700961894323366300, -1.733333333333339800 ) ) ;
#2825 =( BOUNDED_CURVE ( )  B_SPLINE_CURVE ( 2, ( #66, #460, #3475, #427, #81, #1473, #4197, #444, #1100 ),
 .UNSPECIFIED., .F., .F. ) 
 B_SPLINE_CURVE_WITH_KNOTS ( ( 3, 2, 2, 2, 3 ),
 ( 0.5875000000000001300, 0.5916666666666666700, 0.5999999999999999800, 0.6083333333333332800, 0.6125000000000000400 ),
 .UNSPECIFIED. ) 
 CURVE ( )  GEOMETRIC_REPRESENTATION_ITEM ( )  RATIONAL_B_SPLINE_CURVE ( ( 0.9330127018922194100, 0.9330127018922211900, 1.000000000000000000, 0.8660254037844387100, 1.000000000000000000, 0.8660254037844387100, 1.000000000000000000, 0.9330127018922185200, 0.9330127018922194100 ) ) 
 REPRESENTATION_ITEM ( '' )  );
#2826 = CARTESIAN_POINT ( 'NONE',  ( -0.8547005383792494200, -1.941610732802278000E-015, 1.749999999999987800 ) ) ;
#2827 = ORIENTED_EDGE ( 'NONE', *, *, #1453, .T. ) ;
#2828 = CARTESIAN_POINT ( 'NONE',  ( -0.4273502691896246500, 0.7401923788646646000, -0.7666666666666751600 ) ) ;
#2829 = CARTESIAN_POINT ( 'NONE',  ( -1.224646799147352500E-016, -1.000000000000001300, 1.599999999999989200 ) ) ;
#2830 =( BOUNDED_CURVE ( )  B_SPLINE_CURVE ( 2, ( #3222, #1209, #3787, #3771, #107, #2811, #2479, #2823, #4185 ),
 .UNSPECIFIED., .F., .F. ) 
 B_SPLINE_CURVE_WITH_KNOTS ( ( 3, 2, 2, 2, 3 ),
 ( 0.3375000000000000200, 0.3416666666666666700, 0.3499999999999999800, 0.3583333333333333400, 0.3625000000000000400 ),
 .UNSPECIFIED. ) 
 CURVE ( )  GEOMETRIC_REPRESENTATION_ITEM ( )  RATIONAL_B_SPLINE_CURVE ( ( 0.9330127018922194100, 0.9330127018922198500, 1.000000000000000000, 0.8660254037844387100, 1.000000000000000000, 0.8660254037844387100, 1.000000000000000000, 0.9330127018922185200, 0.9330127018922194100 ) ) 
 REPRESENTATION_ITEM ( '' )  );
#2831 = CARTESIAN_POINT ( 'NONE',  ( 0.5773502691896238400, -1.000000000000003600, 2.883333333333315100 ) ) ;
#2832 = VERTEX_POINT ( 'NONE', #2490 ) ;
#2833 = CARTESIAN_POINT ( 'NONE',  ( 0.5898502691896256900, 1.021650635094607300, -0.2208333333333398200 ) ) ;
#2834 = EDGE_CURVE ( 'NONE', #1571, #1501, #477, .T. ) ;
#2835 = CARTESIAN_POINT ( 'NONE',  ( -1.224646799147352500E-016, -1.000000000000001300, -2.350000000000007200 ) ) ;
#2836 = CARTESIAN_POINT ( 'NONE',  ( 0.5898502691896255800, 1.021650635094607100, 2.204166666666650200 ) ) ;
#2837 = COORDINATED_UNIVERSAL_TIME_OFFSET ( 6, 0, .BEHIND. ) ;
#2838 = ORIENTED_EDGE ( 'NONE', *, *, #1401, .T. ) ;
#2839 = CARTESIAN_POINT ( 'NONE',  ( 0.0000000000000000000, 0.9999999999999974500, -0.6000000000000056400 ) ) ;
#2840 = ORIENTED_EDGE ( 'NONE', *, *, #257, .F. ) ;
#2841 = DIRECTION ( 'NONE',  ( 0.8660254037844383700, 0.5000000000000003300, 0.0000000000000000000 ) ) ;
#2842 = EDGE_CURVE ( 'NONE', #2877, #238, #1070, .T. ) ;
#2843 = EDGE_CURVE ( 'NONE', #2901, #1452, #1098, .T. ) ;
#2844 = VECTOR ( 'NONE', #3889, 1000.000000000000000 ) ;
#2845 = CARTESIAN_POINT ( 'NONE',  ( 1.154700538379250800, -2.206061094475042600E-015, -2.300000000000001600 ) ) ;
#2846 = CARTESIAN_POINT ( 'NONE',  ( 0.4273502691896244900, -0.7401923788646687100, 2.683333333333318900 ) ) ;
#2847 = CARTESIAN_POINT ( 'NONE',  ( -0.6410254037844371800, -0.3700961894323351300, -1.866666666666672700 ) ) ;
#2848 = ORIENTED_EDGE ( 'NONE', *, *, #3690, .T. ) ;
#2849 = CARTESIAN_POINT ( 'NONE',  ( -0.5478303432654869600, 0.4342653537919372000, 4.241012321179927500 ) ) ;
#2850 = FACE_OUTER_BOUND ( 'NONE', #2890, .T. ) ;
#2851 = CARTESIAN_POINT ( 'NONE',  ( -4.714582312655106000E-015, -0.7401923788646686000, 1.399999999999986400 ) ) ;
#2852 = CARTESIAN_POINT ( 'NONE',  ( -1.251161180115474400E-016, -1.021650635094611700, -0.3875000000000063400 ) ) ;
#2853 = CARTESIAN_POINT ( 'NONE',  ( 0.05151502022850457100, 0.7920904353807402000, 2.776213151332538800 ) ) ;
#2854 = CARTESIAN_POINT ( 'NONE',  ( 0.8847754037844378600, 0.5108253175473020900, 2.170833333333317000 ) ) ;
#2855 = CARTESIAN_POINT ( 'NONE',  ( 0.0000000000000000000, -0.9999999999999983300, 4.299999999999999800 ) ) ;
#2856 = DIRECTION ( 'NONE',  ( -0.0000000000000000000, 6.054590893736192000E-018, 1.000000000000000000 ) ) ;
#2857 = CARTESIAN_POINT ( 'NONE',  ( 0.9683012701892397300, 7.580887064460760500E-013, 2.968301270189245100 ) ) ;
#2858 = CARTESIAN_POINT ( 'NONE',  ( -1.224646799147352500E-016, -1.000000000000001300, -6.738994128355213500E-015 ) ) ;
#2859 = DIRECTION ( 'NONE',  ( 1.000000000000000000, 0.0000000000000000000, 0.0000000000000000000 ) ) ;
#2860 = CARTESIAN_POINT ( 'NONE',  ( -0.4273502691896249300, -0.7401923788646683800, 2.216666666666653500 ) ) ;
#2861 = CARTESIAN_POINT ( 'NONE',  ( 0.6410254037844374000, 0.3700961894323307500, 0.3333333333333222100 ) ) ;
#2862 = DIRECTION ( 'NONE',  ( 0.7071067811865487900, 0.0000000000000000000, 0.7071067811865463500 ) ) ;
#2863 = CARTESIAN_POINT ( 'NONE',  ( -0.7401923788646666000, -1.903298623977073300E-015, -3.000000000000000000 ) ) ;
#2864 = CARTESIAN_POINT ( 'NONE',  ( 0.8847754037844380900, 0.5108253175473022000, -0.6541666666666722300 ) ) ;
#2865 = CARTESIAN_POINT ( 'NONE',  ( -1.015526033683384900E-014, -0.7401923788646686000, 1.849999999999987000 ) ) ;
#2866 = ORIENTED_EDGE ( 'NONE', *, *, #3630, .T. ) ;
#2867 = CARTESIAN_POINT ( 'NONE',  ( -0.5898502691896248000, 1.021650635094607500, 1.070833333333319500 ) ) ;
#2868 = EDGE_CURVE ( 'NONE', #3572, #1689, #3043, .T. ) ;
#2869 = ORIENTED_EDGE ( 'NONE', *, *, #3984, .T. ) ;
#2870 = CARTESIAN_POINT ( 'NONE',  ( 0.9999999999999952300, -2.116410726644796200E-015, 3.000000000000000000 ) ) ;
#2871 = CARTESIAN_POINT ( 'NONE',  ( -0.6499999999999980200, 0.3752776749732554300, 3.389999999999999700 ) ) ;
#2872 = DIRECTION ( 'NONE',  ( -0.0000000000000000000, -0.0000000000000000000, 1.000000000000000000 ) ) ;
#2873 = CARTESIAN_POINT ( 'NONE',  ( -9.064742275298788900E-017, -0.7401923788646686000, 1.049999999999989400 ) ) ;
#2874 =( GEOMETRIC_REPRESENTATION_CONTEXT ( 3 ) GLOBAL_UNCERTAINTY_ASSIGNED_CONTEXT ( ( #773 ) ) GLOBAL_UNIT_ASSIGNED_CONTEXT ( ( #213, #3918, #3277 ) ) REPRESENTATION_CONTEXT ( 'NONE', 'WORKASPACE' ) );
#2875 = CARTESIAN_POINT ( 'NONE',  ( 0.6410254037844369500, -0.3700961894323356300, 1.866666666666652700 ) ) ;
#2876 = CARTESIAN_POINT ( 'NONE',  ( -0.4397072302068885100, -0.4966902622219396300, 4.210128554084010800 ) ) ;
#2877 = VERTEX_POINT ( 'NONE', #1462 ) ;
#2878 = CARTESIAN_POINT ( 'NONE',  ( -0.4273502691896196000, 0.7401923788646676000, 1.283333333333322100 ) ) ;
#2879 = CARTESIAN_POINT ( 'NONE',  ( 0.0000000000000000000, 1.021650635094607700, 1.412499999999990100 ) ) ;
#2880 = CARTESIAN_POINT ( 'NONE',  ( -9.433184746935832200E-015, 0.9999999999999943400, 4.299999999999999800 ) ) ;
#2881 = CARTESIAN_POINT ( 'NONE',  ( -1.179700538379249800, -1.921710222316133300E-015, 1.137499999999985700 ) ) ;
#2882 = ORIENTED_EDGE ( 'NONE', *, *, #3633, .F. ) ;
#2883 = DIRECTION ( 'NONE',  ( -0.0000000000000000000, 6.054590893736192000E-018, 1.000000000000000000 ) ) ;
#2884 =( BOUNDED_CURVE ( )  B_SPLINE_CURVE ( 2, ( #2509, #1454, #2141, #2172, #3128, #819, #2475, #1109, #474 ),
 .UNSPECIFIED., .F., .F. ) 
 B_SPLINE_CURVE_WITH_KNOTS ( ( 3, 2, 2, 2, 3 ),
 ( 0.1375000000000000100, 0.1416666666666666600, 0.1499999999999999900, 0.1583333333333333300, 0.1625000000000000100 ),
 .UNSPECIFIED. ) 
 CURVE ( )  GEOMETRIC_REPRESENTATION_ITEM ( )  RATIONAL_B_SPLINE_CURVE ( ( 0.9330127018922194100, 0.9330127018922196300, 1.000000000000000000, 0.8660254037844387100, 1.000000000000000000, 0.8660254037844387100, 1.000000000000000000, 0.9330127018922191900, 0.9330127018922194100 ) ) 
 REPRESENTATION_ITEM ( '' )  );
#2885 = DIRECTION ( 'NONE',  ( 0.0000000000000000000, 1.000000000000000000, -6.054590893736192000E-018 ) ) ;
#2886 = CARTESIAN_POINT ( 'NONE',  ( -0.06804675112749367100, -0.9071920126799331000, 2.902048893761963700 ) ) ;
#2887 = CARTESIAN_POINT ( 'NONE',  ( -0.7401923788646666000, -3.616863152042018100E-015, -1.100000000000007200 ) ) ;
#2888 = CARTESIAN_POINT ( 'NONE',  ( 0.8847754037844372000, -0.5108253175473072000, 4.504166666666646000 ) ) ;
#2889 = AXIS2_PLACEMENT_3D ( 'NONE', #607, #1281, #3642 ) ;
#2890 = EDGE_LOOP ( 'NONE', ( #1066, #3915, #476, #3020 ) ) ;
#2891 = DIRECTION ( 'NONE',  ( 0.0000000000000000000, 0.0000000000000000000, 1.000000000000000000 ) ) ;
#2892 = CARTESIAN_POINT ( 'NONE',  ( 0.4273502691896244900, -0.7401923788646687100, 1.083333333333322400 ) ) ;
#2893 = CARTESIAN_POINT ( 'NONE',  ( -0.4273502691896249300, -0.7401923788646683800, 1.766666666666652400 ) ) ;
#2894 = ORIENTED_EDGE ( 'NONE', *, *, #1137, .T. ) ;
#2895 = CARTESIAN_POINT ( 'NONE',  ( -1.224646799147352500E-016, -1.000000000000001300, -0.8000000000000049300 ) ) ;
#2896 = CARTESIAN_POINT ( 'NONE',  ( -0.7401923788646658200, 0.1983339501604588200, 1.332136720504580200 ) ) ;
#2897 = CARTESIAN_POINT ( 'NONE',  ( 0.0000000000000000000, 1.021650635094607700, 2.212499999999987900 ) ) ;
#2898 = CARTESIAN_POINT ( 'NONE',  ( -0.04077959809426182100, -0.7561003477107441900, -2.943899652289258200 ) ) ;
#2899 = EDGE_LOOP ( 'NONE', ( #625, #195, #2995, #4078 ) ) ;
#2900 = CARTESIAN_POINT ( 'NONE',  ( 0.8847754037844378600, 0.5108253175473020900, 2.570833333333315500 ) ) ;
#2901 = VERTEX_POINT ( 'NONE', #3543 ) ;
#2902 = CARTESIAN_POINT ( 'NONE',  ( 0.4273502691896162700, -0.7401923788646733700, 2.633333333333317300 ) ) ;
#2903 = CARTESIAN_POINT ( 'NONE',  ( -1.154700538379250800, -1.923241030815067500E-015, -0.5000000000000058800 ) ) ;
#2904 = DIRECTION ( 'NONE',  ( -0.0000000000000000000, 6.054590893736192000E-018, 1.000000000000000000 ) ) ;
#2905 = CARTESIAN_POINT ( 'NONE',  ( -0.8847754037844374200, 0.5108253175473028700, 3.104166666666648300 ) ) ;
#2906 = ORIENTED_EDGE ( 'NONE', *, *, #3216, .T. ) ;
#2907 = VECTOR ( 'NONE', #412, 1000.000000000000000 ) ;
#2908 = CARTESIAN_POINT ( 'NONE',  ( -0.8660254037844382600, -0.5000000000000014400, 1.183333333333318700 ) ) ;
#2909 = CARTESIAN_POINT ( 'NONE',  ( -0.4273502691896246500, 0.7401923788646646000, 3.683333333333316300 ) ) ;
#2910 = CARTESIAN_POINT ( 'NONE',  ( -0.8547005383792494200, -1.941610732802278000E-015, 0.8999999999999875900 ) ) ;
#2911 = FACE_OUTER_BOUND ( 'NONE', #2190, .T. ) ;
#2912 = CARTESIAN_POINT ( 'NONE',  ( 0.8847754037844380900, 0.5108253175473022000, 0.9458333333333245300 ) ) ;
#2913 = CARTESIAN_POINT ( 'NONE',  ( -1.251161180115474100E-016, -1.021650635094611500, 2.437499999999983100 ) ) ;
#2914 = ADVANCED_FACE ( 'NONE', ( #3227 ), #2126, .F. ) ;
#2915 = FACE_OUTER_BOUND ( 'NONE', #3792, .T. ) ;
#2916 = CARTESIAN_POINT ( 'NONE',  ( 0.8660254037844384900, 0.4999999999999970000, -1.016666666666676600 ) ) ;
#2917 = CARTESIAN_POINT ( 'NONE',  ( -0.5773502691896254000, 0.9999999999999974500, 0.2333333333333260100 ) ) ;
#2918 =( BOUNDED_CURVE ( )  B_SPLINE_CURVE ( 2, ( #2074, #1403, #1764, #4127, #3793, #1749, #2768, #3761, #2107 ),
 .UNSPECIFIED., .F., .F. ) 
 B_SPLINE_CURVE_WITH_KNOTS ( ( 3, 2, 2, 2, 3 ),
 ( 0.6625000000000000900, 0.6666666666666666300, 0.6750000000000000400, 0.6833333333333333500, 0.6875000000000001100 ),
 .UNSPECIFIED. ) 
 CURVE ( )  GEOMETRIC_REPRESENTATION_ITEM ( )  RATIONAL_B_SPLINE_CURVE ( ( 0.9330127018922194100, 0.9330127018922211900, 1.000000000000000000, 0.8660254037844387100, 1.000000000000000000, 0.8660254037844387100, 1.000000000000000000, 0.9330127018922176300, 0.9330127018922194100 ) ) 
 REPRESENTATION_ITEM ( '' )  );
#2919 = CARTESIAN_POINT ( 'NONE',  ( -0.4273502691896259900, -0.7401923788646677100, -2.233333333333338700 ) ) ;
#2920 = CARTESIAN_POINT ( 'NONE',  ( 0.5773502691896169600, 1.000000000000012400, 2.566666666666654900 ) ) ;
#2921 = CARTESIAN_POINT ( 'NONE',  ( -1.251161180115474100E-016, -1.021650635094611500, 3.237499999999980700 ) ) ;
#2922 = CARTESIAN_POINT ( 'NONE',  ( 1.154700538379251000, -2.206061094475043000E-015, -0.2500000000000113800 ) ) ;
#2923 = CARTESIAN_POINT ( 'NONE',  ( 0.5773502691896260600, 0.9999999999999970000, 0.5666666666666587700 ) ) ;
#2924 = DIRECTION ( 'NONE',  ( -0.0000000000000000000, -0.0000000000000000000, 1.000000000000000000 ) ) ;
#2925 = AXIS2_PLACEMENT_3D ( 'NONE', #2032, #979, #3037 ) ;
#2926 = CARTESIAN_POINT ( 'NONE',  ( -9.064742275298788900E-017, -0.7401923788646686000, 0.5999999999999885400 ) ) ;
#2927 = ORIENTED_EDGE ( 'NONE', *, *, #207, .F. ) ;
#2928 = CARTESIAN_POINT ( 'NONE',  ( 1.179700538379250000, -2.210653519971845100E-015, 2.112499999999988700 ) ) ;
#2929 = CARTESIAN_POINT ( 'NONE',  ( 0.8660254037844379300, -0.5000000000000021100, 0.9166666666666525300 ) ) ;
#2930 = VERTEX_POINT ( 'NONE', #196 ) ;
#2931 = CYLINDRICAL_SURFACE ( 'NONE', #1763, 0.7401923788646666000 ) ;
#2932 = EDGE_CURVE ( 'NONE', #2369, #249, #310, .T. ) ;
#2933 = CARTESIAN_POINT ( 'NONE',  ( -0.6410254037844388400, -0.3700961894323321900, 0.9833333333333221800 ) ) ;
#2934 = EDGE_CURVE ( 'NONE', #3760, #1091, #1786, .T. ) ;
#2935 = CARTESIAN_POINT ( 'NONE',  ( -0.5773502691896215100, -1.000000000000008900, 1.166666666666658300 ) ) ;
#2936 = DIRECTION ( 'NONE',  ( 1.000000000000000000, 0.0000000000000000000, 0.0000000000000000000 ) ) ;
#2937 = ADVANCED_FACE ( 'NONE', ( #4131 ), #4024, .T. ) ;
#2938 = DIRECTION ( 'NONE',  ( 1.000000000000000000, 0.0000000000000000000, 0.0000000000000000000 ) ) ;
#2939 = CARTESIAN_POINT ( 'NONE',  ( 0.6410254037844374000, 0.3700961894323307500, 4.383333333333315100 ) ) ;
#2940 = CARTESIAN_POINT ( 'NONE',  ( 0.0000000000000000000, -1.995762423998182000E-015, -3.000000000000000000 ) ) ;
#2941 = VERTEX_POINT ( 'NONE', #1871 ) ;
#2942 = CARTESIAN_POINT ( 'NONE',  ( 0.5898502691896245800, -1.021650635094612000, 1.645833333333323000 ) ) ;
#2943 = CARTESIAN_POINT ( 'NONE',  ( -1.224646799147352500E-016, -1.000000000000001300, 0.8499999999999863200 ) ) ;
#2944 = CARTESIAN_POINT ( 'NONE',  ( -0.8660254037844381500, 0.4999999999999978400, -1.283333333333342800 ) ) ;
#2945 = ORIENTED_EDGE ( 'NONE', *, *, #4124, .T. ) ;
#2946 = DIRECTION ( 'NONE',  ( -0.0000000000000000000, -0.0000000000000000000, 1.000000000000000000 ) ) ;
#2947 = CARTESIAN_POINT ( 'NONE',  ( -0.6410254037844371800, -0.3700961894323351300, 3.333333333333315700 ) ) ;
#2948 = B_SPLINE_CURVE_WITH_KNOTS ( 'NONE', 3,
 ( #4210, #1467, #136, #3195, #790, #1123 ),
 .UNSPECIFIED., .F., .F.,
 ( 4, 2, 4 ),
 ( 0.0004074939972191514800, 0.0007962192141148449100, 0.001184944431010538500 ),
 .UNSPECIFIED. ) ;
#2949 = VERTEX_POINT ( 'NONE', #4256 ) ;
#2950 = APPLICATION_CONTEXT ( 'configuration controlled 3d designs of mechanical parts and assemblies' ) ;
#2951 = CARTESIAN_POINT ( 'NONE',  ( 0.4273502691896251500, 0.7401923788646644900, 3.216666666666650400 ) ) ;
#2952 = EDGE_LOOP ( 'NONE', ( #1237, #199, #191, #4264, #4046, #1457 ) ) ;
#2953 = CARTESIAN_POINT ( 'NONE',  ( 1.179700538379250000, -2.210653519971845100E-015, 3.712499999999984800 ) ) ;
#2954 = EDGE_LOOP ( 'NONE', ( #624, #3412 ) ) ;
#2955 = EDGE_CURVE ( 'NONE', #1, #2102, #2279, .T. ) ;
#2956 = EDGE_CURVE ( 'NONE', #1689, #2277, #2830, .T. ) ;
#2957 = ADVANCED_FACE ( 'NONE', ( #1218 ), #3008, .T. ) ;
#2958 = CARTESIAN_POINT ( 'NONE',  ( 0.7401923788646654900, 0.1983339501604568500, 1.967863279495395400 ) ) ;
#2959 = VERTEX_POINT ( 'NONE', #3473 ) ;
#2960 = CARTESIAN_POINT ( 'NONE',  ( 0.0000000000000000000, -1.993946046730061400E-015, -3.000000000000000000 ) ) ;
#2961 = CARTESIAN_POINT ( 'NONE',  ( -0.5773502691896269500, -0.9999999999999991100, 2.816666666666648200 ) ) ;
#2962 = SECURITY_CLASSIFICATION ( '', '', #1584 ) ;
#2963 = CARTESIAN_POINT ( 'NONE',  ( 0.4273502691896251500, 0.7401923788646644900, 3.566666666666648700 ) ) ;
#2964 = EDGE_CURVE ( 'NONE', #2616, #1091, #4299, .T. ) ;
#2965 = CARTESIAN_POINT ( 'NONE',  ( -0.8660254037844380400, 0.4999999999999978400, 1.866666666666656000 ) ) ;
#2966 = CARTESIAN_POINT ( 'NONE',  ( 0.0000000000000000000, 0.7401923788646647100, 3.249999999999984000 ) ) ;
#2967 = FACE_OUTER_BOUND ( 'NONE', #1157, .T. ) ;
#2968 = DIRECTION ( 'NONE',  ( -0.0000000000000000000, -0.0000000000000000000, 1.000000000000000000 ) ) ;
#2969 = EDGE_CURVE ( 'NONE', #1711, #3314, #533, .T. ) ;
#2970 = CYLINDRICAL_SURFACE ( 'NONE', #826, 0.7401923788646666000 ) ;
#2971 = CARTESIAN_POINT ( 'NONE',  ( 0.8847754037844373100, -0.5108253175473073100, 2.879166666666653100 ) ) ;
#2972 =( BOUNDED_CURVE ( )  B_SPLINE_CURVE ( 2, ( #1546, #3621, #589, #234, #1266, #1236, #604, #3626, #4005 ),
 .UNSPECIFIED., .F., .F. ) 
 B_SPLINE_CURVE_WITH_KNOTS ( ( 3, 2, 2, 2, 3 ),
 ( 0.6625000000000000900, 0.6666666666666666300, 0.6750000000000000400, 0.6833333333333333500, 0.6875000000000001100 ),
 .UNSPECIFIED. ) 
 CURVE ( )  GEOMETRIC_REPRESENTATION_ITEM ( )  RATIONAL_B_SPLINE_CURVE ( ( 0.9330127018922194100, 0.9330127018922211900, 1.000000000000000000, 0.8660254037844387100, 1.000000000000000000, 0.8660254037844387100, 1.000000000000000000, 0.9330127018922176300, 0.9330127018922194100 ) ) 
 REPRESENTATION_ITEM ( '' )  );
#2973 = CARTESIAN_POINT ( 'NONE',  ( -0.8660254037844382600, -0.5000000000000014400, -0.4166666666666779000 ) ) ;
#2974 = ORIENTED_EDGE ( 'NONE', *, *, #1114, .F. ) ;
#2975 = DIRECTION ( 'NONE',  ( -0.0000000000000000000, 6.054590893736192000E-018, 1.000000000000000000 ) ) ;
#2976 = CARTESIAN_POINT ( 'NONE',  ( 0.0000000000000000000, 0.7401923788646647100, 3.999999999999980900 ) ) ;
#2977 = CARTESIAN_POINT ( 'NONE',  ( -0.7401923788646666000, -3.776644255144275800E-016, 0.09999999999998976400 ) ) ;
#2978 = ORIENTED_EDGE ( 'NONE', *, *, #3658, .F. ) ;
#2979 = ADVANCED_FACE ( 'NONE', ( #1430 ), #2548, .T. ) ;
#2980 = CARTESIAN_POINT ( 'NONE',  ( 0.0000000000000000000, -1.951563910473908000E-015, 4.299999999999999800 ) ) ;
#2981 = CARTESIAN_POINT ( 'NONE',  ( 1.154700538379251000, -2.206061094475043000E-015, -2.250000000000007500 ) ) ;
#2982 = CARTESIAN_POINT ( 'NONE',  ( 0.5898502691896245800, -1.021650635094612000, 3.645833333333318800 ) ) ;
#2983 = ORIENTED_EDGE ( 'NONE', *, *, #3240, .F. ) ;
#2984 = EDGE_CURVE ( 'NONE', #3097, #4359, #4072, .T. ) ;
#2985 = CARTESIAN_POINT ( 'NONE',  ( -0.4273502691896315900, -0.7401923788646644900, 1.416666666666654500 ) ) ;
#2986 = CARTESIAN_POINT ( 'NONE',  ( 0.4273502691896251500, 0.7401923788646644900, 3.966666666666647700 ) ) ;
#2987 = ORIENTED_EDGE ( 'NONE', *, *, #3987, .T. ) ;
#2988 = CARTESIAN_POINT ( 'NONE',  ( 0.5773502691896260600, 0.9999999999999970000, 0.1666666666666593300 ) ) ;
#2989 = CARTESIAN_POINT ( 'NONE',  ( 0.0000000000000000000, 0.9999999999999974500, 2.999999999999986700 ) ) ;
#2990 = ORIENTED_EDGE ( 'NONE', *, *, #3552, .T. ) ;
#2991 = CARTESIAN_POINT ( 'NONE',  ( -0.5898502691896250200, 1.021650635094607700, 3.045833333333319600 ) ) ;
#2992 = CARTESIAN_POINT ( 'NONE',  ( 0.4273502691896283200, 0.7401923788646626000, -0.03333333333334354000 ) ) ;
#2993 = EDGE_LOOP ( 'NONE', ( #3584, #3795, #4187, #4267 ) ) ;
#2994 = ADVANCED_FACE ( 'NONE', ( #3916 ), #3593, .T. ) ;
#2995 = ORIENTED_EDGE ( 'NONE', *, *, #663, .F. ) ;
#2996 = CARTESIAN_POINT ( 'NONE',  ( -0.4273502691896276000, -0.7401923788646668200, -1.783333333333338100 ) ) ;
#2997 = DIRECTION ( 'NONE',  ( -0.0000000000000000000, -0.0000000000000000000, 1.000000000000000000 ) ) ;
#2998 = CARTESIAN_POINT ( 'NONE',  ( -0.6410254037844387300, -0.3700961894323323600, 0.5833333333333232700 ) ) ;
#2999 = CARTESIAN_POINT ( 'NONE',  ( 0.4273502691896251500, 0.7401923788646644900, 2.766666666666651100 ) ) ;
#3000 = ORIENTED_EDGE ( 'NONE', *, *, #1494, .F. ) ;
#3001 = CARTESIAN_POINT ( 'NONE',  ( 0.0000000000000000000, 0.9999999999999974500, 0.9999999999999911200 ) ) ;
#3002 = CARTESIAN_POINT ( 'NONE',  ( 0.9999999999999933400, 0.2679491924311309100, -2.682136720504592700 ) ) ;
#3003 = EDGE_LOOP ( 'NONE', ( #1596, #2676, #1527, #401 ) ) ;
#3004 = FACE_OUTER_BOUND ( 'NONE', #103, .T. ) ;
#3005 = CARTESIAN_POINT ( 'NONE',  ( 0.8847754037844380900, 0.5108253175473022000, 3.345833333333318600 ) ) ;
#3006 = EDGE_CURVE ( 'NONE', #3848, #1478, #1484, .T. ) ;
#3007 = EDGE_CURVE ( 'NONE', #2291, #3091, #2058, .T. ) ;
#3008 = CYLINDRICAL_SURFACE ( 'NONE', #4032, 0.7401923788646666000 ) ;
#3009 = CARTESIAN_POINT ( 'NONE',  ( 0.6410254037844364000, -0.3700961894323366300, -1.683333333333338200 ) ) ;
#3010 = DIRECTION ( 'NONE',  ( -0.0000000000000000000, 6.054590893736192000E-018, 1.000000000000000000 ) ) ;
#3011 = CARTESIAN_POINT ( 'NONE',  ( 0.4273502691896171000, -0.7401923788646727100, 0.6833333333333231300 ) ) ;
#3012 = CARTESIAN_POINT ( 'NONE',  ( -0.8847754037844375300, -0.5108253175473065300, -2.829166666666671900 ) ) ;
#3013 = CIRCLE ( 'NONE', #1820, 1.749999999999996000 ) ;
#3014 =( BOUNDED_CURVE ( )  B_SPLINE_CURVE ( 2, ( #2083, #1050, #4132, #731, #408, #2774, #2392, #2450, #3397 ),
 .UNSPECIFIED., .F., .F. ) 
 B_SPLINE_CURVE_WITH_KNOTS ( ( 3, 2, 2, 2, 3 ),
 ( 0.03749999999999999900, 0.04166666666666666400, 0.05000000000000000300, 0.05833333333333333400, 0.06250000000000000000 ),
 .UNSPECIFIED. ) 
 CURVE ( )  GEOMETRIC_REPRESENTATION_ITEM ( )  RATIONAL_B_SPLINE_CURVE ( ( 0.9330127018922194100, 0.9330127018922194100, 1.000000000000000000, 0.8660254037844387100, 1.000000000000000000, 0.8660254037844387100, 1.000000000000000000, 0.9330127018922194100, 0.9330127018922194100 ) ) 
 REPRESENTATION_ITEM ( '' )  );
#3015 = CARTESIAN_POINT ( 'NONE',  ( 0.0000000000000000000, -1.951563910473908000E-015, 4.299999999999999800 ) ) ;
#3016 = DIRECTION ( 'NONE',  ( -0.0000000000000000000, 6.054590893736192000E-018, 1.000000000000000000 ) ) ;
#3017 =( BOUNDED_CURVE ( )  B_SPLINE_CURVE ( 2, ( #2452, #3756, #4150, #3770, #1759, #2750, #3061, #2739, #1038 ),
 .UNSPECIFIED., .F., .F. ) 
 B_SPLINE_CURVE_WITH_KNOTS ( ( 3, 2, 2, 2, 3 ),
 ( 0.6375000000000000700, 0.6416666666666667200, 0.6500000000000000200, 0.6583333333333333300, 0.6625000000000000900 ),
 .UNSPECIFIED. ) 
 CURVE ( )  GEOMETRIC_REPRESENTATION_ITEM ( )  RATIONAL_B_SPLINE_CURVE ( ( 0.9330127018922194100, 0.9330127018922203000, 1.000000000000000000, 0.8660254037844387100, 1.000000000000000000, 0.8660254037844387100, 1.000000000000000000, 0.9330127018922176300, 0.9330127018922194100 ) ) 
 REPRESENTATION_ITEM ( '' )  );
#3018 = CARTESIAN_POINT ( 'NONE',  ( -0.6410254037844358400, 0.3700961894323335200, 0.4666666666666556300 ) ) ;
#3019 = CARTESIAN_POINT ( 'NONE',  ( 1.179700538379250000, -2.210653519971845100E-015, 4.912499999999982800 ) ) ;
#3020 = ORIENTED_EDGE ( 'NONE', *, *, #3663, .F. ) ;
#3021 = AXIS2_PLACEMENT_3D ( 'NONE', #1586, #2968, #3978 ) ;
#3022 = CARTESIAN_POINT ( 'NONE',  ( 0.9740330843207807300, 0.1313173178544351500, 2.974033084320889300 ) ) ;
#3023 = CARTESIAN_POINT ( 'NONE',  ( 1.224646799147352500E-016, 0.9999999999999974500, 4.299999999999999800 ) ) ;
#3024 = CYLINDRICAL_SURFACE ( 'NONE', #603, 0.9999999999999993300 ) ;
#3025 = CARTESIAN_POINT ( 'NONE',  ( -1.179700538379249800, -1.921710222316133300E-015, -2.062500000000007100 ) ) ;
#3026 = ORIENTED_EDGE ( 'NONE', *, *, #3326, .T. ) ;
#3027 = CARTESIAN_POINT ( 'NONE',  ( 0.6410254037844346200, -0.3700961894323395700, -0.08333333333334193300 ) ) ;
#3028 = CARTESIAN_POINT ( 'NONE',  ( -0.7401923788646666000, -1.903298623977073300E-015, -3.000000000000000000 ) ) ;
#3029 = CARTESIAN_POINT ( 'NONE',  ( 0.0000000000000000000, -1.995762423998182000E-015, -3.000000000000000000 ) ) ;
#3030 = CARTESIAN_POINT ( 'NONE',  ( -0.4273502691896240400, 0.7401923788646649300, -2.716666666666669400 ) ) ;
#3031 = EDGE_CURVE ( 'NONE', #2046, #3308, #1480, .T. ) ;
#3032 = CARTESIAN_POINT ( 'NONE',  ( -1.224646799147352500E-016, -1.000000000000001300, -0.8000000000000049300 ) ) ;
#3033 = CARTESIAN_POINT ( 'NONE',  ( 0.5898502691896256900, 1.021650635094607300, 4.979166666666649200 ) ) ;
#3034 = ADVANCED_FACE ( 'NONE', ( #3004 ), #2744, .T. ) ;
#3035 = VERTEX_POINT ( 'NONE', #154 ) ;
#3036 = CARTESIAN_POINT ( 'NONE',  ( 0.8660254037844379300, -0.5000000000000021100, 2.116666666666649400 ) ) ;
#3037 = DIRECTION ( 'NONE',  ( -1.000000000000000000, 0.0000000000000000000, 0.0000000000000000000 ) ) ;
#3038 = CARTESIAN_POINT ( 'NONE',  ( -0.8660254037844381500, 0.4999999999999978400, -2.483333333333339600 ) ) ;
#3039 = CARTESIAN_POINT ( 'NONE',  ( 0.7401923788646666000, -1.016788837923458900E-015, 0.7499999999999902300 ) ) ;
#3040 = CARTESIAN_POINT ( 'NONE',  ( 0.0000000000000000000, 1.021650635094607500, -3.362500000000004300 ) ) ;
#3041 = ORIENTED_EDGE ( 'NONE', *, *, #1977, .T. ) ;
#3042 = CARTESIAN_POINT ( 'NONE',  ( -1.224646799147352500E-016, -1.000000000000001300, -2.000000000000002200 ) ) ;
#3043 =( BOUNDED_CURVE ( )  B_SPLINE_CURVE ( 2, ( #115, #813, #858, #181, #2562, #1902, #499, #3202, #3887 ),
 .UNSPECIFIED., .F., .F. ) 
 B_SPLINE_CURVE_WITH_KNOTS ( ( 3, 2, 2, 2, 3 ),
 ( 0.3125000000000000600, 0.3166666666666666500, 0.3250000000000000100, 0.3333333333333333100, 0.3375000000000000200 ),
 .UNSPECIFIED. ) 
 CURVE ( )  GEOMETRIC_REPRESENTATION_ITEM ( )  RATIONAL_B_SPLINE_CURVE ( ( 0.9330127018922194100, 0.9330127018922203000, 1.000000000000000000, 0.8660254037844387100, 1.000000000000000000, 0.8660254037844387100, 1.000000000000000000, 0.9330127018922189700, 0.9330127018922194100 ) ) 
 REPRESENTATION_ITEM ( '' )  );
#3044 = CARTESIAN_POINT ( 'NONE',  ( 0.0000000000000000000, -1.951563910473908000E-015, 4.299999999999999800 ) ) ;
#3045 = CARTESIAN_POINT ( 'NONE',  ( 0.7401923788646666000, -2.454818765843779200E-015, -2.050000000000004300 ) ) ;
#3046 = CARTESIAN_POINT ( 'NONE',  ( 0.7835865475604881800, 0.2332184986660447200, 2.809342997998132600 ) ) ;
#3047 = CALENDAR_DATE ( 2025, 3, 6 ) ;
#3048 = VERTEX_POINT ( 'NONE', #3882 ) ;
#3049 = CARTESIAN_POINT ( 'NONE',  ( -0.4273502691896199400, 0.7401923788646672700, 0.4333333333333220200 ) ) ;
#3050 = CARTESIAN_POINT ( 'NONE',  ( -0.4273502691896246500, 0.7401923788646646000, -1.916666666666671000 ) ) ;
#3051 = ORIENTED_EDGE ( 'NONE', *, *, #2628, .F. ) ;
#3052 = VECTOR ( 'NONE', #591, 1000.000000000000000 ) ;
#3053 = EDGE_LOOP ( 'NONE', ( #3474, #2321, #3776 ) ) ;
#3054 = CARTESIAN_POINT ( 'NONE',  ( -1.224646799147352500E-016, -1.000000000000001300, -1.950000000000008200 ) ) ;
#3055 = CARTESIAN_POINT ( 'NONE',  ( 0.0000000000000000000, 0.9999999999999974500, -1.750000000000008200 ) ) ;
#3056 = CARTESIAN_POINT ( 'NONE',  ( -1.251161180115474100E-016, -1.021650635094611500, -3.162500000000004500 ) ) ;
#3057 = ORIENTED_EDGE ( 'NONE', *, *, #1662, .F. ) ;
#3058 = CARTESIAN_POINT ( 'NONE',  ( 0.0000000000000000000, 2.603474084306562500E-017, 4.299999999999999800 ) ) ;
#3059 = CARTESIAN_POINT ( 'NONE',  ( -0.8660254037844380400, 0.4999999999999978400, 2.266666666666654600 ) ) ;
#3060 = DIRECTION ( 'NONE',  ( 0.0000000000000000000, -1.000000000000000000, 0.0000000000000000000 ) ) ;
#3061 = CARTESIAN_POINT ( 'NONE',  ( -0.6410254037844355100, 0.3700961894323341300, 2.066666666666651800 ) ) ;
#3062 = CARTESIAN_POINT ( 'NONE',  ( -0.7401923788646664900, 0.1983339501604576600, -2.667863279495411400 ) ) ;
#3063 = CARTESIAN_POINT ( 'NONE',  ( -0.7401923788646667100, -2.033577675846917800E-016, 0.4999999999999889500 ) ) ;
#3064 = CARTESIAN_POINT ( 'NONE',  ( 0.8547005383792494200, -2.150951988513411000E-015, -1.650000000000005000 ) ) ;
#3065 = EDGE_CURVE ( 'NONE', #1949, #3359, #2122, .T. ) ;
#3066 = AXIS2_PLACEMENT_3D ( 'NONE', #2357, #3650, #2322 ) ;
#3067 = EDGE_CURVE ( 'NONE', #2698, #1442, #1750, .T. ) ;
#3068 = VECTOR ( 'NONE', #1594, 1000.000000000000000 ) ;
#3069 = ADVANCED_BREP_SHAPE_REPRESENTATION ( '92095A453_Button Head Hex Drive Screw', ( #4077, #3718 ), #2874 ) ;
#3070 = CARTESIAN_POINT ( 'NONE',  ( -0.8847754037844376400, -0.5108253175473066500, -2.854166666666667400 ) ) ;
#3071 = CARTESIAN_POINT ( 'NONE',  ( -0.7401923788646666000, -1.234672160335628800E-015, -1.500000000000006400 ) ) ;
#3072 = CARTESIAN_POINT ( 'NONE',  ( 0.4273502691896251500, 0.7401923788646644900, 4.366666666666647600 ) ) ;
#3073 = CARTESIAN_POINT ( 'NONE',  ( 0.0000000000000000000, -1.993946046730061400E-015, -3.000000000000000000 ) ) ;
#3074 = ORIENTED_EDGE ( 'NONE', *, *, #4307, .F. ) ;
#3075 = DIRECTION ( 'NONE',  ( 1.000000000000000000, 0.0000000000000000000, 0.0000000000000000000 ) ) ;
#3076 = CARTESIAN_POINT ( 'NONE',  ( -0.4273502691896254900, -0.7401923788646680400, -0.6333333333333420700 ) ) ;
#3077 = DIRECTION ( 'NONE',  ( 1.000000000000000000, 0.0000000000000000000, 0.0000000000000000000 ) ) ;
#3078 = CARTESIAN_POINT ( 'NONE',  ( -0.5606595034666395100, 0.6756222120723420800, -2.830148408928637900 ) ) ;
#3079 = FACE_OUTER_BOUND ( 'NONE', #1203, .T. ) ;
#3080 = CARTESIAN_POINT ( 'NONE',  ( 0.0000000000000000000, 0.7401923788646647100, -2.750000000000002700 ) ) ;
#3081 = CARTESIAN_POINT ( 'NONE',  ( 1.450358764047806200E-015, 0.7401923788646647100, -1.040834085586084300E-014 ) ) ;
#3082 = CONICAL_SURFACE ( 'NONE', #3969, 0.7000000000000001800, 0.7853981633974463900 ) ;
#3083 = CARTESIAN_POINT ( 'NONE',  ( 0.0000000000000000000, 0.9999999999999974500, 2.249999999999983100 ) ) ;
#3084 = CARTESIAN_POINT ( 'NONE',  ( 0.0000000000000000000, 2.603474084306562500E-017, 4.299999999999999800 ) ) ;
#3085 = CARTESIAN_POINT ( 'NONE',  ( 7.072331633732526100E-015, 0.7401923788646647100, 0.7999999999999882800 ) ) ;
#3086 = CARTESIAN_POINT ( 'NONE',  ( 0.5898502691896255800, 1.021650635094607100, -0.5958333333333435400 ) ) ;
#3087 = B_SPLINE_CURVE_WITH_KNOTS ( 'NONE', 3,
 ( #638, #285, #4366, #2669, #3678, #978, #650, #1316, #4379, #680 ),
 .UNSPECIFIED., .F., .F.,
 ( 4, 2, 2, 2, 4 ),
 ( 5.914076117719324800E-016, 0.0004964092957834573600, 0.0009928185915663231800, 0.001489227887349189200, 0.001985637183132055300 ),
 .UNSPECIFIED. ) ;
#3088 = ORIENTED_EDGE ( 'NONE', *, *, #1983, .F. ) ;
#3089 = CARTESIAN_POINT ( 'NONE',  ( 0.0000000000000000000, 0.9999999999999974500, -2.550000000000006500 ) ) ;
#3090 = CARTESIAN_POINT ( 'NONE',  ( -1.224646799147352500E-016, -1.000000000000001300, 0.04999999999998767900 ) ) ;
#3091 = VERTEX_POINT ( 'NONE', #507 ) ;
#3092 = CARTESIAN_POINT ( 'NONE',  ( -1.224646799147352500E-016, -1.000000000000001300, -1.600000000000003400 ) ) ;
#3093 = EDGE_CURVE ( 'NONE', #1901, #3611, #1592, .T. ) ;
#3094 = CARTESIAN_POINT ( 'NONE',  ( -9.064742275298788900E-017, -0.7401923788646686000, -0.5500000000000074800 ) ) ;
#3095 = ORIENTED_EDGE ( 'NONE', *, *, #749, .T. ) ;
#3096 = CARTESIAN_POINT ( 'NONE',  ( -9.204115257618702000E-030, 1.335120775940813400E-015, 2.814242081447964500 ) ) ;
#3097 = VERTEX_POINT ( 'NONE', #1520 ) ;
#3098 = CARTESIAN_POINT ( 'NONE',  ( 0.4273502691896259300, 0.7401923788646639400, -2.433333333333338000 ) ) ;
#3099 =( BOUNDED_CURVE ( )  B_SPLINE_CURVE ( 2, ( #3596, #2584, #1219, #1909, #4277, #553, #2617, #898, #1579 ),
 .UNSPECIFIED., .F., .F. ) 
 B_SPLINE_CURVE_WITH_KNOTS ( ( 3, 2, 2, 2, 3 ),
 ( 0.1875000000000000300, 0.1916666666666666800, 0.2000000000000000100, 0.2083333333333333400, 0.2125000000000000200 ),
 .UNSPECIFIED. ) 
 CURVE ( )  GEOMETRIC_REPRESENTATION_ITEM ( )  RATIONAL_B_SPLINE_CURVE ( ( 0.9330127018922194100, 0.9330127018922198500, 1.000000000000000000, 0.8660254037844387100, 1.000000000000000000, 0.8660254037844387100, 1.000000000000000000, 0.9330127018922191900, 0.9330127018922194100 ) ) 
 REPRESENTATION_ITEM ( '' )  );
#3100 = CARTESIAN_POINT ( 'NONE',  ( 0.7401923788646666000, -1.016788837923458900E-015, 0.6999999999999888500 ) ) ;
#3101 = CARTESIAN_POINT ( 'NONE',  ( 0.8847754037844372000, -0.5108253175473072000, -0.2958333333333445500 ) ) ;
#3102 = CARTESIAN_POINT ( 'NONE',  ( 0.6410254037844342900, -0.3700961894323399600, 1.066666666666654200 ) ) ;
#3103 = PERSON_AND_ORGANIZATION ( #1331, #4292 ) ;
#3104 = CARTESIAN_POINT ( 'NONE',  ( 0.0000000000000000000, -1.958254233411486400E-015, 3.194999999999999800 ) ) ;
#3105 = VERTEX_POINT ( 'NONE', #2870 ) ;
#3106 = CARTESIAN_POINT ( 'NONE',  ( 0.7401923788646666000, -1.993946046730061400E-015, -3.000000000000000000 ) ) ;
#3107 = FACE_OUTER_BOUND ( 'NONE', #1067, .T. ) ;
#3108 = CARTESIAN_POINT ( 'NONE',  ( -0.6410254037844370600, 0.3700961894323314100, 0.5166666666666570600 ) ) ;
#3109 = ORIENTED_EDGE ( 'NONE', *, *, #749, .F. ) ;
#3110 = CARTESIAN_POINT ( 'NONE',  ( 0.7401923788646666000, -1.993946046730061400E-015, -3.000000000000000000 ) ) ;
#3111 = FACE_OUTER_BOUND ( 'NONE', #3003, .T. ) ;
#3112 = CARTESIAN_POINT ( 'NONE',  ( -1.200587149610016100E-014, 1.749999999999997100, 3.194999999999999800 ) ) ;
#3113 = CARTESIAN_POINT ( 'NONE',  ( 0.5898502691896256900, 1.021650635094607300, -2.220833333333335900 ) ) ;
#3114 = CARTESIAN_POINT ( 'NONE',  ( 0.7401923788646666000, -2.454818765843779200E-015, -2.050000000000004300 ) ) ;
#3115 = CARTESIAN_POINT ( 'NONE',  ( 0.8847754037844378600, 0.5108253175473020900, 0.1708333333333210100 ) ) ;
#3116 = VECTOR ( 'NONE', #4119, 1000.000000000000000 ) ;
#3117 = DIRECTION ( 'NONE',  ( -0.0000000000000000000, -0.0000000000000000000, 1.000000000000000000 ) ) ;
#3118 = CARTESIAN_POINT ( 'NONE',  ( -0.7401923788646664900, -0.1983339501604577700, 0.1678632794953992300 ) ) ;
#3119 = FACE_OUTER_BOUND ( 'NONE', #3747, .T. ) ;
#3120 = CARTESIAN_POINT ( 'NONE',  ( 0.8660254037844386000, 0.4999999999999970000, -0.6666666666666720700 ) ) ;
#3121 = CARTESIAN_POINT ( 'NONE',  ( 0.7401923788646660500, -5.243725292719552800E-015, 1.099999999999987000 ) ) ;
#3122 = CARTESIAN_POINT ( 'NONE',  ( -0.8547005383792494200, -1.941610732802278000E-015, 0.1499999999999908600 ) ) ;
#3123 = CARTESIAN_POINT ( 'NONE',  ( 0.6410254037844374000, 0.3700961894323307500, -1.666666666666673200 ) ) ;
#3124 = CARTESIAN_POINT ( 'NONE',  ( 1.154700538379250800, -2.206061094475042600E-015, 1.299999999999990500 ) ) ;
#3125 = CARTESIAN_POINT ( 'NONE',  ( -1.251161180115474400E-016, -1.021650635094611700, -1.987500000000002700 ) ) ;
#3126 = ORIENTED_EDGE ( 'NONE', *, *, #1639, .F. ) ;
#3127 = CARTESIAN_POINT ( 'NONE',  ( -0.5898502691896252400, -1.021650635094611300, 0.004166666666654932100 ) ) ;
#3128 = CARTESIAN_POINT ( 'NONE',  ( 5.438845365179273800E-016, 0.7401923788646647100, -2.000000000000006200 ) ) ;
#3129 = CARTESIAN_POINT ( 'NONE',  ( -0.7401923788646666000, -1.292774379645540600E-015, -2.650000000000003500 ) ) ;
#3130 = VECTOR ( 'NONE', #1618, 1000.000000000000000 ) ;
#3131 = CARTESIAN_POINT ( 'NONE',  ( -0.4273502691896246500, 0.7401923788646646000, -2.766666666666671000 ) ) ;
#3132 = B_SPLINE_CURVE_WITH_KNOTS ( 'NONE', 3,
 ( #3534, #171, #4291, #2264 ),
 .UNSPECIFIED., .F., .F.,
 ( 4, 4 ),
 ( 0.0004438411722177196800, 0.0008327430616189324400 ),
 .UNSPECIFIED. ) ;
#3133 = CARTESIAN_POINT ( 'NONE',  ( 0.5773502691896305100, 0.9999999999999893400, -1.383333333333342900 ) ) ;
#3134 = VERTEX_POINT ( 'NONE', #1491 ) ;
#3135 = FACE_OUTER_BOUND ( 'NONE', #2349, .T. ) ;
#3136 = CARTESIAN_POINT ( 'NONE',  ( -0.6410254037844371800, -0.3700961894323351300, -1.016666666666673000 ) ) ;
#3137 = CARTESIAN_POINT ( 'NONE',  ( 0.6410254037844374000, 0.3700961894323307500, -0.4666666666666760000 ) ) ;
#3138 = ORIENTED_EDGE ( 'NONE', *, *, #1943, .T. ) ;
#3139 = CARTESIAN_POINT ( 'NONE',  ( 1.154700538379251000, -2.206061094475043000E-015, 2.949999999999981500 ) ) ;
#3140 = CARTESIAN_POINT ( 'NONE',  ( -0.5898502691896250200, 1.021650635094607700, -0.5541666666666723600 ) ) ;
#3141 = CARTESIAN_POINT ( 'NONE',  ( -0.8847754037844375300, -0.5108253175473065300, -0.4291666666666775200 ) ) ;
#3142 = ORIENTED_EDGE ( 'NONE', *, *, #3459, .T. ) ;
#3143 = DIRECTION ( 'NONE',  ( -0.0000000000000000000, 6.054590893736192000E-018, 1.000000000000000000 ) ) ;
#3144 = CARTESIAN_POINT ( 'NONE',  ( 0.0000000000000000000, 0.7401923788646647100, -2.400000000000004800 ) ) ;
#3145 = CARTESIAN_POINT ( 'NONE',  ( 0.0000000000000000000, -1.993946046730061400E-015, -3.000000000000000000 ) ) ;
#3146 = CARTESIAN_POINT ( 'NONE',  ( 0.7401923788646656000, 0.1983339501604539100, 2.367863279495395100 ) ) ;
#3147 = EDGE_CURVE ( 'NONE', #3035, #3105, #959, .T. ) ;
#3148 =( BOUNDED_CURVE ( )  B_SPLINE_CURVE ( 2, ( #3493, #776, #2454, #3832, #4186, #3457, #2824, #108, #413 ),
 .UNSPECIFIED., .F., .F. ) 
 B_SPLINE_CURVE_WITH_KNOTS ( ( 3, 2, 2, 2, 3 ),
 ( 0.1625000000000000100, 0.1666666666666666600, 0.1749999999999999900, 0.1833333333333333200, 0.1875000000000000300 ),
 .UNSPECIFIED. ) 
 CURVE ( )  GEOMETRIC_REPRESENTATION_ITEM ( )  RATIONAL_B_SPLINE_CURVE ( ( 0.9330127018922194100, 0.9330127018922196300, 1.000000000000000000, 0.8660254037844387100, 1.000000000000000000, 0.8660254037844387100, 1.000000000000000000, 0.9330127018922189700, 0.9330127018922194100 ) ) 
 REPRESENTATION_ITEM ( '' )  );
#3149 = ORIENTED_EDGE ( 'NONE', *, *, #1056, .F. ) ;
#3150 = EDGE_CURVE ( 'NONE', #730, #2877, #2195, .T. ) ;
#3151 = CARTESIAN_POINT ( 'NONE',  ( 0.0000000000000000000, 0.9999999999999974500, 1.449999999999984400 ) ) ;
#3152 = CARTESIAN_POINT ( 'NONE',  ( -0.4273502691896249300, -0.7401923788646683800, -0.9833333333333399400 ) ) ;
#3153 = CARTESIAN_POINT ( 'NONE',  ( -9.064742275298788900E-017, -0.7401923788646686000, -1.800000000000006300 ) ) ;
#3154 = ORIENTED_EDGE ( 'NONE', *, *, #3378, .F. ) ;
#3155 = CARTESIAN_POINT ( 'NONE',  ( 0.8660254037844386000, 0.4999999999999970000, 1.733333333333322700 ) ) ;
#3156 = CARTESIAN_POINT ( 'NONE',  ( -0.8660254037844380400, 0.4999999999999978400, 2.666666666666653600 ) ) ;
#3157 = VERTEX_POINT ( 'NONE', #866 ) ;
#3158 = CARTESIAN_POINT ( 'NONE',  ( 0.0000000000000000000, 1.021650635094607700, -1.387500000000004200 ) ) ;
#3159 = CALENDAR_DATE ( 2025, 3, 6 ) ;
#3160 = CARTESIAN_POINT ( 'NONE',  ( 0.5898502691896244700, -1.021650635094611700, 0.4708333333333205000 ) ) ;
#3161 = ORIENTED_EDGE ( 'NONE', *, *, #3748, .T. ) ;
#3162 = CARTESIAN_POINT ( 'NONE',  ( -0.7401923788646666000, -0.1983339501604603200, -2.232136720504596100 ) ) ;
#3163 = AXIS2_PLACEMENT_3D ( 'NONE', #2002, #4034, #1371 ) ;
#3164 = CARTESIAN_POINT ( 'NONE',  ( 0.0000000000000000000, -1.951563910473908000E-015, 4.299999999999999800 ) ) ;
#3165 = CARTESIAN_POINT ( 'NONE',  ( 0.0000000000000000000, 0.9999999999999974500, -2.600000000000000500 ) ) ;
#3166 = CARTESIAN_POINT ( 'NONE',  ( 0.0000000000000000000, -1.995762423998182000E-015, -3.000000000000000000 ) ) ;
#3167 = VERTEX_POINT ( 'NONE', #4265 ) ;
#3168 = CARTESIAN_POINT ( 'NONE',  ( 0.9430742201649312500, -0.2274846841347346600, -2.736912117195356800 ) ) ;
#3169 = CARTESIAN_POINT ( 'NONE',  ( -9.064742275298788900E-017, -0.7401923788646686000, 2.249999999999986200 ) ) ;
#3170 = AXIS2_PLACEMENT_3D ( 'NONE', #3939, #911, #3911 ) ;
#3171 = CARTESIAN_POINT ( 'NONE',  ( -0.4273502691896249300, -0.7401923788646683800, -0.2333333333333431900 ) ) ;
#3172 = CARTESIAN_POINT ( 'NONE',  ( -0.4372887098050886600, 0.4980865956269592300, 4.199167121815183800 ) ) ;
#3173 = CIRCLE ( 'NONE', #3736, 0.7505553499465115200 ) ;
#3174 = CARTESIAN_POINT ( 'NONE',  ( 0.0000000000000000000, 0.9999999999999974500, 2.599999999999987700 ) ) ;
#3175 = CARTESIAN_POINT ( 'NONE',  ( 0.5898502691896256900, 1.021650635094607300, -0.6208333333333391200 ) ) ;
#3176 = CARTESIAN_POINT ( 'NONE',  ( -0.6499999999999978000, -0.3752776749732560400, 3.389999999999999700 ) ) ;
#3177 = CARTESIAN_POINT ( 'NONE',  ( 0.8847754037844372000, -0.5108253175473072000, 2.104166666666650100 ) ) ;
#3178 = FACE_OUTER_BOUND ( 'NONE', #1905, .T. ) ;
#3179 = EDGE_CURVE ( 'NONE', #1987, #3035, #4234, .T. ) ;
#3180 = DIRECTION ( 'NONE',  ( 0.0000000000000000000, -1.000000000000000000, 0.0000000000000000000 ) ) ;
#3181 = CARTESIAN_POINT ( 'NONE',  ( 1.154700538379250800, -2.206061094475042600E-015, -1.500000000000003300 ) ) ;
#3182 = CARTESIAN_POINT ( 'NONE',  ( 0.7401923788646660500, -0.1983339501604632100, -0.9178632794954164600 ) ) ;
#3183 =( BOUNDED_CURVE ( )  B_SPLINE_CURVE ( 2, ( #3855, #1510, #3840, #484, #3498, #3511, #4222 ),
 .UNSPECIFIED., .F., .F. ) 
 B_SPLINE_CURVE_WITH_KNOTS ( ( 3, 2, 2, 3 ),
 ( 0.5500000000000001600, 0.5583333333333334600, 0.5666666666666667600, 0.5750000000000000700 ),
 .UNSPECIFIED. ) 
 CURVE ( )  GEOMETRIC_REPRESENTATION_ITEM ( )  RATIONAL_B_SPLINE_CURVE ( ( 0.9999999999999982200, 0.8660254037844404800, 1.000000000000000000, 0.8660254037844387100, 1.000000000000000000, 0.8660254037844369300, 1.000000000000001800 ) ) 
 REPRESENTATION_ITEM ( '' )  );
#3184 = ORIENTED_EDGE ( 'NONE', *, *, #1661, .T. ) ;
#3185 = CARTESIAN_POINT ( 'NONE',  ( 0.8660254037844386000, 0.4999999999999970000, -2.266666666666668400 ) ) ;
#3186 = CARTESIAN_POINT ( 'NONE',  ( -0.4273502691896246500, 0.7401923788646646000, 2.883333333333318600 ) ) ;
#3187 = AXIS2_PLACEMENT_3D ( 'NONE', #3692, #4408, #375 ) ;
#3188 = CARTESIAN_POINT ( 'NONE',  ( 0.4273502691896244900, -0.7401923788646687100, -1.366666666666673800 ) ) ;
#3189 = EDGE_CURVE ( 'NONE', #887, #777, #3695, .T. ) ;
#3190 = CARTESIAN_POINT ( 'NONE',  ( 0.8660254037844378200, -0.5000000000000021100, 1.266666666666657100 ) ) ;
#3191 = FACE_OUTER_BOUND ( 'NONE', #4271, .T. ) ;
#3192 = CARTESIAN_POINT ( 'NONE',  ( 0.4273502691896340900, 0.7401923788646592700, 1.216666666666655000 ) ) ;
#3193 = CARTESIAN_POINT ( 'NONE',  ( -0.5898502691896253500, -1.021650635094611300, -1.220833333333337900 ) ) ;
#3194 = CARTESIAN_POINT ( 'NONE',  ( 0.5898502691896255800, 1.021650635094607100, 1.804166666666650900 ) ) ;
#3195 = CARTESIAN_POINT ( 'NONE',  ( -0.6499999999999979100, -0.1321289683848245500, 4.199436331573842600 ) ) ;
#3196 = CARTESIAN_POINT ( 'NONE',  ( 1.224646799147352500E-016, 0.9999999999999974500, 4.299999999999999800 ) ) ;
#3197 = ORIENTED_EDGE ( 'NONE', *, *, #3067, .T. ) ;
#3198 = CARTESIAN_POINT ( 'NONE',  ( 0.0000000000000000000, -1.951563910473908000E-015, 4.299999999999999800 ) ) ;
#3199 = CARTESIAN_POINT ( 'NONE',  ( 0.6410254037844374000, 0.3700961894323307500, 1.583333333333321000 ) ) ;
#3200 = ORIENTED_EDGE ( 'NONE', *, *, #2807, .T. ) ;
#3201 = CARTESIAN_POINT ( 'NONE',  ( 0.4273502691896251500, 0.7401923788646644900, 1.166666666666653600 ) ) ;
#3202 = CARTESIAN_POINT ( 'NONE',  ( 0.7401923788646659300, -0.1983339501604633700, -0.4678632794954156200 ) ) ;
#3203 = EDGE_LOOP ( 'NONE', ( #3149, #3625, #1857, #4224 ) ) ;
#3204 = CARTESIAN_POINT ( 'NONE',  ( -0.8847754037844375300, 0.5108253175473029800, -0.9208333333333386100 ) ) ;
#3205 = EDGE_CURVE ( 'NONE', #186, #4340, #4230, .T. ) ;
#3206 = CARTESIAN_POINT ( 'NONE',  ( -9.348922554027591500E-017, -0.7633974596215579200, -2.936602540378446100 ) ) ;
#3207 = CARTESIAN_POINT ( 'NONE',  ( 0.8847754037844372000, -0.5108253175473072000, 0.9041666666666529100 ) ) ;
#3208 = DIRECTION ( 'NONE',  ( 0.0000000000000000000, -1.000000000000000000, 0.0000000000000000000 ) ) ;
#3209 =( BOUNDED_CURVE ( )  B_SPLINE_CURVE ( 2, ( #278, #594, #2621, #4008, #632, #1603, #2610, #3260, #1241 ),
 .UNSPECIFIED., .F., .F. ) 
 B_SPLINE_CURVE_WITH_KNOTS ( ( 3, 2, 2, 2, 3 ),
 ( 0.4375000000000000600, 0.4416666666666666500, 0.4500000000000000100, 0.4583333333333333100, 0.4625000000000000200 ),
 .UNSPECIFIED. ) 
 CURVE ( )  GEOMETRIC_REPRESENTATION_ITEM ( )  RATIONAL_B_SPLINE_CURVE ( ( 0.9330127018922194100, 0.9330127018922203000, 1.000000000000000000, 0.8660254037844387100, 1.000000000000000000, 0.8660254037844387100, 1.000000000000000000, 0.9330127018922189700, 0.9330127018922194100 ) ) 
 REPRESENTATION_ITEM ( '' )  );
#3210 = ORIENTED_EDGE ( 'NONE', *, *, #692, .F. ) ;
#3211 = CARTESIAN_POINT ( 'NONE',  ( 2.175538146071709500E-015, 0.7401923788646647100, 1.599999999999985900 ) ) ;
#3212 = CARTESIAN_POINT ( 'NONE',  ( 0.0000000000000000000, -1.993946046730061400E-015, -2.700000000000000200 ) ) ;
#3213 = ORIENTED_EDGE ( 'NONE', *, *, #1574, .T. ) ;
#3214 = EDGE_CURVE ( 'NONE', #1724, #3564, #1267, .T. ) ;
#3215 = CARTESIAN_POINT ( 'NONE',  ( -0.5898502691896252400, -1.021650635094611300, 3.604166666666647000 ) ) ;
#3216 = EDGE_CURVE ( 'NONE', #649, #2277, #303, .T. ) ;
#3217 = CIRCLE ( 'NONE', #2300, 0.7505553499465115200 ) ;
#3218 = CARTESIAN_POINT ( 'NONE',  ( -1.224646799147352500E-016, -1.000000000000001300, -2.400000000000002100 ) ) ;
#3219 = CARTESIAN_POINT ( 'NONE',  ( 0.4273502691896251500, 0.7401923788646644900, 2.816666666666652200 ) ) ;
#3220 = CARTESIAN_POINT ( 'NONE',  ( 0.4273502691896251500, 0.7401923788646644900, 0.7666666666666549500 ) ) ;
#3221 = EDGE_LOOP ( 'NONE', ( #621, #1411, #447, #2012 ) ) ;
#3222 = CARTESIAN_POINT ( 'NONE',  ( 0.7401923788646666000, -3.166570952390200700E-015, -0.4500000000000074500 ) ) ;
#3223 = CARTESIAN_POINT ( 'NONE',  ( -0.5898502691896250200, 1.021650635094607700, 0.6458333333333246000 ) ) ;
#3224 = ORIENTED_EDGE ( 'NONE', *, *, #2964, .T. ) ;
#3225 = CARTESIAN_POINT ( 'NONE',  ( 0.0000000000000000000, 1.021650635094607500, 1.437499999999984900 ) ) ;
#3226 = CARTESIAN_POINT ( 'NONE',  ( 0.7401923788646666000, -1.993946046730061400E-015, -3.000000000000000000 ) ) ;
#3227 = FACE_OUTER_BOUND ( 'NONE', #61, .T. ) ;
#3228 = CARTESIAN_POINT ( 'NONE',  ( 0.7734396300084792600, -0.5534279042810156300, 2.943669996179497400 ) ) ;
#3229 = CARTESIAN_POINT ( 'NONE',  ( -0.8847754037844375300, -0.5108253175473065300, 3.970833333333313200 ) ) ;
#3230 = CARTESIAN_POINT ( 'NONE',  ( -0.8547005383792494200, -1.941610732802278000E-015, 0.9499999999999890800 ) ) ;
#3231 = CARTESIAN_POINT ( 'NONE',  ( 0.0000000000000000000, 0.7401923788646647100, -1.040834085586084300E-014 ) ) ;
#3232 = CARTESIAN_POINT ( 'NONE',  ( -0.5472849558696819500, -0.4345802333517180800, 4.245749438421300100 ) ) ;
#3233 = CARTESIAN_POINT ( 'NONE',  ( -1.179700538379250000, -1.921710222316133300E-015, 0.7124999999999913600 ) ) ;
#3234 = CARTESIAN_POINT ( 'NONE',  ( 0.5942232319303671900, 0.4413428467343285000, 2.740192378864672000 ) ) ;
#3235 = CARTESIAN_POINT ( 'NONE',  ( 0.8847754037844378600, 0.5108253175473020900, 2.970833333333315000 ) ) ;
#3236 = EDGE_CURVE ( 'NONE', #4220, #222, #1914, .T. ) ;
#3237 = CARTESIAN_POINT ( 'NONE',  ( 0.0000000000000000000, -1.951563910473908000E-015, 4.299999999999999800 ) ) ;
#3238 = CARTESIAN_POINT ( 'NONE',  ( -0.8660254037844381500, 0.4999999999999978400, -0.4833333333333441600 ) ) ;
#3239 =( BOUNDED_CURVE ( )  B_SPLINE_CURVE ( 2, ( #307, #3708, #2024, #3333, #645, #2665, #3042 ),
 .UNSPECIFIED., .F., .F. ) 
 B_SPLINE_CURVE_WITH_KNOTS ( ( 3, 2, 2, 3 ),
 ( 0.1000000000000000500, 0.1083333333333333900, 0.1166666666666667400, 0.1250000000000000800 ),
 .UNSPECIFIED. ) 
 CURVE ( )  GEOMETRIC_REPRESENTATION_ITEM ( )  RATIONAL_B_SPLINE_CURVE ( ( 0.9999999999999993300, 0.8660254037844393700, 1.000000000000000000, 0.8660254037844387100, 1.000000000000000000, 0.8660254037844373800, 1.000000000000001300 ) ) 
 REPRESENTATION_ITEM ( '' )  );
#3240 = EDGE_CURVE ( 'NONE', #1949, #5, #3298, .T. ) ;
#3241 = ORIENTED_EDGE ( 'NONE', *, *, #2544, .T. ) ;
#3242 = CARTESIAN_POINT ( 'NONE',  ( -0.7401923788646666000, -1.903298623977073300E-015, -3.000000000000000000 ) ) ;
#3243 = CARTESIAN_POINT ( 'NONE',  ( 0.0000000000000000000, -1.993946046730061400E-015, -3.000000000000000000 ) ) ;
#3244 = CARTESIAN_POINT ( 'NONE',  ( -0.8847754037844374200, 0.5108253175473028700, 3.904166666666645900 ) ) ;
#3245 = ORIENTED_EDGE ( 'NONE', *, *, #135, .F. ) ;
#3246 = CYLINDRICAL_SURFACE ( 'NONE', #1298, 0.9999999999999993300 ) ;
#3247 = ADVANCED_FACE ( 'NONE', ( #579 ), #1002, .T. ) ;
#3248 = CARTESIAN_POINT ( 'NONE',  ( 0.0000000000000000000, 0.7401923788646647100, 1.199999999999987500 ) ) ;
#3249 = EDGE_LOOP ( 'NONE', ( #2145, #2882 ) ) ;
#3250 = CARTESIAN_POINT ( 'NONE',  ( -1.179700538379250000, -1.921710222316133300E-015, 1.512499999999989500 ) ) ;
#3251 = CARTESIAN_POINT ( 'NONE',  ( -1.224646799147352500E-016, -1.000000000000001300, 0.4499999999999869700 ) ) ;
#3252 = ORIENTED_EDGE ( 'NONE', *, *, #637, .F. ) ;
#3253 = CARTESIAN_POINT ( 'NONE',  ( -0.5773502691896235100, -1.000000000000004900, 0.3666666666666592600 ) ) ;
#3254 = CARTESIAN_POINT ( 'NONE',  ( 0.0000000000000000000, 0.9999999999999973400, 2.599999999999987700 ) ) ;
#3255 = B_SPLINE_CURVE_WITH_KNOTS ( 'NONE', 3,
 ( #2347, #981, #1358, #2661 ),
 .UNSPECIFIED., .F., .F.,
 ( 4, 4 ),
 ( -0.002226523217305736100, -0.002111863099537677900 ),
 .UNSPECIFIED. ) ;
#3256 = ORIENTED_EDGE ( 'NONE', *, *, #2266, .T. ) ;
#3257 = CARTESIAN_POINT ( 'NONE',  ( 0.8660254037844379300, -0.5000000000000021100, -0.2833333333333449300 ) ) ;
#3258 = CARTESIAN_POINT ( 'NONE',  ( 0.8660254037844386000, 0.4999999999999970000, 0.5333333333333251100 ) ) ;
#3259 = CARTESIAN_POINT ( 'NONE',  ( -0.6410254037844370600, 0.3700961894323314100, 4.116666666666648500 ) ) ;
#3260 = CARTESIAN_POINT ( 'NONE',  ( -0.7401923788646666000, 0.1983339501604600200, 0.5321367205045821600 ) ) ;
#3261 = ORIENTED_EDGE ( 'NONE', *, *, #2834, .F. ) ;
#3262 = CARTESIAN_POINT ( 'NONE',  ( 0.5898502691896256900, 1.021650635094607300, 2.179166666666654700 ) ) ;
#3263 = EDGE_CURVE ( 'NONE', #2832, #1254, #3099, .T. ) ;
#3264 = CARTESIAN_POINT ( 'NONE',  ( 0.7401923788646667100, -2.963213184805508800E-015, -0.9000000000000080200 ) ) ;
#3265 = ORIENTED_EDGE ( 'NONE', *, *, #1578, .T. ) ;
#3266 = ADVANCED_FACE ( 'NONE', ( #3111 ), #2236, .T. ) ;
#3267 = VERTEX_POINT ( 'NONE', #2605 ) ;
#3268 = DIRECTION ( 'NONE',  ( -0.0000000000000000000, 6.054590893736192000E-018, 1.000000000000000000 ) ) ;
#3269 = CARTESIAN_POINT ( 'NONE',  ( 0.4273502691896170500, -0.7401923788646730400, 1.083333333333322400 ) ) ;
#3270 = COORDINATED_UNIVERSAL_TIME_OFFSET ( 6, 0, .BEHIND. ) ;
#3271 = CARTESIAN_POINT ( 'NONE',  ( 0.4273502691896238200, -0.7401923788646690400, -2.166666666666672300 ) ) ;
#3272 = CARTESIAN_POINT ( 'NONE',  ( 0.0000000000000000000, -1.000000000000001300, 4.299999999999999800 ) ) ;
#3273 = CARTESIAN_POINT ( 'NONE',  ( 0.8847754037844372000, -0.5108253175473072000, 3.704166666666646600 ) ) ;
#3274 = VERTEX_POINT ( 'NONE', #585 ) ;
#3275 = CARTESIAN_POINT ( 'NONE',  ( -1.154700538379250800, -1.923241030815067500E-015, 1.899999999999989300 ) ) ;
#3276 = CYLINDRICAL_SURFACE ( 'NONE', #3347, 0.9999999999999993300 ) ;
#3277 =( NAMED_UNIT ( * ) SI_UNIT ( $, .STERADIAN. ) SOLID_ANGLE_UNIT ( ) );
#3278 = CARTESIAN_POINT ( 'NONE',  ( -0.4273502691896249300, -0.7401923788646683800, 3.416666666666650500 ) ) ;
#3279 = ORIENTED_EDGE ( 'NONE', *, *, #1259, .F. ) ;
#3280 = LINE ( 'NONE', #2094, #1966 ) ;
#3281 = CARTESIAN_POINT ( 'NONE',  ( -0.8847754037844375300, 0.5108253175473029800, 1.879166666666655800 ) ) ;
#3282 = CARTESIAN_POINT ( 'NONE',  ( 0.0000000000000000000, 0.9999999999999974500, 1.049999999999986100 ) ) ;
#3283 = VECTOR ( 'NONE', #2394, 1000.000000000000000 ) ;
#3284 = CARTESIAN_POINT ( 'NONE',  ( -0.6410254037844365100, 0.3700961894323324100, -2.283333333333336800 ) ) ;
#3285 = DIRECTION ( 'NONE',  ( 0.0000000000000000000, -1.000000000000000000, 0.0000000000000000000 ) ) ;
#3286 = CARTESIAN_POINT ( 'NONE',  ( 0.0000000000000000000, -1.749999999999998000, 3.000000000000000000 ) ) ;
#3287 = CARTESIAN_POINT ( 'NONE',  ( 0.0000000000000000000, 0.7401923788646647100, 3.599999999999981900 ) ) ;
#3288 = LINE ( 'NONE', #4276, #1869 ) ;
#3289 = CARTESIAN_POINT ( 'NONE',  ( -1.224646799147352500E-016, -1.000000000000001300, -0.3500000000000111900 ) ) ;
#3290 = ADVANCED_FACE ( 'NONE', ( #1106 ), #3276, .T. ) ;
#3291 = CARTESIAN_POINT ( 'NONE',  ( -0.8547005383792494200, -1.941610732802278000E-015, 4.549999999999981200 ) ) ;
#3292 = AXIS2_PLACEMENT_3D ( 'NONE', #3044, #1022, #1363 ) ;
#3293 = CARTESIAN_POINT ( 'NONE',  ( -0.7401923788646666000, -3.776644255144275800E-016, 0.09999999999998976400 ) ) ;
#3294 =( BOUNDED_CURVE ( )  B_SPLINE_CURVE ( 2, ( #3711, #1039, #3402, #1366, #2711, #691, #1383 ),
 .UNSPECIFIED., .F., .F. ) 
 B_SPLINE_CURVE_WITH_KNOTS ( ( 3, 2, 2, 3 ),
 ( 0.2750000000000000800, 0.2833333333333333800, 0.2916666666666666300, 0.3000000000000000400 ),
 .UNSPECIFIED. ) 
 CURVE ( )  GEOMETRIC_REPRESENTATION_ITEM ( )  RATIONAL_B_SPLINE_CURVE ( ( 0.9999999999999991100, 0.8660254037844394800, 1.000000000000000000, 0.8660254037844386000, 1.000000000000000000, 0.8660254037844386000, 1.000000000000000000 ) ) 
 REPRESENTATION_ITEM ( '' )  );
#3295 = ORIENTED_EDGE ( 'NONE', *, *, #282, .T. ) ;
#3296 = CARTESIAN_POINT ( 'NONE',  ( -0.8847754037844376400, -0.5108253175473066500, 4.345833333333317200 ) ) ;
#3297 = CARTESIAN_POINT ( 'NONE',  ( -1.224646799147352500E-016, -1.000000000000001300, -1.950000000000008200 ) ) ;
#3298 =( BOUNDED_CURVE ( )  B_SPLINE_CURVE ( 2, ( #880, #615, #1278, #3303, #2299, #2935, #3955 ),
 .UNSPECIFIED., .F., .F. ) 
 B_SPLINE_CURVE_WITH_KNOTS ( ( 3, 2, 2, 3 ),
 ( 0.5000000000000001100, 0.5083333333333334100, 0.5166666666666668300, 0.5250000000000001300 ),
 .UNSPECIFIED. ) 
 CURVE ( )  GEOMETRIC_REPRESENTATION_ITEM ( )  RATIONAL_B_SPLINE_CURVE ( ( 0.9999999999999982200, 0.8660254037844404800, 1.000000000000000000, 0.8660254037844387100, 1.000000000000000000, 0.8660254037844369300, 1.000000000000001800 ) ) 
 REPRESENTATION_ITEM ( '' )  );
#3299 = FACE_OUTER_BOUND ( 'NONE', #2330, .T. ) ;
#3300 = EDGE_CURVE ( 'NONE', #3591, #730, #2521, .T. ) ;
#3301 = CARTESIAN_POINT ( 'NONE',  ( -0.4273502691896238800, 0.7401923788646649300, -2.316666666666670000 ) ) ;
#3302 = EDGE_CURVE ( 'NONE', #1724, #2355, #1318, .T. ) ;
#3303 = CARTESIAN_POINT ( 'NONE',  ( -1.154700538379250800, -1.923241030815067500E-015, 1.099999999999990500 ) ) ;
#3304 = FACE_OUTER_BOUND ( 'NONE', #2413, .T. ) ;
#3305 = CARTESIAN_POINT ( 'NONE',  ( -1.224646799147352500E-016, -1.000000000000001300, 2.799999999999987400 ) ) ;
#3306 = CARTESIAN_POINT ( 'NONE',  ( -0.8547005383792494200, -1.941610732802278000E-015, 3.699999999999982000 ) ) ;
#3307 = CARTESIAN_POINT ( 'NONE',  ( 0.7401923788646667100, -8.424821799937230700E-016, 0.2999999999999895000 ) ) ;
#3308 = VERTEX_POINT ( 'NONE', #568 ) ;
#3309 = CARTESIAN_POINT ( 'NONE',  ( -0.7401923788646666000, -1.438029927920320500E-015, -1.900000000000005900 ) ) ;
#3310 = ORIENTED_EDGE ( 'NONE', *, *, #1948, .F. ) ;
#3311 = CARTESIAN_POINT ( 'NONE',  ( 1.179700538379250000, -2.210653519971845100E-015, 2.912499999999985900 ) ) ;
#3312 = DIRECTION ( 'NONE',  ( 0.0000000000000000000, -1.000000000000000000, 0.0000000000000000000 ) ) ;
#3313 = ADVANCED_FACE ( 'NONE', ( #848 ), #4184, .T. ) ;
#3314 = VERTEX_POINT ( 'NONE', #328 ) ;
#3315 = CARTESIAN_POINT ( 'NONE',  ( -0.4273502691896232100, 0.7401923788646654900, -1.166666666666674300 ) ) ;
#3316 = CARTESIAN_POINT ( 'NONE',  ( -0.6410254037844417300, -0.3700961894323274700, 1.383333333333321500 ) ) ;
#3317 = CARTESIAN_POINT ( 'NONE',  ( 0.0000000000000000000, 0.9999999999999974500, 2.649999999999982100 ) ) ;
#3318 = CARTESIAN_POINT ( 'NONE',  ( -0.4273502691896246500, 0.7401923788646646000, 4.033333333333314600 ) ) ;
#3319 = EDGE_LOOP ( 'NONE', ( #1875, #3949, #3154, #4199 ) ) ;
#3320 = CARTESIAN_POINT ( 'NONE',  ( 1.022525628150577300E-016, 0.6999999999999982900, -3.000000000000000000 ) ) ;
#3321 = DIRECTION ( 'NONE',  ( -0.0000000000000000000, -0.0000000000000000000, 1.000000000000000000 ) ) ;
#3322 = ORIENTED_EDGE ( 'NONE', *, *, #2570, .F. ) ;
#3323 = CARTESIAN_POINT ( 'NONE',  ( 0.5898502691896245800, -1.021650635094612000, 4.445833333333316900 ) ) ;
#3324 = ORIENTED_EDGE ( 'NONE', *, *, #4183, .T. ) ;
#3325 = EDGE_CURVE ( 'NONE', #500, #2127, #34, .T. ) ;
#3326 = EDGE_CURVE ( 'NONE', #339, #1272, #3429, .T. ) ;
#3327 = CARTESIAN_POINT ( 'NONE',  ( 0.7006292692218191200, 0.7135254915626320100, 3.000000000000000900 ) ) ;
#3328 = VERTEX_POINT ( 'NONE', #980 ) ;
#3329 = FACE_OUTER_BOUND ( 'NONE', #519, .T. ) ;
#3330 = CARTESIAN_POINT ( 'NONE',  ( 0.4273502691896221000, -0.7401923788646700400, 1.483333333333321800 ) ) ;
#3331 = CARTESIAN_POINT ( 'NONE',  ( 0.7401923788646666000, -1.993946046730061400E-015, -3.000000000000000000 ) ) ;
#3332 = CARTESIAN_POINT ( 'NONE',  ( -0.6410254037844370600, 0.3700961894323314100, 4.066666666666646900 ) ) ;
#3333 = CARTESIAN_POINT ( 'NONE',  ( -1.154700538379250800, -1.923241030815067500E-015, -2.100000000000002300 ) ) ;
#3334 = ADVANCED_FACE ( 'NONE', ( #4341 ), #3802, .T. ) ;
#3335 = VECTOR ( 'NONE', #1328, 1000.000000000000000 ) ;
#3336 = DIRECTION ( 'NONE',  ( 0.0000000000000000000, -1.000000000000000000, 0.0000000000000000000 ) ) ;
#3337 = CIRCLE ( 'NONE', #4370, 1.749999999999996000 ) ;
#3338 = CARTESIAN_POINT ( 'NONE',  ( -1.179700538379250000, -1.921710222316133300E-015, 3.912499999999984500 ) ) ;
#3339 = CARTESIAN_POINT ( 'NONE',  ( -0.7401923788646666000, -1.234672160335628800E-015, -1.450000000000005100 ) ) ;
#3340 = DIRECTION ( 'NONE',  ( -0.0000000000000000000, -0.0000000000000000000, 1.000000000000000000 ) ) ;
#3341 = DIRECTION ( 'NONE',  ( 0.0000000000000000000, -1.000000000000000000, 0.0000000000000000000 ) ) ;
#3342 = CARTESIAN_POINT ( 'NONE',  ( -0.6410254037844371800, -0.3700961894323351300, 2.933333333333316300 ) ) ;
#3343 =( BOUNDED_CURVE ( )  B_SPLINE_CURVE ( 2, ( #3849, #122, #1441, #1788, #155, #2207, #1548, #3869, #2572 ),
 .UNSPECIFIED., .F., .F. ) 
 B_SPLINE_CURVE_WITH_KNOTS ( ( 3, 2, 2, 2, 3 ),
 ( 0.2125000000000000200, 0.2166666666666666700, 0.2250000000000000100, 0.2333333333333333400, 0.2375000000000000200 ),
 .UNSPECIFIED. ) 
 CURVE ( )  GEOMETRIC_REPRESENTATION_ITEM ( )  RATIONAL_B_SPLINE_CURVE ( ( 0.9330127018922194100, 0.9330127018922196300, 1.000000000000000000, 0.8660254037844387100, 1.000000000000000000, 0.8660254037844387100, 1.000000000000000000, 0.9330127018922191900, 0.9330127018922194100 ) ) 
 REPRESENTATION_ITEM ( '' )  );
#3344 = CARTESIAN_POINT ( 'NONE',  ( 0.7006292692221060000, -0.7135254915623544500, -2.700000000000000200 ) ) ;
#3345 = ORIENTED_EDGE ( 'NONE', *, *, #2816, .T. ) ;
#3346 = DIRECTION ( 'NONE',  ( 1.000000000000000000, 0.0000000000000000000, -0.0000000000000000000 ) ) ;
#3347 = AXIS2_PLACEMENT_3D ( 'NONE', #209, #1598, #3285 ) ;
#3348 = CARTESIAN_POINT ( 'NONE',  ( -0.7401923788646663800, 0.1983339501604580700, -1.867863279495412400 ) ) ;
#3349 = ORIENTED_EDGE ( 'NONE', *, *, #2570, .T. ) ;
#3350 = VECTOR ( 'NONE', #1653, 1000.000000000000000 ) ;
#3351 = CARTESIAN_POINT ( 'NONE',  ( 0.0000000000000000000, 0.9999999999999974500, -2.550000000000006500 ) ) ;
#3352 = CARTESIAN_POINT ( 'NONE',  ( 0.5898502691896245800, -1.021650635094612000, 2.845833333333320300 ) ) ;
#3353 = ADVANCED_FACE ( 'NONE', ( #2654 ), #203, .T. ) ;
#3354 = ORIENTED_EDGE ( 'NONE', *, *, #454, .F. ) ;
#3355 = AXIS2_PLACEMENT_3D ( 'NONE', #1765, #42, #2064 ) ;
#3356 = CARTESIAN_POINT ( 'NONE',  ( 0.0000000000000000000, 0.9999999999999974500, -1.000000000000004700 ) ) ;
#3357 = CARTESIAN_POINT ( 'NONE',  ( -0.8660254037844380400, 0.4999999999999978400, -1.733333333333336300 ) ) ;
#3358 = CARTESIAN_POINT ( 'NONE',  ( 0.6410254037844369500, -0.3700961894323356300, 4.666666666666647400 ) ) ;
#3359 = VERTEX_POINT ( 'NONE', #3679 ) ;
#3360 = CARTESIAN_POINT ( 'NONE',  ( -0.1200778981531913800, -0.7303876067571578600, -2.959807621135332600 ) ) ;
#3361 = CARTESIAN_POINT ( 'NONE',  ( -1.224646799147352500E-016, -1.000000000000001300, 1.649999999999983900 ) ) ;
#3362 = EDGE_LOOP ( 'NONE', ( #4228, #2589, #242, #3854, #4060, #4280, #2723, #3261, #943, #3404, #2983, #2434, #4051, #3986, #2060, #809, #784, #4391, #2052, #4036, #352, #3789, #3367, #1373, #1789, #2005, #3512, #3693, #2114, #4389, #403, #3677, #4042, #3819, #3673, #3904, #2838, #3370, #3588, #2154, #4164, #1084, #2381, #1965, #562, #1797, #716, #827, #3661, #992, #3365, #3922, #1014, #1049, #2031, #2112, #938, #1231, #2599, #1282, #907, #2171 ) ) ;
#3363 = CARTESIAN_POINT ( 'NONE',  ( -0.7401923788646666000, 0.1983339501604600200, 0.4821367205045807300 ) ) ;
#3364 = CARTESIAN_POINT ( 'NONE',  ( -9.064742275298788900E-017, -0.7401923788646686000, -2.550000000000003400 ) ) ;
#3365 = ORIENTED_EDGE ( 'NONE', *, *, #522, .T. ) ;
#3366 = CARTESIAN_POINT ( 'NONE',  ( 3.536165816866263100E-015, 0.7401923788646647100, -1.200000000000007500 ) ) ;
#3367 = ORIENTED_EDGE ( 'NONE', *, *, #2842, .F. ) ;
#3368 = CARTESIAN_POINT ( 'NONE',  ( 0.6499999999999986900, -0.3752776749732558100, 3.389999999999999700 ) ) ;
#3369 = CARTESIAN_POINT ( 'NONE',  ( -0.5898502691896248000, 1.021650635094607500, -2.129166666666674000 ) ) ;
#3370 = ORIENTED_EDGE ( 'NONE', *, *, #975, .T. ) ;
#3371 = PERSON_AND_ORGANIZATION ( #1331, #4292 ) ;
#3372 = CARTESIAN_POINT ( 'NONE',  ( -0.7401923788646666000, -1.292774379645540600E-015, -2.700000000000004600 ) ) ;
#3373 = ADVANCED_FACE ( 'NONE', ( #3483 ), #1319, .F. ) ;
#3374 = ORIENTED_EDGE ( 'NONE', *, *, #429, .T. ) ;
#3375 = CARTESIAN_POINT ( 'NONE',  ( 0.0000000000000000000, 0.9999999999999974500, 0.6499999999999865900 ) ) ;
#3376 = CARTESIAN_POINT ( 'NONE',  ( -0.6499999999999980200, 0.3752776749732554300, 3.389999999999999700 ) ) ;
#3377 = CARTESIAN_POINT ( 'NONE',  ( -0.4273502691896246500, 0.7401923788646646000, -1.516666666666671900 ) ) ;
#3378 = EDGE_CURVE ( 'NONE', #1448, #2576, #2016, .T. ) ;
#3379 = ORIENTED_EDGE ( 'NONE', *, *, #868, .T. ) ;
#3380 = EDGE_CURVE ( 'NONE', #3522, #2941, #1398, .T. ) ;
#3381 = LINE ( 'NONE', #3110, #358 ) ;
#3382 = DIRECTION ( 'NONE',  ( -0.0000000000000000000, 6.054590893736192000E-018, 1.000000000000000000 ) ) ;
#3383 = CARTESIAN_POINT ( 'NONE',  ( 0.0000000000000000000, -1.993946046730061400E-015, 3.000000000000000000 ) ) ;
#3384 = CARTESIAN_POINT ( 'NONE',  ( 0.0000000000000000000, 0.7401923788646647100, 4.399999999999979900 ) ) ;
#3385 = LINE ( 'NONE', #4373, #1008 ) ;
#3386 = CARTESIAN_POINT ( 'NONE',  ( 0.4273502691896245400, -0.7401923788646688200, -2.916666666666669200 ) ) ;
#3387 = CARTESIAN_POINT ( 'NONE',  ( -1.224646799147352500E-016, -1.000000000000001300, 1.249999999999984900 ) ) ;
#3388 = CARTESIAN_POINT ( 'NONE',  ( -0.6410254037844370600, 0.3700961894323314100, -2.683333333333336200 ) ) ;
#3389 = ORIENTED_EDGE ( 'NONE', *, *, #2567, .F. ) ;
#3390 = ADVANCED_FACE ( 'NONE', ( #3329 ), #1064, .F. ) ;
#3391 = AXIS2_PLACEMENT_3D ( 'NONE', #4133, #1771, #1741 ) ;
#3392 =( BOUNDED_CURVE ( )  B_SPLINE_CURVE ( 2, ( #2553, #1873, #4257, #3192, #516, #2878, #4223, #2896, #860 ),
 .UNSPECIFIED., .F., .F. ) 
 B_SPLINE_CURVE_WITH_KNOTS ( ( 3, 2, 2, 2, 3 ),
 ( 0.5374999999999999800, 0.5416666666666666300, 0.5500000000000000400, 0.5583333333333333500, 0.5625000000000000000 ),
 .UNSPECIFIED. ) 
 CURVE ( )  GEOMETRIC_REPRESENTATION_ITEM ( )  RATIONAL_B_SPLINE_CURVE ( ( 0.9330127018922194100, 0.9330127018922194100, 1.000000000000000000, 0.8660254037844387100, 1.000000000000000000, 0.8660254037844387100, 1.000000000000000000, 0.9330127018922194100, 0.9330127018922194100 ) ) 
 REPRESENTATION_ITEM ( '' )  );
#3393 = DIRECTION ( 'NONE',  ( -6.860497997771531600E-015, 1.000000000000000000, 0.0000000000000000000 ) ) ;
#3394 = VECTOR ( 'NONE', #3016, 1000.000000000000000 ) ;
#3395 = CARTESIAN_POINT ( 'NONE',  ( 0.6410254037844405100, 0.3700961894323253600, 2.333333333333318400 ) ) ;
#3396 = CARTESIAN_POINT ( 'NONE',  ( -0.5898502691896248000, 1.021650635094607500, -3.329166666666671000 ) ) ;
#3397 = CARTESIAN_POINT ( 'NONE',  ( -0.7401923788646666000, -1.292774379645540600E-015, -2.700000000000004600 ) ) ;
#3398 = CARTESIAN_POINT ( 'NONE',  ( -0.8660254037844381500, -0.5000000000000014400, 2.333333333333321900 ) ) ;
#3399 = CARTESIAN_POINT ( 'NONE',  ( 0.4273502691896283200, 0.7401923788646626000, 0.01666666666665789200 ) ) ;
#3400 = VECTOR ( 'NONE', #2812, 1000.000000000000000 ) ;
#3401 = DIRECTION ( 'NONE',  ( -0.0000000000000000000, -0.0000000000000000000, 1.000000000000000000 ) ) ;
#3402 = CARTESIAN_POINT ( 'NONE',  ( -0.8660254037844382600, -0.5000000000000014400, 2.383333333333316400 ) ) ;
#3403 = EDGE_CURVE ( 'NONE', #2427, #1309, #618, .T. ) ;
#3404 = ORIENTED_EDGE ( 'NONE', *, *, #2816, .F. ) ;
#3405 = CARTESIAN_POINT ( 'NONE',  ( -0.6410254037844359500, 0.3700961894323331900, -0.3333333333333425900 ) ) ;
#3406 = CARTESIAN_POINT ( 'NONE',  ( -1.251161180115474400E-016, -1.021650635094611700, 4.812499999999982200 ) ) ;
#3407 = ORIENTED_EDGE ( 'NONE', *, *, #3205, .F. ) ;
#3408 = CARTESIAN_POINT ( 'NONE',  ( -0.6410254037844392800, -0.3700961894323315200, 2.583333333333319300 ) ) ;
#3409 = EDGE_CURVE ( 'NONE', #1254, #1001, #1872, .T. ) ;
#3410 = CARTESIAN_POINT ( 'NONE',  ( -0.7401923788646664900, -1.917373237227094000E-015, -2.300000000000004700 ) ) ;
#3411 = CARTESIAN_POINT ( 'NONE',  ( -0.5898502691896252400, -1.021650635094611300, -2.795833333333339200 ) ) ;
#3412 = ORIENTED_EDGE ( 'NONE', *, *, #2843, .F. ) ;
#3413 = CARTESIAN_POINT ( 'NONE',  ( 0.7401923788646666000, -0.1983339501604622900, -0.06786327949541644300 ) ) ;
#3414 = CARTESIAN_POINT ( 'NONE',  ( 0.4273502691896231000, -0.7401923788646693800, -0.5666666666666758700 ) ) ;
#3415 = CARTESIAN_POINT ( 'NONE',  ( -0.8842893680027097400, 0.1871148599011321600, -2.803890262187579200 ) ) ;
#3416 = ORIENTED_EDGE ( 'NONE', *, *, #3951, .F. ) ;
#3417 = CARTESIAN_POINT ( 'NONE',  ( -0.8547005383792494200, -1.941610732802278000E-015, -2.250000000000003600 ) ) ;
#3418 = EDGE_LOOP ( 'NONE', ( #2015, #459, #3996, #450, #3716 ) ) ;
#3419 = DIRECTION ( 'NONE',  ( -0.0000000000000000000, -0.0000000000000000000, 1.000000000000000000 ) ) ;
#3420 = EDGE_LOOP ( 'NONE', ( #4377, #2038, #51, #4285 ) ) ;
#3421 = CARTESIAN_POINT ( 'NONE',  ( 1.179700538379250000, -2.210653519971845100E-015, -2.287500000000002300 ) ) ;
#3422 =( BOUNDED_CURVE ( )  B_SPLINE_CURVE ( 2, ( #2185, #3450, #219, #4242, #2217, #1904, #890 ),
 .UNSPECIFIED., .F., .F. ) 
 B_SPLINE_CURVE_WITH_KNOTS ( ( 3, 2, 2, 3 ),
 ( 0.4750000000000000300, 0.4833333333333333900, 0.4916666666666667500, 0.5000000000000001100 ),
 .UNSPECIFIED. ) 
 CURVE ( )  GEOMETRIC_REPRESENTATION_ITEM ( )  RATIONAL_B_SPLINE_CURVE ( ( 0.9999999999999991100, 0.8660254037844396000, 1.000000000000000000, 0.8660254037844387100, 1.000000000000000000, 0.8660254037844369300, 1.000000000000001800 ) ) 
 REPRESENTATION_ITEM ( '' )  );
#3423 = FACE_OUTER_BOUND ( 'NONE', #1792, .T. ) ;
#3424 = CARTESIAN_POINT ( 'NONE',  ( -0.5773502691896254000, 0.9999999999999976700, -2.516666666666673300 ) ) ;
#3425 = CARTESIAN_POINT ( 'NONE',  ( -1.251161180115474100E-016, -1.021650635094611500, -1.562500000000008400 ) ) ;
#3426 = VERTEX_POINT ( 'NONE', #3438 ) ;
#3427 = DIRECTION ( 'NONE',  ( 1.000000000000000000, 0.0000000000000000000, 0.0000000000000000000 ) ) ;
#3428 = CARTESIAN_POINT ( 'NONE',  ( 0.6410254037844365100, -0.3700961894323363000, -2.483333333333336500 ) ) ;
#3429 = CIRCLE ( 'NONE', #1340, 1.749999999999996200 ) ;
#3430 = CARTESIAN_POINT ( 'NONE',  ( -1.224646799147352500E-016, -1.000000000000001300, 0.4499999999999869700 ) ) ;
#3431 = LINE ( 'NONE', #1671, #3544 ) ;
#3432 = CARTESIAN_POINT ( 'NONE',  ( -0.7401923788646659300, -6.028105253403363800E-015, 2.549999999999986500 ) ) ;
#3433 = CARTESIAN_POINT ( 'NONE',  ( 0.8547005383792494200, -2.150951988513411000E-015, 0.7499999999999897900 ) ) ;
#3434 = EDGE_CURVE ( 'NONE', #2102, #997, #792, .T. ) ;
#3435 = EDGE_CURVE ( 'NONE', #658, #3469, #2331, .T. ) ;
#3436 = DIRECTION ( 'NONE',  ( 6.982962677686266700E-015, -1.000000000000000000, 0.0000000000000000000 ) ) ;
#3437 = CARTESIAN_POINT ( 'NONE',  ( 0.0000000000000000000, -1.000000000000001300, 4.299999999999999800 ) ) ;
#3438 = CARTESIAN_POINT ( 'NONE',  ( 0.0000000000000000000, 0.9999999999999974500, -0.9500000000000101700 ) ) ;
#3439 = CARTESIAN_POINT ( 'NONE',  ( -0.5898502691896252400, -1.021650635094611300, -0.3958333333333444200 ) ) ;
#3440 = DIRECTION ( 'NONE',  ( -1.000000000000000000, 0.0000000000000000000, 0.0000000000000000000 ) ) ;
#3441 = CARTESIAN_POINT ( 'NONE',  ( 0.7401923788646660500, -1.307299934473018500E-016, 1.499999999999987600 ) ) ;
#3442 = CARTESIAN_POINT ( 'NONE',  ( -0.4273502691896249300, -0.7401923788646683800, -3.033333333333336800 ) ) ;
#3443 = ORIENTED_EDGE ( 'NONE', *, *, #3663, .T. ) ;
#3444 = CARTESIAN_POINT ( 'NONE',  ( 0.4273502691896244900, -0.7401923788646687100, -0.1166666666666750800 ) ) ;
#3445 = CARTESIAN_POINT ( 'NONE',  ( 0.6410254037844374000, 0.3700961894323307500, -1.266666666666674200 ) ) ;
#3446 = CARTESIAN_POINT ( 'NONE',  ( -1.224646799147352500E-016, -1.000000000000001300, -2.000000000000002200 ) ) ;
#3447 = AXIS2_PLACEMENT_3D ( 'NONE', #1673, #4417, #3336 ) ;
#3448 = CARTESIAN_POINT ( 'NONE',  ( 0.4273502691896232100, -0.7401923788646693800, -0.9166666666666732900 ) ) ;
#3449 = CARTESIAN_POINT ( 'NONE',  ( -0.5898502691896250200, 1.021650635094607700, -2.154166666666669000 ) ) ;
#3450 = CARTESIAN_POINT ( 'NONE',  ( 0.5773502691896270600, -0.9999999999999980000, 0.8333333333333250400 ) ) ;
#3451 = CARTESIAN_POINT ( 'NONE',  ( 0.8847754037844372000, -0.5108253175473072000, -1.095833333333342800 ) ) ;
#3452 = ORIENTED_EDGE ( 'NONE', *, *, #3836, .T. ) ;
#3453 = DIRECTION ( 'NONE',  ( -0.0000000000000000000, 6.054590893736192000E-018, 1.000000000000000000 ) ) ;
#3454 = CARTESIAN_POINT ( 'NONE',  ( 0.6410254037844346200, -0.3700961894323397400, 0.3166666666666573800 ) ) ;
#3455 = DIRECTION ( 'NONE',  ( 1.000000000000000000, 0.0000000000000000000, 0.0000000000000000000 ) ) ;
#3456 = ORIENTED_EDGE ( 'NONE', *, *, #2843, .T. ) ;
#3457 = CARTESIAN_POINT ( 'NONE',  ( 0.4273502691896236000, -0.7401923788646690400, -1.766666666666672800 ) ) ;
#3458 = EDGE_CURVE ( 'NONE', #794, #1989, #4332, .T. ) ;
#3459 = EDGE_CURVE ( 'NONE', #3048, #1959, #1648, .T. ) ;
#3460 = CARTESIAN_POINT ( 'NONE',  ( 0.6410254037844374000, 0.3700961894323307500, -0.8166666666666734200 ) ) ;
#3461 = VERTEX_POINT ( 'NONE', #4100 ) ;
#3462 = CARTESIAN_POINT ( 'NONE',  ( 0.6410254037844374000, 0.3700961894323307500, -0.8666666666666749100 ) ) ;
#3463 = CARTESIAN_POINT ( 'NONE',  ( -0.5773502691896254000, 0.9999999999999974500, -1.366666666666670500 ) ) ;
#3464 = VERTEX_POINT ( 'NONE', #28 ) ;
#3465 = CARTESIAN_POINT ( 'NONE',  ( -1.251161180115474400E-016, -1.021650635094611700, -2.387500000000002000 ) ) ;
#3466 = CARTESIAN_POINT ( 'NONE',  ( 0.5898502691896244700, -1.021650635094611700, -0.7291666666666769500 ) ) ;
#3467 = CARTESIAN_POINT ( 'NONE',  ( 0.0000000000000000000, 0.9999999999999974500, 2.249999999999983100 ) ) ;
#3468 = DATE_AND_TIME ( #3047, #1688 ) ;
#3469 = VERTEX_POINT ( 'NONE', #2096 ) ;
#3470 = CARTESIAN_POINT ( 'NONE',  ( 0.0000000000000000000, -1.951563910473908000E-015, 4.299999999999999800 ) ) ;
#3471 = CARTESIAN_POINT ( 'NONE',  ( 0.4273502691896251500, 0.7401923788646644900, -2.833333333333337000 ) ) ;
#3472 = B_SPLINE_CURVE_WITH_KNOTS ( 'NONE', 3,
 ( #3206, #2898, #2199, #2580 ),
 .UNSPECIFIED., .F., .F.,
 ( 4, 4 ),
 ( 0.001416352375018467100, 0.001542018709849678400 ),
 .UNSPECIFIED. ) ;
#3473 = CARTESIAN_POINT ( 'NONE',  ( 0.7633974596215099600, 3.152045397562722000E-015, 2.763397459621516300 ) ) ;
#3474 = ORIENTED_EDGE ( 'NONE', *, *, #1255, .F. ) ;
#3475 = CARTESIAN_POINT ( 'NONE',  ( 0.6410254037844404000, 0.3700961894323255800, 1.583333333333321000 ) ) ;
#3476 =( BOUNDED_CURVE ( )  B_SPLINE_CURVE ( 2, ( #1580, #247, #4342, #1263, #210, #941, #2585 ),
 .UNSPECIFIED., .F., .F. ) 
 B_SPLINE_CURVE_WITH_KNOTS ( ( 3, 2, 2, 3 ),
 ( 0.7750000000000001300, 0.7833333333333334400, 0.7916666666666668500, 0.8000000000000002700 ),
 .UNSPECIFIED. ) 
 CURVE ( )  GEOMETRIC_REPRESENTATION_ITEM ( )  RATIONAL_B_SPLINE_CURVE ( ( 0.9999999999999982200, 0.8660254037844403700, 1.000000000000000000, 0.8660254037844386000, 1.000000000000000000, 0.8660254037844350400, 1.000000000000003600 ) ) 
 REPRESENTATION_ITEM ( '' )  );
#3477 = FACE_OUTER_BOUND ( 'NONE', #3659, .T. ) ;
#3478 = CARTESIAN_POINT ( 'NONE',  ( 0.6410254037844369500, -0.3700961894323356300, 0.3166666666666573800 ) ) ;
#3479 = AXIS2_PLACEMENT_3D ( 'NONE', #948, #3657, #2666 ) ;
#3480 = CARTESIAN_POINT ( 'NONE',  ( 0.4273502691896251500, 0.7401923788646644900, -0.4333333333333424000 ) ) ;
#3481 = ORIENTED_EDGE ( 'NONE', *, *, #2622, .T. ) ;
#3482 =( BOUNDED_CURVE ( )  B_SPLINE_CURVE ( 2, ( #3788, #3146, #3818, #2176, #1832, #2481, #1085, #4138, #2115 ),
 .UNSPECIFIED., .F., .F. ) 
 B_SPLINE_CURVE_WITH_KNOTS ( ( 3, 2, 2, 2, 3 ),
 ( 0.6875000000000001100, 0.6916666666666666500, 0.6999999999999999600, 0.7083333333333333700, 0.7125000000000001300 ),
 .UNSPECIFIED. ) 
 CURVE ( )  GEOMETRIC_REPRESENTATION_ITEM ( )  RATIONAL_B_SPLINE_CURVE ( ( 0.9330127018922194100, 0.9330127018922211900, 1.000000000000000000, 0.8660254037844387100, 1.000000000000000000, 0.8660254037844387100, 1.000000000000000000, 0.9330127018922176300, 0.9330127018922194100 ) ) 
 REPRESENTATION_ITEM ( '' )  );
#3483 = FACE_OUTER_BOUND ( 'NONE', #2993, .T. ) ;
#3484 = CARTESIAN_POINT ( 'NONE',  ( 0.8847754037844373100, -0.5108253175473073100, 0.07916666666665925200 ) ) ;
#3485 = ORIENTED_EDGE ( 'NONE', *, *, #2753, .T. ) ;
#3486 = DIRECTION ( 'NONE',  ( 0.8660254037844383700, 0.5000000000000003300, 0.0000000000000000000 ) ) ;
#3487 = CARTESIAN_POINT ( 'NONE',  ( -0.5898502691896248000, 1.021650635094607500, -0.9291666666666762400 ) ) ;
#3488 = CIRCLE ( 'NONE', #1451, 1.790942933915002000 ) ;
#3489 = EDGE_CURVE ( 'NONE', #158, #407, #1538, .T. ) ;
#3490 = CARTESIAN_POINT ( 'NONE',  ( -0.4273502691896246500, 0.7401923788646646000, -2.366666666666671600 ) ) ;
#3491 = VECTOR ( 'NONE', #4027, 1000.000000000000000 ) ;
#3492 = CARTESIAN_POINT ( 'NONE',  ( -1.154700538379250800, -1.923241030815067500E-015, -2.500000000000000900 ) ) ;
#3493 = CARTESIAN_POINT ( 'NONE',  ( -0.7401923788646666000, -1.438029927920320500E-015, -1.900000000000005900 ) ) ;
#3494 = CARTESIAN_POINT ( 'NONE',  ( 0.1149040446884278000, -0.7839584193239616000, -2.916041580676040500 ) ) ;
#3495 = CARTESIAN_POINT ( 'NONE',  ( -0.6410254037844371800, -0.3700961894323351300, 0.9833333333333221800 ) ) ;
#3496 = CC_DESIGN_DATE_AND_TIME_ASSIGNMENT ( #2056, #192, ( #754 ) ) ;
#3497 = CARTESIAN_POINT ( 'NONE',  ( 0.6410254037844369500, -0.3700961894323356300, -0.9333333333333415600 ) ) ;
#3498 = CARTESIAN_POINT ( 'NONE',  ( -0.8660254037844381500, -0.5000000000000014400, 1.533333333333323000 ) ) ;
#3499 = CARTESIAN_POINT ( 'NONE',  ( -0.5898502691896250200, 1.021650635094607700, -1.354166666666671000 ) ) ;
#3500 = CARTESIAN_POINT ( 'NONE',  ( -0.6410254037844356200, 0.3700961894323338600, 1.266666666666653700 ) ) ;
#3501 = ORIENTED_EDGE ( 'NONE', *, *, #2656, .F. ) ;
#3502 = CARTESIAN_POINT ( 'NONE',  ( -0.5898502691896252400, -1.021650635094611300, 1.204166666666652200 ) ) ;
#3503 = FACE_OUTER_BOUND ( 'NONE', #2139, .T. ) ;
#3504 = CARTESIAN_POINT ( 'NONE',  ( -0.5773502691896302800, -0.9999999999999935600, 1.616666666666650500 ) ) ;
#3505 = DIRECTION ( 'NONE',  ( 1.000000000000000000, 0.0000000000000000000, 0.0000000000000000000 ) ) ;
#3506 =( BOUNDED_CURVE ( )  B_SPLINE_CURVE ( 2, ( #3641, #1630, #1052, #3076, #1713, #3414, #3740, #707, #4071 ),
 .UNSPECIFIED., .F., .F. ) 
 B_SPLINE_CURVE_WITH_KNOTS ( ( 3, 2, 2, 2, 3 ),
 ( 0.3125000000000000600, 0.3166666666666666500, 0.3250000000000000100, 0.3333333333333333100, 0.3375000000000000200 ),
 .UNSPECIFIED. ) 
 CURVE ( )  GEOMETRIC_REPRESENTATION_ITEM ( )  RATIONAL_B_SPLINE_CURVE ( ( 0.9330127018922194100, 0.9330127018922203000, 1.000000000000000000, 0.8660254037844387100, 1.000000000000000000, 0.8660254037844387100, 1.000000000000000000, 0.9330127018922189700, 0.9330127018922194100 ) ) 
 REPRESENTATION_ITEM ( '' )  );
#3507 = FACE_OUTER_BOUND ( 'NONE', #4110, .T. ) ;
#3508 = DIRECTION ( 'NONE',  ( 0.0000000000000000000, -1.000000000000000000, 0.0000000000000000000 ) ) ;
#3509 = CARTESIAN_POINT ( 'NONE',  ( 0.6410254037844374000, 0.3700961894323307500, 2.383333333333320000 ) ) ;
#3510 = CARTESIAN_POINT ( 'NONE',  ( 0.6410254037844369500, -0.3700961894323356300, -2.133333333333338600 ) ) ;
#3511 = CARTESIAN_POINT ( 'NONE',  ( -0.5773502691896215100, -1.000000000000008900, 1.566666666666656700 ) ) ;
#3512 = ORIENTED_EDGE ( 'NONE', *, *, #1865, .F. ) ;
#3513 = CARTESIAN_POINT ( 'NONE',  ( -1.154700538379250800, -1.923241030815067500E-015, 2.699999999999986900 ) ) ;
#3514 = CARTESIAN_POINT ( 'NONE',  ( 0.5898502691896256900, 1.021650635094607300, 0.1791666666666590600 ) ) ;
#3515 = CARTESIAN_POINT ( 'NONE',  ( 0.8660254037844379300, -0.5000000000000021100, 1.316666666666651800 ) ) ;
#3516 = CARTESIAN_POINT ( 'NONE',  ( -0.5898502691896248000, 1.021650635094607500, 2.270833333333316600 ) ) ;
#3517 = EDGE_LOOP ( 'NONE', ( #2714, #1311, #4009, #1841 ) ) ;
#3518 = CARTESIAN_POINT ( 'NONE',  ( -0.7401923788646666000, -1.903298623977073300E-015, -3.000000000000000000 ) ) ;
#3519 = CARTESIAN_POINT ( 'NONE',  ( -0.1873329974237222300, -0.8851852319042449200, 2.897014959953724000 ) ) ;
#3520 = CARTESIAN_POINT ( 'NONE',  ( 0.0000000000000000000, -0.7401923788646688200, -2.959807621135333500 ) ) ;
#3521 = EDGE_CURVE ( 'NONE', #1294, #2688, #3644, .T. ) ;
#3522 = VERTEX_POINT ( 'NONE', #1740 ) ;
#3523 = EDGE_CURVE ( 'NONE', #2832, #3167, #1426, .T. ) ;
#3524 = CARTESIAN_POINT ( 'NONE',  ( 0.6499999999999986900, 0.3752776749732551500, 4.299999999999999800 ) ) ;
#3525 = CARTESIAN_POINT ( 'NONE',  ( 0.8547005383792494200, -2.150951988513411000E-015, 1.149999999999988600 ) ) ;
#3526 = CARTESIAN_POINT ( 'NONE',  ( -0.6410254037844370600, 0.3700961894323314100, 1.266666666666653700 ) ) ;
#3527 = ORIENTED_EDGE ( 'NONE', *, *, #1718, .T. ) ;
#3528 = CARTESIAN_POINT ( 'NONE',  ( -0.7401923788646674900, 1.191095495853194700E-015, 1.299999999999986900 ) ) ;
#3529 = ORIENTED_EDGE ( 'NONE', *, *, #22, .T. ) ;
#3530 = CARTESIAN_POINT ( 'NONE',  ( 0.5898502691896245800, -1.021650635094612000, -0.3541666666666731800 ) ) ;
#3531 = CARTESIAN_POINT ( 'NONE',  ( -0.8415063509460758400, 3.886312194091736100E-013, 2.841506350946080100 ) ) ;
#3532 = CARTESIAN_POINT ( 'NONE',  ( 0.5898502691896244700, -1.021650635094611700, 1.270833333333319000 ) ) ;
#3533 = ORIENTED_EDGE ( 'NONE', *, *, #2030, .T. ) ;
#3534 = CARTESIAN_POINT ( 'NONE',  ( 0.6499999999999986900, -0.3752776749732551500, 4.299999999999999800 ) ) ;
#3535 = CARTESIAN_POINT ( 'NONE',  ( 0.0000000000000000000, -1.951563910473908000E-015, 4.299999999999999800 ) ) ;
#3536 = VECTOR ( 'NONE', #1815, 1000.000000000000000 ) ;
#3537 = DIRECTION ( 'NONE',  ( 0.0000000000000000000, -1.000000000000000000, 0.0000000000000000000 ) ) ;
#3538 = CARTESIAN_POINT ( 'NONE',  ( -0.7401923788646658200, -0.1983339501604596000, -1.082136720504599300 ) ) ;
#3539 = ORIENTED_EDGE ( 'NONE', *, *, #22, .F. ) ;
#3540 = DIRECTION ( 'NONE',  ( -1.000000000000000000, 0.0000000000000000000, 0.0000000000000000000 ) ) ;
#3541 = CARTESIAN_POINT ( 'NONE',  ( 0.6410254037844369500, -0.3700961894323356300, 2.316666666666652700 ) ) ;
#3542 = CARTESIAN_POINT ( 'NONE',  ( -9.064742275298788900E-017, -0.7401923788646686000, 1.399999999999986400 ) ) ;
#3543 = CARTESIAN_POINT ( 'NONE',  ( 1.316172156826743800E-016, 0.7505553499465110700, 4.299999999999999800 ) ) ;
#3544 = VECTOR ( 'NONE', #672, 1000.000000000000000 ) ;
#3545 = CARTESIAN_POINT ( 'NONE',  ( -0.5773502691896259500, -1.000000000000001300, -0.7833333333333437600 ) ) ;
#3546 = CARTESIAN_POINT ( 'NONE',  ( 0.5898502691896256900, 1.021650635094607300, -1.420833333333337600 ) ) ;
#3547 = DIRECTION ( 'NONE',  ( 1.000000000000000000, 0.0000000000000000000, 0.0000000000000000000 ) ) ;
#3548 = CARTESIAN_POINT ( 'NONE',  ( -0.8847754037844375300, -0.5108253175473065300, 1.170833333333319000 ) ) ;
#3549 = CYLINDRICAL_SURFACE ( 'NONE', #3624, 0.9999999999999993300 ) ;
#3550 = EDGE_CURVE ( 'NONE', #3167, #3893, #167, .T. ) ;
#3551 = CARTESIAN_POINT ( 'NONE',  ( -0.5773502691896215100, -1.000000000000008900, -0.4333333333333386800 ) ) ;
#3552 = EDGE_CURVE ( 'NONE', #2648, #2930, #2223, .T. ) ;
#3553 = DIRECTION ( 'NONE',  ( -0.0000000000000000000, 6.054590893736192000E-018, 1.000000000000000000 ) ) ;
#3554 = CARTESIAN_POINT ( 'NONE',  ( -0.5898502691896252400, -1.021650635094611300, 3.204166666666648000 ) ) ;
#3555 = CARTESIAN_POINT ( 'NONE',  ( -9.348922554027591500E-017, -0.7633974596215579200, -2.936602540378446100 ) ) ;
#3556 = CARTESIAN_POINT ( 'NONE',  ( 0.4273502691896251500, 0.7401923788646644900, 1.216666666666654800 ) ) ;
#3557 = CARTESIAN_POINT ( 'NONE',  ( 0.6410254037844369500, -0.3700961894323356300, 0.2666666666666559500 ) ) ;
#3558 = CARTESIAN_POINT ( 'NONE',  ( 0.0000000000000000000, -1.993946046730061400E-015, -3.000000000000000000 ) ) ;
#3559 = ORIENTED_EDGE ( 'NONE', *, *, #3216, .F. ) ;
#3560 = CARTESIAN_POINT ( 'NONE',  ( 0.8847754037844373100, -0.5108253175473073100, 1.679166666666656000 ) ) ;
#3561 = CARTESIAN_POINT ( 'NONE',  ( -1.015526033683384900E-014, -0.7401923788646686000, 1.799999999999985600 ) ) ;
#3562 = CARTESIAN_POINT ( 'NONE',  ( 0.0000000000000000000, 1.021650635094607500, 1.037499999999986300 ) ) ;
#3563 = CARTESIAN_POINT ( 'NONE',  ( -0.7401923788646648200, -0.1983339501604604000, 2.517863279495393200 ) ) ;
#3564 = VERTEX_POINT ( 'NONE', #4070 ) ;
#3565 =( BOUNDED_CURVE ( )  B_SPLINE_CURVE ( 2, ( #2670, #2358, #2682, #2996, #651, #2695, #3009, #993, #3704 ),
 .UNSPECIFIED., .F., .F. ) 
 B_SPLINE_CURVE_WITH_KNOTS ( ( 3, 2, 2, 2, 3 ),
 ( 0.1625000000000000100, 0.1666666666666666600, 0.1749999999999999900, 0.1833333333333333200, 0.1875000000000000300 ),
 .UNSPECIFIED. ) 
 CURVE ( )  GEOMETRIC_REPRESENTATION_ITEM ( )  RATIONAL_B_SPLINE_CURVE ( ( 0.9330127018922194100, 0.9330127018922196300, 1.000000000000000000, 0.8660254037844387100, 1.000000000000000000, 0.8660254037844387100, 1.000000000000000000, 0.9330127018922189700, 0.9330127018922194100 ) ) 
 REPRESENTATION_ITEM ( '' )  );
#3566 = CARTESIAN_POINT ( 'NONE',  ( 0.9360803698823383400, -0.2355911886364089900, 2.957931930522861700 ) ) ;
#3567 = EDGE_LOOP ( 'NONE', ( #4327, #1468, #2732, #514 ) ) ;
#3568 = PERSON_AND_ORGANIZATION_ROLE ( 'creator' ) ;
#3569 = CARTESIAN_POINT ( 'NONE',  ( -0.4273502691896249300, -0.7401923788646683800, 4.616666666666648500 ) ) ;
#3570 = ORIENTED_EDGE ( 'NONE', *, *, #338, .F. ) ;
#3571 = CARTESIAN_POINT ( 'NONE',  ( -0.4273502691896249300, -0.7401923788646683800, 0.5666666666666554400 ) ) ;
#3572 = VERTEX_POINT ( 'NONE', #2709 ) ;
#3573 = CARTESIAN_POINT ( 'NONE',  ( -0.8847754037844376400, -0.5108253175473066500, 1.545833333333322700 ) ) ;
#3574 = CARTESIAN_POINT ( 'NONE',  ( 0.5898502691896244700, -1.021650635094611700, 2.470833333333316300 ) ) ;
#3575 = EDGE_CURVE ( 'NONE', #2277, #1408, #2489, .T. ) ;
#3576 = ADVANCED_FACE ( 'NONE', ( #197 ), #1101, .T. ) ;
#3577 = CARTESIAN_POINT ( 'NONE',  ( 0.7401923788646661600, -0.1983339501604635400, 2.682136720504575000 ) ) ;
#3578 = VERTEX_POINT ( 'NONE', #3387 ) ;
#3579 = CARTESIAN_POINT ( 'NONE',  ( -0.8660254037844381500, 0.4999999999999978400, 1.516666666666651500 ) ) ;
#3580 = CARTESIAN_POINT ( 'NONE',  ( 0.4273502691896232100, -0.7401923788646693800, -0.9666666666666748900 ) ) ;
#3581 = AXIS2_PLACEMENT_3D ( 'NONE', #3470, #77, #791 ) ;
#3582 = CARTESIAN_POINT ( 'NONE',  ( -0.8847754037844375300, -0.5108253175473065300, 3.170833333333314700 ) ) ;
#3583 = APPROVAL_PERSON_ORGANIZATION ( #190, #4098, #3615 ) ;
#3584 = ORIENTED_EDGE ( 'NONE', *, *, #692, .T. ) ;
#3585 = CARTESIAN_POINT ( 'NONE',  ( 0.0000000000000000000, -1.951563910473908000E-015, 4.299999999999999800 ) ) ;
#3586 = CARTESIAN_POINT ( 'NONE',  ( -0.4273502691896249300, -0.7401923788646683800, 3.016666666666651100 ) ) ;
#3587 = CARTESIAN_POINT ( 'NONE',  ( 0.0000000000000000000, 0.7401923788646647100, 1.599999999999985900 ) ) ;
#3588 = ORIENTED_EDGE ( 'NONE', *, *, #2323, .T. ) ;
#3589 = CYLINDRICAL_SURFACE ( 'NONE', #1925, 0.9999999999999993300 ) ;
#3590 = CARTESIAN_POINT ( 'NONE',  ( -0.8847754037844376400, -0.5108253175473066500, 1.945833333333322000 ) ) ;
#3591 = VERTEX_POINT ( 'NONE', #2129 ) ;
#3592 =( BOUNDED_CURVE ( )  B_SPLINE_CURVE ( 2, ( #1138, #475, #1891, #506, #524, #2238, #2189, #1535, #3865 ),
 .UNSPECIFIED., .F., .F. ) 
 B_SPLINE_CURVE_WITH_KNOTS ( ( 3, 2, 2, 2, 3 ),
 ( 0.2375000000000000200, 0.2416666666666666700, 0.2500000000000000000, 0.2583333333333333600, 0.2625000000000000700 ),
 .UNSPECIFIED. ) 
 CURVE ( )  GEOMETRIC_REPRESENTATION_ITEM ( )  RATIONAL_B_SPLINE_CURVE ( ( 0.9330127018922194100, 0.9330127018922196300, 1.000000000000000000, 0.8660254037844387100, 1.000000000000000000, 0.8660254037844387100, 1.000000000000000000, 0.9330127018922185200, 0.9330127018922194100 ) ) 
 REPRESENTATION_ITEM ( '' )  );
#3593 = SPHERICAL_SURFACE ( 'NONE', #547, 1.790942933915002000 ) ;
#3594 = CARTESIAN_POINT ( 'NONE',  ( 0.4273502691896344800, 0.7401923788646589400, 2.016666666666653700 ) ) ;
#3595 = ORIENTED_EDGE ( 'NONE', *, *, #1115, .F. ) ;
#3596 = CARTESIAN_POINT ( 'NONE',  ( 0.7401923788646667100, -1.379927708610408600E-015, -1.700000000000006000 ) ) ;
#3597 = CARTESIAN_POINT ( 'NONE',  ( -0.8660254037844382600, -0.5000000000000014400, 2.783333333333314600 ) ) ;
#3598 = CARTESIAN_POINT ( 'NONE',  ( 0.8847754037844378600, 0.5108253175473020900, 4.170833333333313000 ) ) ;
#3599 = B_SPLINE_CURVE_WITH_KNOTS ( 'NONE', 3,
 ( #1409, #2099, #744, #62 ),
 .UNSPECIFIED., .F., .F.,
 ( 4, 4 ),
 ( 0.004826357599474561900, 0.005588754383914421600 ),
 .UNSPECIFIED. ) ;
#3600 = CARTESIAN_POINT ( 'NONE',  ( 0.7401923788646666000, -2.832483191358207100E-015, -1.250000000000005800 ) ) ;
#3601 = ADVANCED_FACE ( 'NONE', ( #1963 ), #2063, .F. ) ;
#3602 = CARTESIAN_POINT ( 'NONE',  ( 0.0000000000000000000, 0.9999999999999974500, 0.5999999999999917600 ) ) ;
#3603 = CARTESIAN_POINT ( 'NONE',  ( 0.0000000000000000000, 0.7401923788646647100, 4.849999999999981000 ) ) ;
#3604 = CYLINDRICAL_SURFACE ( 'NONE', #2697, 0.7401923788646666000 ) ;
#3605 = CARTESIAN_POINT ( 'NONE',  ( 0.8660254037844379300, -0.5000000000000021100, -2.283333333333340300 ) ) ;
#3606 = CARTESIAN_POINT ( 'NONE',  ( 0.8847754037844380900, 0.5108253175473022000, 0.5458333333333248400 ) ) ;
#3607 = CARTESIAN_POINT ( 'NONE',  ( 0.0000000000000000000, -1.995762423998182000E-015, -3.000000000000000000 ) ) ;
#3608 = EDGE_CURVE ( 'NONE', #3134, #1511, #502, .T. ) ;
#3609 = CARTESIAN_POINT ( 'NONE',  ( -0.8660254037844380400, 0.4999999999999978400, 0.2666666666666592200 ) ) ;
#3610 = EDGE_CURVE ( 'NONE', #997, #1397, #2799, .T. ) ;
#3611 = VERTEX_POINT ( 'NONE', #1110 ) ;
#3612 = CARTESIAN_POINT ( 'NONE',  ( 0.0000000000000000000, -1.993946046730061400E-015, -3.000000000000000000 ) ) ;
#3613 = CARTESIAN_POINT ( 'NONE',  ( 0.5898502691896255800, 1.021650635094607100, 4.204166666666646200 ) ) ;
#3614 = CARTESIAN_POINT ( 'NONE',  ( -0.8660254037844381500, -0.5000000000000014400, 1.933333333333322200 ) ) ;
#3615 = APPROVAL_ROLE ( '' ) ;
#3616 = CARTESIAN_POINT ( 'NONE',  ( -0.8547005383792494200, -1.941610732802278000E-015, 3.749999999999983600 ) ) ;
#3617 = CYLINDRICAL_SURFACE ( 'NONE', #4198, 0.7401923788646666000 ) ;
#3618 = CARTESIAN_POINT ( 'NONE',  ( -1.179700538379250000, -1.921710222316133300E-015, 2.312499999999987600 ) ) ;
#3619 = ADVANCED_FACE ( 'NONE', ( #2650 ), #3856, .T. ) ;
#3620 = ORIENTED_EDGE ( 'NONE', *, *, #3459, .F. ) ;
#3621 = CARTESIAN_POINT ( 'NONE',  ( -0.7401923788646662700, -0.1983339501604553800, 2.167863279495395800 ) ) ;
#3622 = CARTESIAN_POINT ( 'NONE',  ( 0.7401923788646666000, -1.993946046730061400E-015, -3.000000000000000000 ) ) ;
#3623 = CARTESIAN_POINT ( 'NONE',  ( 0.6410254037844369500, -0.3700961894323356300, 2.266666666666651100 ) ) ;
#3624 = AXIS2_PLACEMENT_3D ( 'NONE', #1260, #1614, #3943 ) ;
#3625 = ORIENTED_EDGE ( 'NONE', *, *, #4152, .T. ) ;
#3626 = CARTESIAN_POINT ( 'NONE',  ( 0.7401923788646662700, -0.1983339501604661800, 2.332136720504578900 ) ) ;
#3627 = CARTESIAN_POINT ( 'NONE',  ( -0.6410254037844371800, -0.3700961894323351300, 4.583333333333314400 ) ) ;
#3628 = ORIENTED_EDGE ( 'NONE', *, *, #3150, .T. ) ;
#3629 = CARTESIAN_POINT ( 'NONE',  ( 0.5898502691896256900, 1.021650635094607300, 4.579166666666649700 ) ) ;
#3630 = EDGE_CURVE ( 'NONE', #1501, #2668, #2014, .T. ) ;
#3631 = CARTESIAN_POINT ( 'NONE',  ( -0.5773502691896208500, 1.000000000000005300, 0.6833333333333193600 ) ) ;
#3632 = ORIENTED_EDGE ( 'NONE', *, *, #2511, .T. ) ;
#3633 = EDGE_CURVE ( 'NONE', #4359, #2901, #2131, .T. ) ;
#3634 = ORIENTED_EDGE ( 'NONE', *, *, #3325, .F. ) ;
#3635 = CARTESIAN_POINT ( 'NONE',  ( 0.6410254037844342900, -0.3700961894323399600, 1.116666666666655600 ) ) ;
#3636 = LINE ( 'NONE', #2863, #2844 ) ;
#3637 = CARTESIAN_POINT ( 'NONE',  ( -0.4273502691896249300, -0.7401923788646683800, 3.766666666666648000 ) ) ;
#3638 = VERTEX_POINT ( 'NONE', #2497 ) ;
#3639 = DIRECTION ( 'NONE',  ( -0.0000000000000000000, -0.0000000000000000000, 1.000000000000000000 ) ) ;
#3640 = ADVANCED_FACE ( 'NONE', ( #2229 ), #1536, .T. ) ;
#3641 = CARTESIAN_POINT ( 'NONE',  ( -0.7401923788646667100, -3.428030939284804100E-015, -0.7000000000000082800 ) ) ;
#3642 = DIRECTION ( 'NONE',  ( 1.000000000000000000, 0.0000000000000000000, 0.0000000000000000000 ) ) ;
#3643 = ORIENTED_EDGE ( 'NONE', *, *, #3630, .F. ) ;
#3644 =( BOUNDED_CURVE ( )  B_SPLINE_CURVE ( 2, ( #1036, #1362, #3059, #2737, #3398, #4044, #4387 ),
 .UNSPECIFIED., .F., .F. ) 
 B_SPLINE_CURVE_WITH_KNOTS ( ( 3, 2, 2, 3 ),
 ( 0.6500000000000002400, 0.6583333333333334400, 0.6666666666666667400, 0.6750000000000000400 ),
 .UNSPECIFIED. ) 
 CURVE ( )  GEOMETRIC_REPRESENTATION_ITEM ( )  RATIONAL_B_SPLINE_CURVE ( ( 0.9999999999999964500, 0.8660254037844422600, 1.000000000000000000, 0.8660254037844387100, 1.000000000000000000, 0.8660254037844387100, 1.000000000000000000 ) ) 
 REPRESENTATION_ITEM ( '' )  );
#3645 = VECTOR ( 'NONE', #2557, 1000.000000000000000 ) ;
#3646 = CARTESIAN_POINT ( 'NONE',  ( -0.8847754037844375300, 0.5108253175473029800, 2.679166666666653400 ) ) ;
#3647 = CARTESIAN_POINT ( 'NONE',  ( 0.0000000000000000000, 0.9999999999999974500, 0.6499999999999865900 ) ) ;
#3648 = CYLINDRICAL_SURFACE ( 'NONE', #1307, 0.7401923788646666000 ) ;
#3649 = AXIS2_PLACEMENT_3D ( 'NONE', #329, #2360, #287 ) ;
#3650 = DIRECTION ( 'NONE',  ( -0.0000000000000000000, 6.054590893736192000E-018, 1.000000000000000000 ) ) ;
#3651 = CARTESIAN_POINT ( 'NONE',  ( -0.7401923788646666000, -1.903298623977073300E-015, -3.000000000000000000 ) ) ;
#3652 = CARTESIAN_POINT ( 'NONE',  ( 0.8547005383792494200, -2.150951988513411000E-015, 3.099999999999982800 ) ) ;
#3653 = FACE_BOUND ( 'NONE', #1035, .T. ) ;
#3654 = CARTESIAN_POINT ( 'NONE',  ( 0.5773502691896305100, 0.9999999999999893400, -0.1833333333333456400 ) ) ;
#3655 = DIRECTION ( 'NONE',  ( -0.0000000000000000000, -0.0000000000000000000, 1.000000000000000000 ) ) ;
#3656 = AXIS2_PLACEMENT_3D ( 'NONE', #4382, #2705, #3393 ) ;
#3657 = DIRECTION ( 'NONE',  ( -0.0000000000000000000, 6.054590893736192000E-018, 1.000000000000000000 ) ) ;
#3658 = EDGE_CURVE ( 'NONE', #88, #3157, #4111, .T. ) ;
#3659 = EDGE_LOOP ( 'NONE', ( #3345, #3728, #2362, #1846 ) ) ;
#3660 = CARTESIAN_POINT ( 'NONE',  ( -0.5898502691896250200, 1.021650635094607700, 3.845833333333317200 ) ) ;
#3661 = ORIENTED_EDGE ( 'NONE', *, *, #1115, .T. ) ;
#3662 = ADVANCED_FACE ( 'NONE', ( #4066 ), #1370, .T. ) ;
#3663 = EDGE_CURVE ( 'NONE', #1931, #2522, #3797, .T. ) ;
#3664 = DIRECTION ( 'NONE',  ( -0.0000000000000000000, 6.054590893736192000E-018, 1.000000000000000000 ) ) ;
#3665 = CARTESIAN_POINT ( 'NONE',  ( 0.0000000000000000000, -1.951563910473908000E-015, 4.299999999999999800 ) ) ;
#3666 = LINE ( 'NONE', #37, #2146 ) ;
#3667 = DIRECTION ( 'NONE',  ( 1.000000000000000000, 0.0000000000000000000, 0.0000000000000000000 ) ) ;
#3668 = CARTESIAN_POINT ( 'NONE',  ( 0.6410254037844374000, 0.3700961894323307500, 2.333333333333318400 ) ) ;
#3669 =( BOUNDED_CURVE ( )  B_SPLINE_CURVE ( 2, ( #1337, #1003, #695, #1042, #4404, #1715, #4075 ),
 .UNSPECIFIED., .F., .F. ) 
 B_SPLINE_CURVE_WITH_KNOTS ( ( 3, 2, 2, 3 ),
 ( 0.5250000000000001300, 0.5333333333333334400, 0.5416666666666668500, 0.5500000000000001600 ),
 .UNSPECIFIED. ) 
 CURVE ( )  GEOMETRIC_REPRESENTATION_ITEM ( )  RATIONAL_B_SPLINE_CURVE ( ( 0.9999999999999982200, 0.8660254037844403700, 1.000000000000000000, 0.8660254037844386000, 1.000000000000000000, 0.8660254037844368200, 1.000000000000001800 ) ) 
 REPRESENTATION_ITEM ( '' )  );
#3670 = CARTESIAN_POINT ( 'NONE',  ( -0.06043924570719454900, -0.7401923788646686000, -2.954714262909894800 ) ) ;
#3671 = DIRECTION ( 'NONE',  ( -0.0000000000000000000, 6.054590893736192000E-018, 1.000000000000000000 ) ) ;
#3672 = ORIENTED_EDGE ( 'NONE', *, *, #2116, .T. ) ;
#3673 = ORIENTED_EDGE ( 'NONE', *, *, #3608, .T. ) ;
#3674 = DIRECTION ( 'NONE',  ( -1.000000000000000000, -2.889066536033006700E-016, 0.0000000000000000000 ) ) ;
#3675 = CARTESIAN_POINT ( 'NONE',  ( -1.179700538379250000, -1.921710222316133300E-015, 4.312499999999984000 ) ) ;
#3676 = CARTESIAN_POINT ( 'NONE',  ( -1.224646799147352500E-016, -1.000000000000001300, 2.399999999999987500 ) ) ;
#3677 = ORIENTED_EDGE ( 'NONE', *, *, #2520, .T. ) ;
#3678 = CARTESIAN_POINT ( 'NONE',  ( 0.7935674603118125800, 0.1154252602114484600, -2.915583376926096400 ) ) ;
#3679 = CARTESIAN_POINT ( 'NONE',  ( 0.0000000000000000000, 0.9999999999999974500, 1.049999999999986100 ) ) ;
#3680 = CARTESIAN_POINT ( 'NONE',  ( 0.6499999999999986900, 0.3752776749732553200, 3.389999999999999700 ) ) ;
#3681 = CARTESIAN_POINT ( 'NONE',  ( -0.6410254037844370600, 0.3700961894323314100, 3.266666666666649300 ) ) ;
#3682 = ORIENTED_EDGE ( 'NONE', *, *, #3214, .T. ) ;
#3683 = DIRECTION ( 'NONE',  ( 1.000000000000000000, 0.0000000000000000000, 0.0000000000000000000 ) ) ;
#3684 = CARTESIAN_POINT ( 'NONE',  ( 0.6410254037844381700, 0.3700961894323293600, -2.016666666666671000 ) ) ;
#3685 = CALENDAR_DATE ( 2025, 3, 6 ) ;
#3686 = ORIENTED_EDGE ( 'NONE', *, *, #3928, .T. ) ;
#3687 = CARTESIAN_POINT ( 'NONE',  ( 2.143131898507863100E-016, 1.749999999999994000, 4.299999999999999800 ) ) ;
#3688 = CARTESIAN_POINT ( 'NONE',  ( 0.4273502691896244900, -0.7401923788646687100, -2.916666666666669200 ) ) ;
#3689 = EDGE_LOOP ( 'NONE', ( #3310, #554, #935, #1356 ) ) ;
#3690 = EDGE_CURVE ( 'NONE', #3965, #718, #4380, .T. ) ;
#3691 = EDGE_CURVE ( 'NONE', #1987, #2773, #630, .T. ) ;
#3692 = CARTESIAN_POINT ( 'NONE',  ( 0.0000000000000000000, -1.951563910473908000E-015, 4.299999999999999800 ) ) ;
#3693 = ORIENTED_EDGE ( 'NONE', *, *, #4304, .F. ) ;
#3694 = CARTESIAN_POINT ( 'NONE',  ( 0.7401923788646666000, -1.993946046730061400E-015, -3.000000000000000000 ) ) ;
#3695 = LINE ( 'NONE', #1156, #683 ) ;
#3696 = CARTESIAN_POINT ( 'NONE',  ( 0.8847754037844378600, 0.5108253175473020900, -3.029166666666671700 ) ) ;
#3697 =( BOUNDED_CURVE ( )  B_SPLINE_CURVE ( 2, ( #1433, #2004, #1415, #2992, #3081, #4142, #4096, #725, #1060 ),
 .UNSPECIFIED., .F., .F. ) 
 B_SPLINE_CURVE_WITH_KNOTS ( ( 3, 2, 2, 2, 3 ),
 ( 0.3875000000000000700, 0.3916666666666666600, 0.4000000000000000200, 0.4083333333333333300, 0.4125000000000000300 ),
 .UNSPECIFIED. ) 
 CURVE ( )  GEOMETRIC_REPRESENTATION_ITEM ( )  RATIONAL_B_SPLINE_CURVE ( ( 0.9330127018922194100, 0.9330127018922203000, 1.000000000000000000, 0.8660254037844387100, 1.000000000000000000, 0.8660254037844387100, 1.000000000000000000, 0.9330127018922189700, 0.9330127018922194100 ) ) 
 REPRESENTATION_ITEM ( '' )  );
#3698 = DIRECTION ( 'NONE',  ( -0.0000000000000000000, -0.0000000000000000000, 1.000000000000000000 ) ) ;
#3699 = LINE ( 'NONE', #1485, #3972 ) ;
#3700 = VECTOR ( 'NONE', #1000, 1000.000000000000000 ) ;
#3701 = DIRECTION ( 'NONE',  ( -0.0000000000000000000, 6.054590893736192000E-018, 1.000000000000000000 ) ) ;
#3702 = CARTESIAN_POINT ( 'NONE',  ( -0.6410254037844370600, 0.3700961894323314100, -1.483333333333338700 ) ) ;
#3703 = DIRECTION ( 'NONE',  ( 0.0000000000000000000, -1.000000000000000000, 0.0000000000000000000 ) ) ;
#3704 = CARTESIAN_POINT ( 'NONE',  ( 0.7401923788646667100, -1.379927708610408600E-015, -1.650000000000005000 ) ) ;
#3705 = CARTESIAN_POINT ( 'NONE',  ( -0.7401923788646674900, 1.191095495853194700E-015, 1.349999999999988100 ) ) ;
#3706 = CARTESIAN_POINT ( 'NONE',  ( 0.0000000000000000000, -1.951563910473908000E-015, 4.299999999999999800 ) ) ;
#3707 = CARTESIAN_POINT ( 'NONE',  ( -1.251161180115474100E-016, -1.021650635094611500, -1.962500000000007700 ) ) ;
#3708 = CARTESIAN_POINT ( 'NONE',  ( -0.5773502691896270600, 0.9999999999999946700, -2.166666666666668700 ) ) ;
#3709 = ORIENTED_EDGE ( 'NONE', *, *, #399, .T. ) ;
#3710 = CARTESIAN_POINT ( 'NONE',  ( 0.6410254037844382900, 0.3700961894323291900, -1.616666666666671800 ) ) ;
#3711 = CARTESIAN_POINT ( 'NONE',  ( -1.224646799147352500E-016, -1.000000000000001300, 2.449999999999982400 ) ) ;
#3712 = EDGE_CURVE ( 'NONE', #2102, #2698, #1564, .T. ) ;
#3713 = CONICAL_SURFACE ( 'NONE', #2889, 0.7505553499465115200, 0.7853981633974500600 ) ;
#3714 = CARTESIAN_POINT ( 'NONE',  ( -1.224646799147352500E-016, -1.000000000000001300, 1.199999999999990900 ) ) ;
#3715 = CARTESIAN_POINT ( 'NONE',  ( -9.064742275298788900E-017, -0.7401923788646686000, -1.350000000000005600 ) ) ;
#3716 = ORIENTED_EDGE ( 'NONE', *, *, #4160, .T. ) ;
#3717 = CONICAL_SURFACE ( 'NONE', #3163, 0.7505553499465115200, 0.7853981633974500600 ) ;
#3718 = AXIS2_PLACEMENT_3D ( 'NONE', #931, #2891, #2938 ) ;
#3719 = CARTESIAN_POINT ( 'NONE',  ( -1.051785002784580000E-014, -0.7401923788646686000, 2.649999999999985700 ) ) ;
#3720 = DIRECTION ( 'NONE',  ( 0.0000000000000000000, 0.0000000000000000000, -1.000000000000000000 ) ) ;
#3721 = CARTESIAN_POINT ( 'NONE',  ( 0.0000000000000000000, 0.9999999999999974500, -1.750000000000008200 ) ) ;
#3722 = CARTESIAN_POINT ( 'NONE',  ( 0.7401923788646668200, 0.1983339501604549400, 0.7678632794953982300 ) ) ;
#3723 = CARTESIAN_POINT ( 'NONE',  ( 0.0000000000000000000, 1.021650635094607500, -2.962500000000005200 ) ) ;
#3724 = ADVANCED_FACE ( 'NONE', ( #1314 ), #1155, .T. ) ;
#3725 = CARTESIAN_POINT ( 'NONE',  ( -0.4273502691896202100, 0.7401923788646672700, 0.08333333333332458600 ) ) ;
#3726 = CARTESIAN_POINT ( 'NONE',  ( -0.4273502691896237100, 0.7401923788646651600, -1.916666666666671200 ) ) ;
#3727 = ADVANCED_FACE ( 'NONE', ( #4338, #999 ), #2173, .T. ) ;
#3728 = ORIENTED_EDGE ( 'NONE', *, *, #2400, .T. ) ;
#3729 = CARTESIAN_POINT ( 'NONE',  ( 0.7401923788646666000, -3.166570952390200700E-015, -0.5000000000000088800 ) ) ;
#3730 = CARTESIAN_POINT ( 'NONE',  ( 0.8847754037844373100, -0.5108253175473073100, 4.879166666666649600 ) ) ;
#3731 = EDGE_LOOP ( 'NONE', ( #2740, #320, #3197, #3452 ) ) ;
#3732 = ORIENTED_EDGE ( 'NONE', *, *, #4248, .F. ) ;
#3733 = DIRECTION ( 'NONE',  ( -0.0000000000000000000, -0.0000000000000000000, 1.000000000000000000 ) ) ;
#3734 = CARTESIAN_POINT ( 'NONE',  ( -0.7401923788646672700, 0.1983339501604589300, 0.8821367205045798100 ) ) ;
#3735 = CARTESIAN_POINT ( 'NONE',  ( 1.179700538379249800, -2.210653519971845100E-015, -2.662500000000005900 ) ) ;
#3736 = AXIS2_PLACEMENT_3D ( 'NONE', #3084, #1780, #386 ) ;
#3737 = ORIENTED_EDGE ( 'NONE', *, *, #610, .T. ) ;
#3738 = CARTESIAN_POINT ( 'NONE',  ( 0.0000000000000000000, -1.993946046730061400E-015, 3.000000000000000000 ) ) ;
#3739 = CYLINDRICAL_SURFACE ( 'NONE', #1061, 0.7401923788646666000 ) ;
#3740 = CARTESIAN_POINT ( 'NONE',  ( 0.6410254037844347300, -0.3700961894323394100, -0.5333333333333422100 ) ) ;
#3741 = CARTESIAN_POINT ( 'NONE',  ( -4.170697776137178600E-015, -0.7401923788646686000, 0.2499999999999906700 ) ) ;
#3742 = ORIENTED_EDGE ( 'NONE', *, *, #2724, .F. ) ;
#3743 = CARTESIAN_POINT ( 'NONE',  ( 0.4273502691896251500, 0.7401923788646644900, 1.966666666666652100 ) ) ;
#3744 = CARTESIAN_POINT ( 'NONE',  ( -0.8660254037844381500, -0.5000000000000014400, 0.7333333333333247300 ) ) ;
#3745 = CARTESIAN_POINT ( 'NONE',  ( -0.8547005383792494200, -1.941610732802278000E-015, -3.050000000000001600 ) ) ;
#3746 = EDGE_CURVE ( 'NONE', #1691, #3464, #3592, .T. ) ;
#3747 = EDGE_LOOP ( 'NONE', ( #4374, #4026, #1286 ) ) ;
#3748 = EDGE_CURVE ( 'NONE', #2813, #1294, #2625, .T. ) ;
#3749 = DIRECTION ( 'NONE',  ( -0.0000000000000000000, -0.0000000000000000000, 1.000000000000000000 ) ) ;
#3750 = CONICAL_SURFACE ( 'NONE', #2806, 0.7505553499465115200, 0.7853981633974500600 ) ;
#3751 = DIRECTION ( 'NONE',  ( 1.000000000000000000, 0.0000000000000000000, 0.0000000000000000000 ) ) ;
#3752 = CARTESIAN_POINT ( 'NONE',  ( -0.5898502691896252400, -1.021650635094611300, -3.195833333333338200 ) ) ;
#3753 = FACE_OUTER_BOUND ( 'NONE', #3319, .T. ) ;
#3754 = DIRECTION ( 'NONE',  ( 0.0000000000000000000, -1.000000000000000000, 0.0000000000000000000 ) ) ;
#3755 = CARTESIAN_POINT ( 'NONE',  ( 0.4273502691896239300, -0.7401923788646689300, -2.566666666666670900 ) ) ;
#3756 = CARTESIAN_POINT ( 'NONE',  ( 0.7401923788646654900, 0.1983339501604568500, 1.917863279495394000 ) ) ;
#3757 = LINE ( 'NONE', #3518, #2556 ) ;
#3758 = CARTESIAN_POINT ( 'NONE',  ( -0.9048078098609513300, -0.1681237393331389000, -2.787278058452844000 ) ) ;
#3759 = CARTESIAN_POINT ( 'NONE',  ( 0.6410254037844374000, 0.3700961894323307500, 0.3833333333333236400 ) ) ;
#3760 = VERTEX_POINT ( 'NONE', #1518 ) ;
#3761 = CARTESIAN_POINT ( 'NONE',  ( 0.7401923788646662700, -0.1983339501604661800, 2.282136720504576400 ) ) ;
#3762 = CARTESIAN_POINT ( 'NONE',  ( -0.8660254037844380400, 0.4999999999999978400, -0.9333333333333384600 ) ) ;
#3763 = CARTESIAN_POINT ( 'NONE',  ( 0.8847754037844373100, -0.5108253175473073100, -2.720833333333334500 ) ) ;
#3764 = CARTESIAN_POINT ( 'NONE',  ( 0.7401923788646668200, 0.1983339501604549400, 0.7178632794953968600 ) ) ;
#3765 = ORIENTED_EDGE ( 'NONE', *, *, #2631, .T. ) ;
#3766 = CARTESIAN_POINT ( 'NONE',  ( 1.179700538379249800, -2.210653519971845100E-015, -1.462500000000008300 ) ) ;
#3767 = CARTESIAN_POINT ( 'NONE',  ( -0.7401923788646666000, -2.701753197910905400E-015, 0.8999999999999880300 ) ) ;
#3768 = CARTESIAN_POINT ( 'NONE',  ( 1.154700538379251000, -2.206061094475043000E-015, -0.6500000000000106800 ) ) ;
#3769 = VECTOR ( 'NONE', #3701, 1000.000000000000000 ) ;
#3770 = CARTESIAN_POINT ( 'NONE',  ( 0.4273502691896344800, 0.7401923788646589400, 1.966666666666652100 ) ) ;
#3771 = CARTESIAN_POINT ( 'NONE',  ( 0.4273502691896281500, 0.7401923788646626000, -0.3833333333333409600 ) ) ;
#3772 = CARTESIAN_POINT ( 'NONE',  ( 0.6675570166325957000, 0.5667131632078351600, 2.868031817620928100 ) ) ;
#3773 = EDGE_CURVE ( 'NONE', #356, #2467, #468, .T. ) ;
#3774 = ORIENTED_EDGE ( 'NONE', *, *, #1137, .F. ) ;
#3775 = EDGE_CURVE ( 'NONE', #1511, #2355, #1424, .T. ) ;
#3776 = ORIENTED_EDGE ( 'NONE', *, *, #4307, .T. ) ;
#3777 = CARTESIAN_POINT ( 'NONE',  ( 0.6410254037844374000, 0.3700961894323307500, -1.216666666666672800 ) ) ;
#3778 =( BOUNDED_CURVE ( )  B_SPLINE_CURVE ( 2, ( #1823, #3824, #2818, #4205, #1793, #3448, #70, #2460, #4159 ),
 .UNSPECIFIED., .F., .F. ) 
 B_SPLINE_CURVE_WITH_KNOTS ( ( 3, 2, 2, 2, 3 ),
 ( 0.2625000000000000700, 0.2666666666666666600, 0.2750000000000000200, 0.2833333333333333300, 0.2875000000000000300 ),
 .UNSPECIFIED. ) 
 CURVE ( )  GEOMETRIC_REPRESENTATION_ITEM ( )  RATIONAL_B_SPLINE_CURVE ( ( 0.9330127018922194100, 0.9330127018922203000, 1.000000000000000000, 0.8660254037844387100, 1.000000000000000000, 0.8660254037844387100, 1.000000000000000000, 0.9330127018922189700, 0.9330127018922194100 ) ) 
 REPRESENTATION_ITEM ( '' )  );
#3779 = CARTESIAN_POINT ( 'NONE',  ( 0.5773502691896295100, -0.9999999999999940000, 1.233333333333324300 ) ) ;
#3780 = EDGE_LOOP ( 'NONE', ( #2848, #2827, #2210, #1622 ) ) ;
#3781 = CARTESIAN_POINT ( 'NONE',  ( -1.154700538379251000, -1.923241030815067900E-015, 1.949999999999984400 ) ) ;
#3782 = CARTESIAN_POINT ( 'NONE',  ( 0.5898502691896245800, -1.021650635094612000, -2.754166666666667800 ) ) ;
#3783 = CARTESIAN_POINT ( 'NONE',  ( -0.5898502691896248000, 1.021650635094607500, -0.1291666666666780300 ) ) ;
#3784 = ORIENTED_EDGE ( 'NONE', *, *, #3458, .T. ) ;
#3785 = CARTESIAN_POINT ( 'NONE',  ( 0.8660254037844384900, 0.4999999999999970000, -0.6166666666666775800 ) ) ;
#3786 = CARTESIAN_POINT ( 'NONE',  ( 0.4273502691896227700, -0.7401923788646697100, 0.2833333333333242200 ) ) ;
#3787 = CARTESIAN_POINT ( 'NONE',  ( 0.6410254037844399500, 0.3700961894323264200, -0.4166666666666745700 ) ) ;
#3788 = CARTESIAN_POINT ( 'NONE',  ( 0.7401923788646659300, -4.793433093067735000E-016, 2.349999999999987200 ) ) ;
#3789 = ORIENTED_EDGE ( 'NONE', *, *, #923, .F. ) ;
#3790 = CARTESIAN_POINT ( 'NONE',  ( -0.4273502691896249300, -0.7401923788646683800, 0.6166666666666568200 ) ) ;
#3791 = CARTESIAN_POINT ( 'NONE',  ( -0.6410254037844370600, 0.3700961894323314100, -2.333333333333338400 ) ) ;
#3792 = EDGE_LOOP ( 'NONE', ( #921, #3686, #2945 ) ) ;
#3793 = CARTESIAN_POINT ( 'NONE',  ( -5.077172003667057100E-015, -0.7401923788646686000, 2.199999999999985100 ) ) ;
#3794 = CARTESIAN_POINT ( 'NONE',  ( -0.8660254037844381500, -0.5000000000000014400, 2.733333333333321000 ) ) ;
#3795 = ORIENTED_EDGE ( 'NONE', *, *, #2934, .T. ) ;
#3796 = CARTESIAN_POINT ( 'NONE',  ( -1.179700538379250000, -1.921710222316133300E-015, -2.087500000000002600 ) ) ;
#3797 = LINE ( 'NONE', #172, #1268 ) ;
#3798 = CARTESIAN_POINT ( 'NONE',  ( 0.5898502691896244700, -1.021650635094611700, -1.529166666666675000 ) ) ;
#3799 = VERTEX_POINT ( 'NONE', #1246 ) ;
#3800 = CARTESIAN_POINT ( 'NONE',  ( 0.0000000000000000000, -1.993946046730061400E-015, -3.000000000000000000 ) ) ;
#3801 = EDGE_CURVE ( 'NONE', #1569, #1931, #588, .T. ) ;
#3802 = CYLINDRICAL_SURFACE ( 'NONE', #2483, 0.9999999999999993300 ) ;
#3803 = DIRECTION ( 'NONE',  ( 1.000000000000000000, 6.982962677686266700E-015, -4.227898223961896300E-032 ) ) ;
#3804 =( BOUNDED_CURVE ( )  B_SPLINE_CURVE ( 2, ( #920, #1271, #265, #2981, #3605, #3947, #4323 ),
 .UNSPECIFIED., .F., .F. ) 
 B_SPLINE_CURVE_WITH_KNOTS ( ( 3, 2, 2, 3 ),
 ( 0.8500000000000002000, 0.8583333333333336100, 0.8666666666666669200, 0.8750000000000002200 ),
 .UNSPECIFIED. ) 
 CURVE ( )  GEOMETRIC_REPRESENTATION_ITEM ( )  RATIONAL_B_SPLINE_CURVE ( ( 0.9999999999999964500, 0.8660254037844421500, 1.000000000000000000, 0.8660254037844386000, 1.000000000000000000, 0.8660254037844350400, 1.000000000000003600 ) ) 
 REPRESENTATION_ITEM ( '' )  );
#3805 = CYLINDRICAL_SURFACE ( 'NONE', #799, 0.7401923788646666000 ) ;
#3806 = CARTESIAN_POINT ( 'NONE',  ( 0.6410254037844369500, -0.3700961894323356300, -0.4833333333333408300 ) ) ;
#3807 = CARTESIAN_POINT ( 'NONE',  ( 0.4273502691896251500, 0.7401923788646644900, -0.8333333333333417000 ) ) ;
#3808 =( BOUNDED_CURVE ( )  B_SPLINE_CURVE ( 2, ( #537, #3563, #152, #1534, #566, #2902, #1216, #3577, #849 ),
 .UNSPECIFIED., .F., .F. ) 
 B_SPLINE_CURVE_WITH_KNOTS ( ( 3, 2, 2, 2, 3 ),
 ( 0.7125000000000001300, 0.7166666666666666700, 0.7249999999999999800, 0.7333333333333332800, 0.7375000000000000400 ),
 .UNSPECIFIED. ) 
 CURVE ( )  GEOMETRIC_REPRESENTATION_ITEM ( )  RATIONAL_B_SPLINE_CURVE ( ( 0.9330127018922194100, 0.9330127018922211900, 1.000000000000000000, 0.8660254037844387100, 1.000000000000000000, 0.8660254037844387100, 1.000000000000000000, 0.9330127018922185200, 0.9330127018922194100 ) ) 
 REPRESENTATION_ITEM ( '' )  );
#3809 = VECTOR ( 'NONE', #3639, 1000.000000000000000 ) ;
#3810 = CARTESIAN_POINT ( 'NONE',  ( 0.0000000000000000000, -1.993946046730061400E-015, 3.000000000000000000 ) ) ;
#3811 = CARTESIAN_POINT ( 'NONE',  ( 0.5898502691896245800, -1.021650635094612000, -1.954166666666669500 ) ) ;
#3812 = CARTESIAN_POINT ( 'NONE',  ( 0.4340844946278357200, -0.5995460026161738600, -2.959807621135348600 ) ) ;
#3813 = CARTESIAN_POINT ( 'NONE',  ( 0.5898502691896255800, 1.021650635094607100, 0.2041666666666545900 ) ) ;
#3814 = DIRECTION ( 'NONE',  ( -0.0000000000000000000, 6.054590893736192000E-018, 1.000000000000000000 ) ) ;
#3815 = CARTESIAN_POINT ( 'NONE',  ( 0.5773502691896260600, 0.9999999999999972200, -0.5833333333333441400 ) ) ;
#3816 = CARTESIAN_POINT ( 'NONE',  ( -0.6410254037844370600, 0.3700961894323314100, -2.733333333333337800 ) ) ;
#3817 = CARTESIAN_POINT ( 'NONE',  ( 0.5773502691896206200, -1.000000000000009300, -1.516666666666675700 ) ) ;
#3818 = CARTESIAN_POINT ( 'NONE',  ( 0.6410254037844405100, 0.3700961894323253600, 2.383333333333320000 ) ) ;
#3819 = ORIENTED_EDGE ( 'NONE', *, *, #663, .T. ) ;
#3820 = CARTESIAN_POINT ( 'NONE',  ( 0.5773502691896244000, 0.9999999999999997800, -2.233333333333335600 ) ) ;
#3821 = CARTESIAN_POINT ( 'NONE',  ( 0.8547005383792494200, -2.150951988513411000E-015, 0.3499999999999904900 ) ) ;
#3822 = CARTESIAN_POINT ( 'NONE',  ( 0.0000000000000000000, 0.7401923788646647100, -0.8000000000000085900 ) ) ;
#3823 = CARTESIAN_POINT ( 'NONE',  ( -0.05078453885288247000, 0.7212348827691282800, 4.270679532822618400 ) ) ;
#3824 = CARTESIAN_POINT ( 'NONE',  ( -0.7401923788646658200, -0.1983339501604596000, -1.032136720504597900 ) ) ;
#3825 = CARTESIAN_POINT ( 'NONE',  ( -1.179700538379250000, -1.921710222316133300E-015, 0.3124999999999920600 ) ) ;
#3826 = CARTESIAN_POINT ( 'NONE',  ( 0.5773502691896228400, -1.000000000000005600, 1.283333333333318600 ) ) ;
#3827 = CARTESIAN_POINT ( 'NONE',  ( 0.8847754037844372000, -0.5108253175473072000, -1.495833333333341800 ) ) ;
#3828 = CYLINDRICAL_SURFACE ( 'NONE', #3, 0.9999999999999993300 ) ;
#3829 = CARTESIAN_POINT ( 'NONE',  ( 0.0000000000000000000, -1.958254233411486400E-015, 3.194999999999999800 ) ) ;
#3830 = CARTESIAN_POINT ( 'NONE',  ( -0.4273502691896258200, -0.7401923788646678200, -2.583333333333336100 ) ) ;
#3831 = CARTESIAN_POINT ( 'NONE',  ( 0.6410254037844374000, 0.3700961894323307500, -2.866666666666670700 ) ) ;
#3832 = CARTESIAN_POINT ( 'NONE',  ( -0.4273502691896276000, -0.7401923788646668200, -1.833333333333339700 ) ) ;
#3833 = EDGE_CURVE ( 'NONE', #2201, #3638, #2025, .T. ) ;
#3834 = AXIS2_PLACEMENT_3D ( 'NONE', #671, #2409, #4399 ) ;
#3835 =( BOUNDED_CURVE ( )  B_SPLINE_CURVE ( 2, ( #3997, #1978, #1651, #3982, #623, #3631, #3647 ),
 .UNSPECIFIED., .F., .F. ) 
 B_SPLINE_CURVE_WITH_KNOTS ( ( 3, 2, 2, 3 ),
 ( 0.4750000000000000300, 0.4833333333333333400, 0.4916666666666668100, 0.5000000000000001100 ),
 .UNSPECIFIED. ) 
 CURVE ( )  GEOMETRIC_REPRESENTATION_ITEM ( )  RATIONAL_B_SPLINE_CURVE ( ( 0.9999999999999991100, 0.8660254037844394800, 1.000000000000000000, 0.8660254037844386000, 1.000000000000000000, 0.8660254037844368200, 1.000000000000001800 ) ) 
 REPRESENTATION_ITEM ( '' )  );
#3836 = EDGE_CURVE ( 'NONE', #1442, #997, #1838, .T. ) ;
#3837 = CARTESIAN_POINT ( 'NONE',  ( -0.4273502691896249300, -0.7401923788646683800, 1.816666666666654000 ) ) ;
#3838 = VERTEX_POINT ( 'NONE', #221 ) ;
#3839 = CARTESIAN_POINT ( 'NONE',  ( 0.4273502691896244900, -0.7401923788646687100, -0.5666666666666757600 ) ) ;
#3840 = CARTESIAN_POINT ( 'NONE',  ( -0.8660254037844380400, 0.4999999999999978400, 1.466666666666656800 ) ) ;
#3841 = CARTESIAN_POINT ( 'NONE',  ( 0.7978784486060839200, 0.6180339887500264600, 2.991202265916649900 ) ) ;
#3842 = ORIENTED_EDGE ( 'NONE', *, *, #176, .T. ) ;
#3843 = CARTESIAN_POINT ( 'NONE',  ( -1.251161180115474400E-016, -1.021650635094611700, -1.587500000000003700 ) ) ;
#3844 = CARTESIAN_POINT ( 'NONE',  ( 0.5620395236888184900, -0.5069037468384897100, -2.945655135188506500 ) ) ;
#3845 = CARTESIAN_POINT ( 'NONE',  ( -0.5898502691896252400, -1.021650635094611300, 0.4041666666666542400 ) ) ;
#3846 = CARTESIAN_POINT ( 'NONE',  ( 0.7401923788646664900, -2.614599868946037200E-015, -2.450000000000002800 ) ) ;
#3847 = ORIENTED_EDGE ( 'NONE', *, *, #3550, .F. ) ;
#3848 = VERTEX_POINT ( 'NONE', #1922 ) ;
#3849 = CARTESIAN_POINT ( 'NONE',  ( -0.7401923788646666000, -1.234672160335628800E-015, -1.450000000000005100 ) ) ;
#3850 = CALENDAR_DATE ( 2025, 3, 6 ) ;
#3851 = CARTESIAN_POINT ( 'NONE',  ( 0.8273457333710563200, -0.4332458618401080500, -2.773391699217827400 ) ) ;
#3852 = CARTESIAN_POINT ( 'NONE',  ( 0.0000000000000000000, 0.7401923788646647100, 2.449999999999986000 ) ) ;
#3853 = CARTESIAN_POINT ( 'NONE',  ( 0.0000000000000000000, 0.7401923788646647100, -2.000000000000006200 ) ) ;
#3854 = ORIENTED_EDGE ( 'NONE', *, *, #435, .F. ) ;
#3855 = CARTESIAN_POINT ( 'NONE',  ( 0.0000000000000000000, 0.9999999999999974500, 1.399999999999990400 ) ) ;
#3856 = CYLINDRICAL_SURFACE ( 'NONE', #3581, 0.9999999999999993300 ) ;
#3857 = CARTESIAN_POINT ( 'NONE',  ( -0.5898502691896253500, -1.021650635094611300, -0.4208333333333395000 ) ) ;
#3858 = ORIENTED_EDGE ( 'NONE', *, *, #4245, .F. ) ;
#3859 = CARTESIAN_POINT ( 'NONE',  ( -0.6410254037844360700, 0.3700961894323330200, -0.6833333333333404500 ) ) ;
#3860 = CARTESIAN_POINT ( 'NONE',  ( -1.179700538379249800, -1.921710222316133300E-015, 2.337499999999982600 ) ) ;
#3861 = FACE_OUTER_BOUND ( 'NONE', #2639, .T. ) ;
#3862 = EDGE_CURVE ( 'NONE', #3274, #407, #3864, .T. ) ;
#3863 = CARTESIAN_POINT ( 'NONE',  ( 0.4273502691896238200, -0.7401923788646690400, -2.116666666666670700 ) ) ;
#3864 =( BOUNDED_CURVE ( )  B_SPLINE_CURVE ( 2, ( #2265, #2602, #2933, #2278, #912, #3269, #3635, #3985, #4013 ),
 .UNSPECIFIED., .F., .F. ) 
 B_SPLINE_CURVE_WITH_KNOTS ( ( 3, 2, 2, 2, 3 ),
 ( 0.5125000000000000700, 0.5166666666666667200, 0.5250000000000000200, 0.5333333333333333300, 0.5374999999999999800 ),
 .UNSPECIFIED. ) 
 CURVE ( )  GEOMETRIC_REPRESENTATION_ITEM ( )  RATIONAL_B_SPLINE_CURVE ( ( 0.9330127018922194100, 0.9330127018922203000, 1.000000000000000000, 0.8660254037844387100, 1.000000000000000000, 0.8660254037844387100, 1.000000000000000000, 0.9330127018922194100, 0.9330127018922194100 ) ) 
 REPRESENTATION_ITEM ( '' )  );
#3865 = CARTESIAN_POINT ( 'NONE',  ( -0.7401923788646666000, -3.616863152042018100E-015, -1.050000000000005800 ) ) ;
#3866 = EDGE_CURVE ( 'NONE', #1001, #457, #2163, .T. ) ;
#3867 = LINE ( 'NONE', #3028, #1862 ) ;
#3868 = CARTESIAN_POINT ( 'NONE',  ( 0.5047893575970070500, -0.7876264315165582000, 2.928041661756259900 ) ) ;
#3869 = CARTESIAN_POINT ( 'NONE',  ( 0.7401923788646663800, -0.1983339501604623500, -1.267863279495413900 ) ) ;
#3870 = CARTESIAN_POINT ( 'NONE',  ( 0.0000000000000000000, -1.749999999999997800, 4.299999999999999800 ) ) ;
#3871 = CARTESIAN_POINT ( 'NONE',  ( 0.4273502691896251500, 0.7401923788646644900, 2.416666666666652800 ) ) ;
#3872 = CC_DESIGN_PERSON_AND_ORGANIZATION_ASSIGNMENT ( #3103, #1929, ( #2962 ) ) ;
#3873 = CYLINDRICAL_SURFACE ( 'NONE', #2647, 0.9999999999999993300 ) ;
#3874 = CARTESIAN_POINT ( 'NONE',  ( -0.6410254037844371800, -0.3700961894323351300, 1.333333333333320200 ) ) ;
#3875 = CARTESIAN_POINT ( 'NONE',  ( 0.7401923788646663800, -0.1983339501604658200, 1.482136720504579000 ) ) ;
#3876 = CARTESIAN_POINT ( 'NONE',  ( 0.5898502691896245800, -1.021650635094612000, 0.04583333333332612100 ) ) ;
#3877 = CARTESIAN_POINT ( 'NONE',  ( 0.7401923788646666000, -1.993946046730061400E-015, -3.000000000000000000 ) ) ;
#3878 = ORIENTED_EDGE ( 'NONE', *, *, #2631, .F. ) ;
#3879 = CARTESIAN_POINT ( 'NONE',  ( -0.5898502691896252400, -1.021650635094611300, 1.604166666666651400 ) ) ;
#3880 = CARTESIAN_POINT ( 'NONE',  ( 0.5773502691896250600, -1.000000000000001600, 2.033333333333322100 ) ) ;
#3881 = ORIENTED_EDGE ( 'NONE', *, *, #893, .F. ) ;
#3882 = CARTESIAN_POINT ( 'NONE',  ( 0.6499999999999986900, -0.3752776749732558100, 3.389999999999999700 ) ) ;
#3883 = AXIS2_PLACEMENT_3D ( 'NONE', #4028, #1320, #2373 ) ;
#3884 = VECTOR ( 'NONE', #1505, 1000.000000000000000 ) ;
#3885 = CARTESIAN_POINT ( 'NONE',  ( -0.4273502691896249300, -0.7401923788646683800, 2.616666666666652000 ) ) ;
#3886 = CARTESIAN_POINT ( 'NONE',  ( 0.6410254037844369500, -0.3700961894323356300, 1.466666666666653500 ) ) ;
#3887 = CARTESIAN_POINT ( 'NONE',  ( 0.7401923788646666000, -3.166570952390200700E-015, -0.4500000000000074500 ) ) ;
#3888 = ORIENTED_EDGE ( 'NONE', *, *, #3434, .T. ) ;
#3889 = DIRECTION ( 'NONE',  ( -0.0000000000000000000, -0.0000000000000000000, 1.000000000000000000 ) ) ;
#3890 = CARTESIAN_POINT ( 'NONE',  ( -1.251161180115474400E-016, -1.021650635094611700, 2.412499999999987700 ) ) ;
#3891 = CARTESIAN_POINT ( 'NONE',  ( 0.7401923788646660500, -3.340877610319936300E-016, 1.949999999999987700 ) ) ;
#3892 = CARTESIAN_POINT ( 'NONE',  ( -0.8847754037844374200, 0.5108253175473028700, 1.904166666666650400 ) ) ;
#3893 = VERTEX_POINT ( 'NONE', #3339 ) ;
#3894 = CARTESIAN_POINT ( 'NONE',  ( -1.224646799147352500E-016, -1.000000000000001300, -2.000000000000002200 ) ) ;
#3895 =( BOUNDED_CURVE ( )  B_SPLINE_CURVE ( 2, ( #1608, #2630, #597, #3952, #2944, #3968, #1935 ),
 .UNSPECIFIED., .F., .F. ) 
 B_SPLINE_CURVE_WITH_KNOTS ( ( 3, 2, 2, 3 ),
 ( 0.7250000000000000900, 0.7333333333333335000, 0.7416666666666668100, 0.7500000000000001100 ),
 .UNSPECIFIED. ) 
 CURVE ( )  GEOMETRIC_REPRESENTATION_ITEM ( )  RATIONAL_B_SPLINE_CURVE ( ( 0.9999999999999982200, 0.8660254037844403700, 1.000000000000000000, 0.8660254037844386000, 1.000000000000000000, 0.8660254037844368200, 1.000000000000001800 ) ) 
 REPRESENTATION_ITEM ( '' )  );
#3896 = CARTESIAN_POINT ( 'NONE',  ( -0.8280079559582277400, -0.2378761301124407100, 2.853321611455041900 ) ) ;
#3897 = CARTESIAN_POINT ( 'NONE',  ( 0.7505553499465115200, 2.603474084306562500E-017, 4.299999999999999800 ) ) ;
#3898 = EDGE_CURVE ( 'NONE', #1711, #1483, #250, .T. ) ;
#3899 = CARTESIAN_POINT ( 'NONE',  ( 0.0000000000000000000, 1.021650635094607500, 3.437499999999980500 ) ) ;
#3900 = ORIENTED_EDGE ( 'NONE', *, *, #4376, .F. ) ;
#3901 = CARTESIAN_POINT ( 'NONE',  ( -1.224646799147352500E-016, -1.000000000000001300, 0.04999999999998767900 ) ) ;
#3902 = CARTESIAN_POINT ( 'NONE',  ( -0.6410254037844371800, -0.3700961894323351300, 1.383333333333321500 ) ) ;
#3903 = CARTESIAN_POINT ( 'NONE',  ( -0.8547005383792494200, -1.941610732802278000E-015, 0.09999999999998941700 ) ) ;
#3904 = ORIENTED_EDGE ( 'NONE', *, *, #3775, .T. ) ;
#3905 = CARTESIAN_POINT ( 'NONE',  ( -0.7401923788646691500, -0.1983339501604564100, 1.317863279495395100 ) ) ;
#3906 = CARTESIAN_POINT ( 'NONE',  ( -1.179700538379250000, -1.921710222316133300E-015, 1.912499999999989000 ) ) ;
#3907 = DIRECTION ( 'NONE',  ( -0.0000000000000000000, -0.0000000000000000000, 1.000000000000000000 ) ) ;
#3908 = ORIENTED_EDGE ( 'NONE', *, *, #3147, .T. ) ;
#3909 = CARTESIAN_POINT ( 'NONE',  ( 0.8847754037844372000, -0.5108253175473072000, 1.304166666666652300 ) ) ;
#3910 = ORIENTED_EDGE ( 'NONE', *, *, #580, .T. ) ;
#3911 = DIRECTION ( 'NONE',  ( 0.0000000000000000000, 1.000000000000000000, -6.054590893736192000E-018 ) ) ;
#3912 = CARTESIAN_POINT ( 'NONE',  ( 1.154700538379250800, -2.206061094475042600E-015, 2.099999999999989000 ) ) ;
#3913 = DIRECTION ( 'NONE',  ( 0.0000000000000000000, -1.000000000000000000, 0.0000000000000000000 ) ) ;
#3914 = CARTESIAN_POINT ( 'NONE',  ( -0.8660254037844381500, -0.5000000000000014400, -0.06666666666667343800 ) ) ;
#3915 = ORIENTED_EDGE ( 'NONE', *, *, #3927, .T. ) ;
#3916 = FACE_OUTER_BOUND ( 'NONE', #1460, .T. ) ;
#3917 = ADVANCED_FACE ( 'NONE', ( #2850 ), #1211, .T. ) ;
#3918 =( NAMED_UNIT ( * ) PLANE_ANGLE_UNIT ( ) SI_UNIT ( $, .RADIAN. ) );
#3919 = CARTESIAN_POINT ( 'NONE',  ( 0.6410254037844374000, 0.3700961894323307500, 4.783333333333314600 ) ) ;
#3920 = AXIS2_PLACEMENT_3D ( 'NONE', #3058, #2748, #31 ) ;
#3921 = CARTESIAN_POINT ( 'NONE',  ( 0.8547005383792494200, -2.150951988513411000E-015, 0.2999999999999890500 ) ) ;
#3922 = ORIENTED_EDGE ( 'NONE', *, *, #583, .T. ) ;
#3923 = CARTESIAN_POINT ( 'NONE',  ( 0.8660254037844378200, -0.5000000000000021100, -0.7333333333333386100 ) ) ;
#3924 = CARTESIAN_POINT ( 'NONE',  ( 0.5898502691896245800, -1.021650635094612000, 2.445833333333320400 ) ) ;
#3925 = CARTESIAN_POINT ( 'NONE',  ( -0.5772040407753664700, 0.5915883723746928600, 2.809962999060088100 ) ) ;
#3926 = CARTESIAN_POINT ( 'NONE',  ( -1.179700538379249800, -1.921710222316133300E-015, 2.737499999999982500 ) ) ;
#3927 = EDGE_CURVE ( 'NONE', #1773, #883, #954, .T. ) ;
#3928 = EDGE_CURVE ( 'NONE', #3035, #3838, #2587, .T. ) ;
#3929 = DIRECTION ( 'NONE',  ( 0.0000000000000000000, -1.000000000000000000, 0.0000000000000000000 ) ) ;
#3930 = CARTESIAN_POINT ( 'NONE',  ( -0.8847754037844375300, -0.5108253175473065300, 3.570833333333313800 ) ) ;
#3931 = CARTESIAN_POINT ( 'NONE',  ( 0.0000000000000000000, 0.9999999999999974500, 1.049999999999986100 ) ) ;
#3932 = CARTESIAN_POINT ( 'NONE',  ( 0.4273502691896244900, -0.7401923788646687100, 3.083333333333317900 ) ) ;
#3933 = CARTESIAN_POINT ( 'NONE',  ( 0.6410254037844369500, -0.3700961894323356300, 1.066666666666654200 ) ) ;
#3934 = ORIENTED_EDGE ( 'NONE', *, *, #369, .T. ) ;
#3935 = CARTESIAN_POINT ( 'NONE',  ( 0.0000000000000000000, 1.021650635094607700, 0.6124999999999915000 ) ) ;
#3936 = CARTESIAN_POINT ( 'NONE',  ( 0.7401923788646663800, -0.1983339501604631800, 1.932136720504579200 ) ) ;
#3937 = FACE_OUTER_BOUND ( 'NONE', #1045, .T. ) ;
#3938 = ADVANCED_FACE ( 'NONE', ( #2174 ), #843, .T. ) ;
#3939 = CARTESIAN_POINT ( 'NONE',  ( 6.982962677686254900E-015, -0.9999999999999983300, 4.299999999999999800 ) ) ;
#3940 = CARTESIAN_POINT ( 'NONE',  ( -1.154700538379251000, -1.923241030815067900E-015, -0.4500000000000111700 ) ) ;
#3941 = LINE ( 'NONE', #3687, #3769 ) ;
#3942 = CARTESIAN_POINT ( 'NONE',  ( -0.7401923788646666000, -1.234672160335628800E-015, -1.500000000000006700 ) ) ;
#3943 = DIRECTION ( 'NONE',  ( 0.0000000000000000000, -1.000000000000000000, 0.0000000000000000000 ) ) ;
#3944 = PERSON_AND_ORGANIZATION_ROLE ( 'design_owner' ) ;
#3945 = CARTESIAN_POINT ( 'NONE',  ( 0.6410254037844376200, 0.3700961894323303600, 1.133333333333320400 ) ) ;
#3946 = ORIENTED_EDGE ( 'NONE', *, *, #2508, .F. ) ;
#3947 = CARTESIAN_POINT ( 'NONE',  ( 0.5773502691896161800, -1.000000000000016900, -2.316666666666674900 ) ) ;
#3948 =( BOUNDED_CURVE ( )  B_SPLINE_CURVE ( 2, ( #3375, #4402, #1025, #1761, #2382, #2700, #3430 ),
 .UNSPECIFIED., .F., .F. ) 
 B_SPLINE_CURVE_WITH_KNOTS ( ( 3, 2, 2, 3 ),
 ( 0.5000000000000001100, 0.5083333333333334100, 0.5166666666666667200, 0.5250000000000001300 ),
 .UNSPECIFIED. ) 
 CURVE ( )  GEOMETRIC_REPRESENTATION_ITEM ( )  RATIONAL_B_SPLINE_CURVE ( ( 0.9999999999999982200, 0.8660254037844403700, 1.000000000000000000, 0.8660254037844386000, 1.000000000000000000, 0.8660254037844368200, 1.000000000000001800 ) ) 
 REPRESENTATION_ITEM ( '' )  );
#3949 = ORIENTED_EDGE ( 'NONE', *, *, #2262, .T. ) ;
#3950 = CARTESIAN_POINT ( 'NONE',  ( -0.5898502691896250200, 1.021650635094607700, 1.045833333333324100 ) ) ;
#3951 = EDGE_CURVE ( 'NONE', #364, #3314, #3087, .T. ) ;
#3952 = CARTESIAN_POINT ( 'NONE',  ( -1.154700538379251000, -1.923241030815067900E-015, -1.250000000000009300 ) ) ;
#3953 = ORIENTED_EDGE ( 'NONE', *, *, #4353, .F. ) ;
#3954 = CARTESIAN_POINT ( 'NONE',  ( 0.7401923788646669300, 0.1983339501604564900, -2.432136720504595800 ) ) ;
#3955 = CARTESIAN_POINT ( 'NONE',  ( -1.224646799147352500E-016, -1.000000000000001300, 1.199999999999990900 ) ) ;
#3956 = APPROVAL ( #1239, 'UNSPECIFIED' ) ;
#3957 = CARTESIAN_POINT ( 'NONE',  ( -1.179700538379249800, -1.921710222316133300E-015, 4.337499999999979000 ) ) ;
#3958 = ORIENTED_EDGE ( 'NONE', *, *, #3984, .F. ) ;
#3959 = ADVANCED_FACE ( 'NONE', ( #3107 ), #1745, .T. ) ;
#3960 = CARTESIAN_POINT ( 'NONE',  ( 0.0000000000000000000, 0.7401923788646647100, 3.649999999999983000 ) ) ;
#3961 = CARTESIAN_POINT ( 'NONE',  ( -1.224646799147352500E-016, -1.000000000000001300, -1.200000000000004200 ) ) ;
#3962 = EDGE_LOOP ( 'NONE', ( #2678, #4113, #3443, #80 ) ) ;
#3963 = PERSON_AND_ORGANIZATION ( #1331, #4292 ) ;
#3964 = CARTESIAN_POINT ( 'NONE',  ( -1.179700538379250000, -1.921710222316133300E-015, 3.512499999999985100 ) ) ;
#3965 = VERTEX_POINT ( 'NONE', #2346 ) ;
#3966 = DIRECTION ( 'NONE',  ( -0.0000000000000000000, 6.054590893736192000E-018, 1.000000000000000000 ) ) ;
#3967 = VECTOR ( 'NONE', #3664, 1000.000000000000000 ) ;
#3968 = CARTESIAN_POINT ( 'NONE',  ( -0.5773502691896208500, 1.000000000000005300, -1.316666666666676400 ) ) ;
#3969 = AXIS2_PLACEMENT_3D ( 'NONE', #3166, #1492, #806 ) ;
#3970 = CARTESIAN_POINT ( 'NONE',  ( -0.7401923788646666000, 0.1983339501604579100, -2.267863279495411900 ) ) ;
#3971 = ORIENTED_EDGE ( 'NONE', *, *, #3489, .F. ) ;
#3972 = VECTOR ( 'NONE', #2494, 1000.000000000000000 ) ;
#3973 = CARTESIAN_POINT ( 'NONE',  ( 0.7401923788646663800, -0.1983339501604619900, -2.117863279495413800 ) ) ;
#3974 = CARTESIAN_POINT ( 'NONE',  ( -0.8660254037844381500, 0.4999999999999978400, 2.716666666666648600 ) ) ;
#3975 = CARTESIAN_POINT ( 'NONE',  ( 0.6410254037844374000, 0.3700961894323307500, 2.733333333333317000 ) ) ;
#3976 = CARTESIAN_POINT ( 'NONE',  ( 0.7401923788646666000, -0.1983339501604624900, 0.2821367205045811600 ) ) ;
#3977 = CARTESIAN_POINT ( 'NONE',  ( 0.4273502691896251500, 0.7401923788646644900, 4.416666666666648300 ) ) ;
#3978 = DIRECTION ( 'NONE',  ( 1.000000000000000000, 0.0000000000000000000, 0.0000000000000000000 ) ) ;
#3979 =( BOUNDED_CURVE ( )  B_SPLINE_CURVE ( 2, ( #3446, #24, #383, #1499, #2182, #4203, #1118 ),
 .UNSPECIFIED., .F., .F. ) 
 B_SPLINE_CURVE_WITH_KNOTS ( ( 3, 2, 2, 3 ),
 ( 0.1250000000000000800, 0.1333333333333333900, 0.1416666666666667200, 0.1500000000000000200 ),
 .UNSPECIFIED. ) 
 CURVE ( )  GEOMETRIC_REPRESENTATION_ITEM ( )  RATIONAL_B_SPLINE_CURVE ( ( 0.9999999999999986700, 0.8660254037844400400, 1.000000000000000000, 0.8660254037844387100, 1.000000000000000000, 0.8660254037844382600, 1.000000000000000400 ) ) 
 REPRESENTATION_ITEM ( '' )  );
#3980 = FACE_OUTER_BOUND ( 'NONE', #567, .T. ) ;
#3981 = CARTESIAN_POINT ( 'NONE',  ( -0.5898502691896253500, -1.021650635094611300, 4.779166666666648100 ) ) ;
#3982 = CARTESIAN_POINT ( 'NONE',  ( -1.154700538379251000, -1.923241030815067900E-015, 0.7499999999999861200 ) ) ;
#3983 = ADVANCED_FACE ( 'NONE', ( #3423 ), #353, .T. ) ;
#3984 = EDGE_CURVE ( 'NONE', #649, #3328, #639, .T. ) ;
#3985 = CARTESIAN_POINT ( 'NONE',  ( 0.7401923788646652700, -0.1983339501604652900, 1.132136720504580500 ) ) ;
#3986 = ORIENTED_EDGE ( 'NONE', *, *, #4403, .F. ) ;
#3987 = EDGE_CURVE ( 'NONE', #4054, #1, #1368, .T. ) ;
#3988 = EDGE_LOOP ( 'NONE', ( #2529, #4146, #2472, #560 ) ) ;
#3989 = CARTESIAN_POINT ( 'NONE',  ( -0.7401923788646666000, -1.903298623977073300E-015, -3.000000000000000000 ) ) ;
#3990 = CARTESIAN_POINT ( 'NONE',  ( -9.064742275298788900E-017, -0.7401923788646686000, 2.199999999999985100 ) ) ;
#3991 = LINE ( 'NONE', #1958, #3130 ) ;
#3992 = CARTESIAN_POINT ( 'NONE',  ( 0.8660254037844386000, 0.4999999999999970000, 2.933333333333319800 ) ) ;
#3993 = CARTESIAN_POINT ( 'NONE',  ( 1.154700538379250800, -2.206061094475042600E-015, -1.100000000000004500 ) ) ;
#3994 = CYLINDRICAL_SURFACE ( 'NONE', #765, 0.9999999999999993300 ) ;
#3995 = CARTESIAN_POINT ( 'NONE',  ( -1.179700538379250000, -1.921710222316133300E-015, 2.712499999999986600 ) ) ;
#3996 = ORIENTED_EDGE ( 'NONE', *, *, #1858, .F. ) ;
#3997 = CARTESIAN_POINT ( 'NONE',  ( -1.224646799147352500E-016, -1.000000000000001300, 0.8499999999999863200 ) ) ;
#3998 = ORIENTED_EDGE ( 'NONE', *, *, #4093, .T. ) ;
#3999 = DIRECTION ( 'NONE',  ( 1.000000000000000000, 0.0000000000000000000, 0.0000000000000000000 ) ) ;
#4000 = CARTESIAN_POINT ( 'NONE',  ( 0.0000000000000000000, -1.993946046730061400E-015, 3.000000000000000000 ) ) ;
#4001 = CARTESIAN_POINT ( 'NONE',  ( 0.4340844946278357200, -0.5995460026161737500, -2.959807621135348600 ) ) ;
#4002 = CARTESIAN_POINT ( 'NONE',  ( 0.6410254037844369500, -0.3700961894323356300, 2.666666666666650500 ) ) ;
#4003 = AXIS2_PLACEMENT_3D ( 'NONE', #3738, #2422, #3440 ) ;
#4004 = ORIENTED_EDGE ( 'NONE', *, *, #1369, .F. ) ;
#4005 = CARTESIAN_POINT ( 'NONE',  ( 0.7401923788646659300, -4.793433093067735000E-016, 2.349999999999987200 ) ) ;
#4006 = ADVANCED_FACE ( 'NONE', ( #2542 ), #4121, .T. ) ;
#4007 = DIRECTION ( 'NONE',  ( 0.0000000000000000000, 0.0000000000000000000, 1.000000000000000000 ) ) ;
#4008 = CARTESIAN_POINT ( 'NONE',  ( 0.4273502691896284800, 0.7401923788646623800, 0.4166666666666571900 ) ) ;
#4009 = ORIENTED_EDGE ( 'NONE', *, *, #207, .T. ) ;
#4010 = CARTESIAN_POINT ( 'NONE',  ( -0.8847754037844375300, 0.5108253175473029800, 4.679166666666649400 ) ) ;
#4011 = EDGE_CURVE ( 'NONE', #3760, #1091, #2332, .T. ) ;
#4012 = ORIENTED_EDGE ( 'NONE', *, *, #723, .T. ) ;
#4013 = CARTESIAN_POINT ( 'NONE',  ( 0.7401923788646660500, -5.243725292719552800E-015, 1.149999999999988800 ) ) ;
#4014 = CARTESIAN_POINT ( 'NONE',  ( 0.6410254037844316200, -0.3700961894323447400, 1.516666666666654800 ) ) ;
#4015 = DIRECTION ( 'NONE',  ( 1.000000000000000000, 0.0000000000000000000, 0.0000000000000000000 ) ) ;
#4016 = CARTESIAN_POINT ( 'NONE',  ( -0.6410254037844371800, -0.3700961894323351300, 4.133333333333314200 ) ) ;
#4017 = ORIENTED_EDGE ( 'NONE', *, *, #110, .T. ) ;
#4018 = DIRECTION ( 'NONE',  ( 2.889066536033006700E-016, -1.000000000000000000, 0.0000000000000000000 ) ) ;
#4019 = CYLINDRICAL_SURFACE ( 'NONE', #1835, 0.9999999999999993300 ) ;
#4020 = CARTESIAN_POINT ( 'NONE',  ( 0.0000000000000000000, -1.951563910473908000E-015, 4.299999999999999800 ) ) ;
#4021 = CARTESIAN_POINT ( 'NONE',  ( 0.4273502691896274300, 0.7401923788646631600, -1.983333333333337800 ) ) ;
#4022 = EDGE_LOOP ( 'NONE', ( #2455, #2375, #3910 ) ) ;
#4023 = CARTESIAN_POINT ( 'NONE',  ( 0.5898502691896256900, 1.021650635094607300, 2.979166666666653600 ) ) ;
#4024 = CYLINDRICAL_SURFACE ( 'NONE', #2292, 0.7401923788646666000 ) ;
#4025 = CARTESIAN_POINT ( 'NONE',  ( -0.7401923788646667100, -3.253724281355068500E-015, -0.3000000000000089800 ) ) ;
#4026 = ORIENTED_EDGE ( 'NONE', *, *, #1517, .F. ) ;
#4027 = DIRECTION ( 'NONE',  ( -0.0000000000000000000, -0.0000000000000000000, 1.000000000000000000 ) ) ;
#4028 = CARTESIAN_POINT ( 'NONE',  ( 0.0000000000000000000, -1.224646799147353300E-015, -3.000000000000000000 ) ) ;
#4029 = CARTESIAN_POINT ( 'NONE',  ( 0.8547005383792494200, -2.150951988513411000E-015, 2.699999999999984200 ) ) ;
#4030 = DIRECTION ( 'NONE',  ( 0.0000000000000000000, 0.0000000000000000000, -1.000000000000000000 ) ) ;
#4031 =( BOUNDED_CURVE ( )  B_SPLINE_CURVE ( 2, ( #2432, #3779, #3190, #3124, #1105, #1479, #1162 ),
 .UNSPECIFIED., .F., .F. ) 
 B_SPLINE_CURVE_WITH_KNOTS ( ( 3, 2, 2, 3 ),
 ( 0.5250000000000001300, 0.5333333333333334400, 0.5416666666666667400, 0.5500000000000001600 ),
 .UNSPECIFIED. ) 
 CURVE ( )  GEOMETRIC_REPRESENTATION_ITEM ( )  RATIONAL_B_SPLINE_CURVE ( ( 0.9999999999999982200, 0.8660254037844404800, 1.000000000000000000, 0.8660254037844387100, 1.000000000000000000, 0.8660254037844369300, 1.000000000000001800 ) ) 
 REPRESENTATION_ITEM ( '' )  );
#4032 = AXIS2_PLACEMENT_3D ( 'NONE', #3145, #748, #3455 ) ;
#4033 = CARTESIAN_POINT ( 'NONE',  ( 0.5773502691896228400, 1.000000000000002200, -2.633333333333333700 ) ) ;
#4034 = DIRECTION ( 'NONE',  ( -0.0000000000000000000, -0.0000000000000000000, 1.000000000000000000 ) ) ;
#4035 = CARTESIAN_POINT ( 'NONE',  ( -9.064742275298788900E-017, -0.7401923788646686000, -2.150000000000003900 ) ) ;
#4036 = ORIENTED_EDGE ( 'NONE', *, *, #2955, .F. ) ;
#4037 = DIRECTION ( 'NONE',  ( -0.5000000000000001100, -0.8660254037844387100, 0.0000000000000000000 ) ) ;
#4038 = ORIENTED_EDGE ( 'NONE', *, *, #1751, .T. ) ;
#4039 = LINE ( 'NONE', #965, #653 ) ;
#4040 = DIRECTION ( 'NONE',  ( -0.0000000000000000000, -0.0000000000000000000, 1.000000000000000000 ) ) ;
#4041 = CARTESIAN_POINT ( 'NONE',  ( -9.064742275298788900E-017, -0.7401923788646686000, 4.599999999999980100 ) ) ;
#4042 = ORIENTED_EDGE ( 'NONE', *, *, #1858, .T. ) ;
#4043 = CARTESIAN_POINT ( 'NONE',  ( 0.4372887098050888300, -0.4980865956269600000, 4.199167121815182000 ) ) ;
#4044 = CARTESIAN_POINT ( 'NONE',  ( -0.5773502691896257300, -1.000000000000001100, 2.366666666666655100 ) ) ;
#4045 = CARTESIAN_POINT ( 'NONE',  ( 0.8660254037844384900, 0.4999999999999970000, 2.583333333333315700 ) ) ;
#4046 = ORIENTED_EDGE ( 'NONE', *, *, #1890, .T. ) ;
#4047 = CARTESIAN_POINT ( 'NONE',  ( 0.5773502691896206200, -1.000000000000009300, 1.683333333333317100 ) ) ;
#4048 = ORIENTED_EDGE ( 'NONE', *, *, #4245, .T. ) ;
#4049 = CARTESIAN_POINT ( 'NONE',  ( 0.7401923788646667100, -8.424821799937230700E-016, 0.2999999999999895000 ) ) ;
#4050 = CARTESIAN_POINT ( 'NONE',  ( 0.5898502691896245800, -1.021650635094612000, 4.845833333333314600 ) ) ;
#4051 = ORIENTED_EDGE ( 'NONE', *, *, #110, .F. ) ;
#4052 = CARTESIAN_POINT ( 'NONE',  ( 0.0000000000000000000, -1.951563910473908000E-015, 4.299999999999999800 ) ) ;
#4053 = CARTESIAN_POINT ( 'NONE',  ( 0.8847754037844372000, -0.5108253175473072000, -1.895833333333341000 ) ) ;
#4054 = VERTEX_POINT ( 'NONE', #2077 ) ;
#4055 = CARTESIAN_POINT ( 'NONE',  ( 1.154700538379250800, -2.206061094475042600E-015, 0.09999999999999308100 ) ) ;
#4056 = CARTESIAN_POINT ( 'NONE',  ( -0.6410254037844362900, 0.3700961894323326900, -1.483333333333338700 ) ) ;
#4057 = ORIENTED_EDGE ( 'NONE', *, *, #2956, .F. ) ;
#4058 = CARTESIAN_POINT ( 'NONE',  ( 0.6410254037844400600, 0.3700961894323260800, 0.3333333333333222100 ) ) ;
#4059 = CARTESIAN_POINT ( 'NONE',  ( -0.6410254037844371800, -0.3700961894323351300, -1.816666666666671300 ) ) ;
#4060 = ORIENTED_EDGE ( 'NONE', *, *, #3521, .F. ) ;
#4061 = EDGE_CURVE ( 'NONE', #1417, #1258, #832, .T. ) ;
#4062 = EDGE_CURVE ( 'NONE', #119, #500, #1703, .T. ) ;
#4063 = FACE_OUTER_BOUND ( 'NONE', #2401, .T. ) ;
#4064 = CARTESIAN_POINT ( 'NONE',  ( 0.7401923788646667100, -6.536499672365093000E-016, -0.1000000000000094400 ) ) ;
#4065 = ORIENTED_EDGE ( 'NONE', *, *, #4183, .F. ) ;
#4066 = FACE_OUTER_BOUND ( 'NONE', #1176, .T. ) ;
#4067 = CARTESIAN_POINT ( 'NONE',  ( 0.8847754037844378600, 0.5108253175473020900, -2.629166666666673100 ) ) ;
#4068 = ORIENTED_EDGE ( 'NONE', *, *, #2028, .F. ) ;
#4069 = CARTESIAN_POINT ( 'NONE',  ( 0.6410254037844369500, -0.3700961894323356300, -2.883333333333336000 ) ) ;
#4070 = CARTESIAN_POINT ( 'NONE',  ( 0.7401923788646666000, -2.454818765843779200E-015, -2.100000000000005400 ) ) ;
#4071 = CARTESIAN_POINT ( 'NONE',  ( 0.7401923788646666000, -3.166570952390200700E-015, -0.5000000000000088800 ) ) ;
#4072 = LINE ( 'NONE', #2453, #2907 ) ;
#4073 = CARTESIAN_POINT ( 'NONE',  ( 0.8660254037844384900, 0.4999999999999970000, 1.783333333333317200 ) ) ;
#4074 = LINE ( 'NONE', #1037, #256 ) ;
#4075 = CARTESIAN_POINT ( 'NONE',  ( 0.0000000000000000000, 0.9999999999999974500, 0.2499999999999873200 ) ) ;
#4076 = CARTESIAN_POINT ( 'NONE',  ( 0.6410254037844374000, 0.3700961894323307500, -1.616666666666671800 ) ) ;
#4077 = MANIFOLD_SOLID_BREP ( 'Boss-Extrude1', #521 ) ;
#4078 = ORIENTED_EDGE ( 'NONE', *, *, #1606, .F. ) ;
#4079 = FACE_OUTER_BOUND ( 'NONE', #2784, .T. ) ;
#4080 = CARTESIAN_POINT ( 'NONE',  ( -0.7401923788646648200, -0.1983339501604604000, 2.567863279495394400 ) ) ;
#4081 = CARTESIAN_POINT ( 'NONE',  ( 0.8847754037844380900, 0.5108253175473022000, -1.854166666666669800 ) ) ;
#4082 =( BOUNDED_CURVE ( )  B_SPLINE_CURVE ( 2, ( #2977, #212, #2649, #1927, #223, #1629, #1643, #3976, #1956 ),
 .UNSPECIFIED., .F., .F. ) 
 B_SPLINE_CURVE_WITH_KNOTS ( ( 3, 2, 2, 2, 3 ),
 ( 0.4125000000000000300, 0.4166666666666666900, 0.4249999999999999900, 0.4333333333333333500, 0.4375000000000000600 ),
 .UNSPECIFIED. ) 
 CURVE ( )  GEOMETRIC_REPRESENTATION_ITEM ( )  RATIONAL_B_SPLINE_CURVE ( ( 0.9330127018922194100, 0.9330127018922198500, 1.000000000000000000, 0.8660254037844387100, 1.000000000000000000, 0.8660254037844387100, 1.000000000000000000, 0.9330127018922185200, 0.9330127018922194100 ) ) 
 REPRESENTATION_ITEM ( '' )  );
#4083 = CARTESIAN_POINT ( 'NONE',  ( 0.7401923788646666000, -2.832483191358207100E-015, -1.300000000000007100 ) ) ;
#4084 = CARTESIAN_POINT ( 'NONE',  ( 2.538127837083661000E-015, 0.7401923788646647100, 2.399999999999984800 ) ) ;
#4085 = CARTESIAN_POINT ( 'NONE',  ( 0.8847754037844372000, -0.5108253175473072000, -2.295833333333339600 ) ) ;
#4086 = ORIENTED_EDGE ( 'NONE', *, *, #1259, .T. ) ;
#4087 = CARTESIAN_POINT ( 'NONE',  ( -0.4273502691896258200, -0.7401923788646678200, -2.633333333333337700 ) ) ;
#4088 = DIRECTION ( 'NONE',  ( -0.0000000000000000000, 6.054590893736192000E-018, 1.000000000000000000 ) ) ;
#4089 = AXIS2_PLACEMENT_3D ( 'NONE', #3607, #3966, #1591 ) ;
#4090 = CARTESIAN_POINT ( 'NONE',  ( -0.4273502691896246500, 0.7401923788646646000, -3.166666666666670100 ) ) ;
#4091 = ADVANCED_FACE ( 'NONE', ( #1644 ), #4019, .T. ) ;
#4092 = CARTESIAN_POINT ( 'NONE',  ( -0.1180844350333713200, 0.8466426048752829800, -2.853357395124787500 ) ) ;
#4093 = EDGE_CURVE ( 'NONE', #1258, #2668, #1896, .T. ) ;
#4094 = EDGE_CURVE ( 'NONE', #3848, #1309, #298, .T. ) ;
#4095 = CARTESIAN_POINT ( 'NONE',  ( 0.6410254037844369500, -0.3700961894323356300, -2.883333333333336000 ) ) ;
#4096 = CARTESIAN_POINT ( 'NONE',  ( -0.6410254037844359500, 0.3700961894323333600, 0.06666666666665628500 ) ) ;
#4097 = LINE ( 'NONE', #3272, #2042 ) ;
#4098 = APPROVAL ( #1252, 'UNSPECIFIED' ) ;
#4099 = DIRECTION ( 'NONE',  ( 0.0000000000000000000, 0.0000000000000000000, 1.000000000000000000 ) ) ;
#4100 = CARTESIAN_POINT ( 'NONE',  ( 0.0000000000000000000, 0.9999999999999974500, 2.649999999999982100 ) ) ;
#4101 = CARTESIAN_POINT ( 'NONE',  ( 0.8547005383792494200, -2.150951988513411000E-015, 4.299999999999980300 ) ) ;
#4102 = EDGE_LOOP ( 'NONE', ( #3628, #2316, #2786, #724 ) ) ;
#4103 = CARTESIAN_POINT ( 'NONE',  ( 2.143131898507863600E-016, 1.749999999999994400, 3.000000000000000000 ) ) ;
#4104 = CARTESIAN_POINT ( 'NONE',  ( 0.7401923788646667100, -6.536499672365093000E-016, -0.05000000000000800300 ) ) ;
#4105 = CARTESIAN_POINT ( 'NONE',  ( -1.154700538379251000, -1.923241030815067900E-015, -0.05000000000001216000 ) ) ;
#4106 = ORIENTED_EDGE ( 'NONE', *, *, #3326, .F. ) ;
#4107 = CARTESIAN_POINT ( 'NONE',  ( 0.0000000000000000000, 0.7401923788646647100, 1.999999999999985300 ) ) ;
#4108 = CARTESIAN_POINT ( 'NONE',  ( -1.224646799147352500E-016, -1.000000000000001300, -0.4000000000000060200 ) ) ;
#4109 = CARTESIAN_POINT ( 'NONE',  ( -0.8547005383792494200, -1.941610732802278000E-015, 0.5499999999999901600 ) ) ;
#4110 = EDGE_LOOP ( 'NONE', ( #2535, #3295, #3379, #949 ) ) ;
#4111 =( BOUNDED_CURVE ( )  B_SPLINE_CURVE ( 2, ( #1425, #92, #1769, #4118, #2440 ),
 .UNSPECIFIED., .F., .F. ) 
 B_SPLINE_CURVE_WITH_KNOTS ( ( 3, 2, 3 ),
 ( 0.7375000000000000400, 0.7416666666666667000, 0.7426133359281377200 ),
 .UNSPECIFIED. ) 
 CURVE ( )  GEOMETRIC_REPRESENTATION_ITEM ( )  RATIONAL_B_SPLINE_CURVE ( ( 0.9330127018922194100, 0.9330127018922203000, 1.000000000000000000, 0.9847804441533683000, 0.9730187808731160000 ) ) 
 REPRESENTATION_ITEM ( '' )  );
#4112 = CARTESIAN_POINT ( 'NONE',  ( 0.0000000000000000000, 2.603474084306562500E-017, 4.299999999999999800 ) ) ;
#4113 = ORIENTED_EDGE ( 'NONE', *, *, #3801, .T. ) ;
#4114 = CARTESIAN_POINT ( 'NONE',  ( 0.8847754037844373100, -0.5108253175473073100, -1.920833333333336300 ) ) ;
#4115 = CARTESIAN_POINT ( 'NONE',  ( -0.5898502691896252400, -1.021650635094611300, -0.7958333333333431600 ) ) ;
#4116 = VERTEX_POINT ( 'NONE', #1090 ) ;
#4117 = EDGE_CURVE ( 'NONE', #1583, #3469, #83, .T. ) ;
#4118 = CARTESIAN_POINT ( 'NONE',  ( 0.6196789998177589800, 0.4070692456615085900, 2.736663373584554900 ) ) ;
#4119 = DIRECTION ( 'NONE',  ( 8.659560562354915600E-017, 0.7071067811865462400, 0.7071067811865489100 ) ) ;
#4120 = ORIENTED_EDGE ( 'NONE', *, *, #4011, .T. ) ;
#4121 = CYLINDRICAL_SURFACE ( 'NONE', #3187, 0.9999999999999993300 ) ;
#4122 = CARTESIAN_POINT ( 'NONE',  ( -0.5773502691896235100, -1.000000000000004900, 0.7666666666666586100 ) ) ;
#4123 = CARTESIAN_POINT ( 'NONE',  ( 0.0000000000000000000, 0.7401923788646647100, -1.150000000000006100 ) ) ;
#4124 = EDGE_CURVE ( 'NONE', #3838, #3105, #2378, .T. ) ;
#4125 = AXIS2_PLACEMENT_3D ( 'NONE', #689, #365, #3075 ) ;
#4126 = ORIENTED_EDGE ( 'NONE', *, *, #522, .F. ) ;
#4127 = CARTESIAN_POINT ( 'NONE',  ( -0.4273502691896319800, -0.7401923788646643800, 2.166666666666651900 ) ) ;
#4128 = VECTOR ( 'NONE', #2924, 1000.000000000000000 ) ;
#4129 = CARTESIAN_POINT ( 'NONE',  ( 0.0000000000000000000, 0.9999999999999974500, -2.550000000000006500 ) ) ;
#4130 = CARTESIAN_POINT ( 'NONE',  ( 0.8847754037844372000, -0.5108253175473072000, 0.1041666666666547600 ) ) ;
#4131 = FACE_OUTER_BOUND ( 'NONE', #4335, .T. ) ;
#4132 = CARTESIAN_POINT ( 'NONE',  ( 0.6410254037844374000, 0.3700961894323307500, -2.866666666666670700 ) ) ;
#4133 = CARTESIAN_POINT ( 'NONE',  ( 0.0000000000000000000, 2.603474084306562500E-017, 4.299999999999999800 ) ) ;
#4134 = B_SPLINE_CURVE_WITH_KNOTS ( 'NONE', 3,
 ( #2088, #4092, #2741, #719, #3078, #47, #1055, #3415, #1396, #3758, #1743, #35, #1047, #2065, #2087, #1379 ),
 .UNSPECIFIED., .F., .F.,
 ( 4, 2, 2, 2, 2, 2, 2, 4 ),
 ( 0.001985637183132055300, 0.002340727235174868600, 0.002695817287217682000, 0.003050907339260495800, 0.003405997391303308300, 0.003761087443346121700, 0.004116177495388935100, 0.004826357599474561900 ),
 .UNSPECIFIED. ) ;
#4135 = ADVANCED_FACE ( 'NONE', ( #4239 ), #1531, .T. ) ;
#4136 = VECTOR ( 'NONE', #1575, 1000.000000000000000 ) ;
#4137 = DIRECTION ( 'NONE',  ( -0.0000000000000000000, -0.0000000000000000000, 1.000000000000000000 ) ) ;
#4138 = CARTESIAN_POINT ( 'NONE',  ( -0.7401923788646670400, 0.1983339501604596800, 2.532136720504577300 ) ) ;
#4139 =( BOUNDED_CURVE ( )  B_SPLINE_CURVE ( 2, ( #708, #1687, #4073, #4388, #2000, #4047, #3361 ),
 .UNSPECIFIED., .F., .F. ) 
 B_SPLINE_CURVE_WITH_KNOTS ( ( 3, 2, 2, 3 ),
 ( 0.3500000000000000900, 0.3583333333333333900, 0.3666666666666668100, 0.3750000000000001100 ),
 .UNSPECIFIED. ) 
 CURVE ( )  GEOMETRIC_REPRESENTATION_ITEM ( )  RATIONAL_B_SPLINE_CURVE ( ( 0.9999999999999982200, 0.8660254037844403700, 1.000000000000000000, 0.8660254037844386000, 1.000000000000000000, 0.8660254037844368200, 1.000000000000001800 ) ) 
 REPRESENTATION_ITEM ( '' )  );
#4140 = CARTESIAN_POINT ( 'NONE',  ( 0.0000000000000000000, 0.7401923788646647100, 0.8499999999999896500 ) ) ;
#4141 = CARTESIAN_POINT ( 'NONE',  ( -0.8547005383792494200, -1.941610732802278000E-015, -2.300000000000005200 ) ) ;
#4142 = CARTESIAN_POINT ( 'NONE',  ( -0.4273502691896202100, 0.7401923788646672700, 0.03333333333332315400 ) ) ;
#4143 = CARTESIAN_POINT ( 'NONE',  ( 1.316172156826743800E-016, 0.7505553499465110700, 3.389999999999999700 ) ) ;
#4144 = CARTESIAN_POINT ( 'NONE',  ( -0.5898502691896253500, -1.021650635094611300, -2.020833333333336100 ) ) ;
#4145 = CARTESIAN_POINT ( 'NONE',  ( -0.7401923788646667100, -3.428030939284804100E-015, -0.6500000000000065700 ) ) ;
#4146 = ORIENTED_EDGE ( 'NONE', *, *, #2212, .F. ) ;
#4147 = CARTESIAN_POINT ( 'NONE',  ( 0.5898502691896255800, 1.021650635094607100, -1.395833333333341700 ) ) ;
#4148 = CARTESIAN_POINT ( 'NONE',  ( 0.0000000000000000000, -1.993946046730061400E-015, -3.000000000000000000 ) ) ;
#4149 = CARTESIAN_POINT ( 'NONE',  ( 0.0000000000000000000, 0.9999999999999974500, -0.5500000000000108100 ) ) ;
#4150 = CARTESIAN_POINT ( 'NONE',  ( 0.6410254037844377300, 0.3700961894323300800, 1.933333333333319100 ) ) ;
#4151 = CARTESIAN_POINT ( 'NONE',  ( 0.0000000000000000000, -1.951563910473908000E-015, 4.299999999999999800 ) ) ;
#4152 = EDGE_CURVE ( 'NONE', #2488, #356, #916, .T. ) ;
#4153 = EDGE_CURVE ( 'NONE', #3838, #2467, #720, .T. ) ;
#4154 = ORIENTED_EDGE ( 'NONE', *, *, #50, .F. ) ;
#4155 = CARTESIAN_POINT ( 'NONE',  ( -0.4273502691896249300, -0.7401923788646683800, -0.5833333333333405900 ) ) ;
#4156 = CARTESIAN_POINT ( 'NONE',  ( -0.8547005383792494200, -1.941610732802278000E-015, -0.7000000000000088400 ) ) ;
#4157 = CARTESIAN_POINT ( 'NONE',  ( 1.316172156826743800E-016, 0.7505553499465110700, 4.299999999999999800 ) ) ;
#4158 = ORIENTED_EDGE ( 'NONE', *, *, #1339, .F. ) ;
#4159 = CARTESIAN_POINT ( 'NONE',  ( 0.7401923788646667100, -2.963213184805508800E-015, -0.8500000000000066400 ) ) ;
#4160 = EDGE_CURVE ( 'NONE', #372, #364, #1149, .T. ) ;
#4161 = CARTESIAN_POINT ( 'NONE',  ( 0.5898502691896245800, -1.021650635094612000, -0.7541666666666719800 ) ) ;
#4162 = CARTESIAN_POINT ( 'NONE',  ( -0.4273502691896196000, 0.7401923788646676000, 1.233333333333320700 ) ) ;
#4163 = CARTESIAN_POINT ( 'NONE',  ( -1.179700538379249800, -1.921710222316133300E-015, -0.4625000000000106800 ) ) ;
#4164 = ORIENTED_EDGE ( 'NONE', *, *, #230, .T. ) ;
#4165 = CARTESIAN_POINT ( 'NONE',  ( -0.6410254037844375100, -0.3700961894323345800, -2.216666666666670800 ) ) ;
#4166 = CARTESIAN_POINT ( 'NONE',  ( 0.3829420930570996400, 0.5294636294359560400, 4.199585623990602200 ) ) ;
#4167 = CARTESIAN_POINT ( 'NONE',  ( -0.6410254037844371800, -0.3700961894323351300, -2.666666666666671000 ) ) ;
#4168 = CARTESIAN_POINT ( 'NONE',  ( -1.224646799147352500E-016, -1.000000000000001300, -1.550000000000008700 ) ) ;
#4169 = VERTEX_POINT ( 'NONE', #4143 ) ;
#4170 =( BOUNDED_CURVE ( )  B_SPLINE_CURVE ( 2, ( #2250, #505, #4262, #206, #2614, #243, #926 ),
 .UNSPECIFIED., .F., .F. ) 
 B_SPLINE_CURVE_WITH_KNOTS ( ( 3, 2, 2, 3 ),
 ( 0.5500000000000001600, 0.5583333333333334600, 0.5666666666666667600, 0.5750000000000000700 ),
 .UNSPECIFIED. ) 
 CURVE ( )  GEOMETRIC_REPRESENTATION_ITEM ( )  RATIONAL_B_SPLINE_CURVE ( ( 0.9999999999999982200, 0.8660254037844403700, 1.000000000000000000, 0.8660254037844386000, 1.000000000000000000, 0.8660254037844368200, 1.000000000000001800 ) ) 
 REPRESENTATION_ITEM ( '' )  );
#4171 = CARTESIAN_POINT ( 'NONE',  ( -0.6410254037844371800, -0.3700961894323351300, 0.1833333333333244100 ) ) ;
#4172 = CARTESIAN_POINT ( 'NONE',  ( -0.4273502691896246500, 0.7401923788646646000, -0.3666666666666761900 ) ) ;
#4173 = LOCAL_TIME ( 15, 25, 15.00000000000000000, #2837 ) ;
#4174 = VERTEX_POINT ( 'NONE', #3112 ) ;
#4175 = ORIENTED_EDGE ( 'NONE', *, *, #2984, .F. ) ;
#4176 = CARTESIAN_POINT ( 'NONE',  ( 1.179700538379250000, -2.210653519971845100E-015, 0.5124999999999917400 ) ) ;
#4177 = CARTESIAN_POINT ( 'NONE',  ( -0.7401923788646658200, 0.1983339501604588200, 1.282136720504578800 ) ) ;
#4178 = CARTESIAN_POINT ( 'NONE',  ( 0.8847754037844378600, 0.5108253175473020900, 1.370833333333318500 ) ) ;
#4179 = ORIENTED_EDGE ( 'NONE', *, *, #896, .F. ) ;
#4180 = EDGE_CURVE ( 'NONE', #3464, #71, #3778, .T. ) ;
#4181 = CARTESIAN_POINT ( 'NONE',  ( -0.4273502691896259900, -0.7401923788646677100, -2.183333333333337600 ) ) ;
#4182 = CARTESIAN_POINT ( 'NONE',  ( 0.7401923788646656000, 0.1983339501604542400, 1.517863279495395000 ) ) ;
#4183 = EDGE_CURVE ( 'NONE', #1121, #4313, #576, .T. ) ;
#4184 = CONICAL_SURFACE ( 'NONE', #1803, 0.9999999999999952300, 0.7853981633974500600 ) ;
#4185 = CARTESIAN_POINT ( 'NONE',  ( -0.7401923788646667100, -3.253724281355068500E-015, -0.2500000000000075500 ) ) ;
#4186 = CARTESIAN_POINT ( 'NONE',  ( -6.345319592709152500E-016, -0.7401923788646686000, -1.800000000000006300 ) ) ;
#4187 = ORIENTED_EDGE ( 'NONE', *, *, #2964, .F. ) ;
#4188 = DIRECTION ( 'NONE',  ( 0.0000000000000000000, -1.000000000000000000, 0.0000000000000000000 ) ) ;
#4189 = CARTESIAN_POINT ( 'NONE',  ( 0.6410254037844374000, 0.3700961894323307500, 1.983333333333320500 ) ) ;
#4190 = CC_DESIGN_APPROVAL ( #1752, ( #1291 ) ) ;
#4191 = CARTESIAN_POINT ( 'NONE',  ( 0.4273502691896251500, 0.7401923788646644900, -2.033333333333339400 ) ) ;
#4192 = CARTESIAN_POINT ( 'NONE',  ( 0.5898502691896245800, -1.021650635094612000, -1.554166666666670200 ) ) ;
#4193 = CARTESIAN_POINT ( 'NONE',  ( 0.7401923788646672700, 0.1983339501604544400, -0.8321367205045985300 ) ) ;
#4194 = CARTESIAN_POINT ( 'NONE',  ( 1.179700538379249800, -2.210653519971845100E-015, 0.5374999999999872100 ) ) ;
#4195 =( BOUNDED_CURVE ( )  B_SPLINE_CURVE ( 2, ( #235, #4296, #2908, #4282, #2288, #1550, #3931 ),
 .UNSPECIFIED., .F., .F. ) 
 B_SPLINE_CURVE_WITH_KNOTS ( ( 3, 2, 2, 3 ),
 ( 0.4250000000000001000, 0.4333333333333334000, 0.4416666666666667100, 0.4500000000000000100 ),
 .UNSPECIFIED. ) 
 CURVE ( )  GEOMETRIC_REPRESENTATION_ITEM ( )  RATIONAL_B_SPLINE_CURVE ( ( 0.9999999999999991100, 0.8660254037844394800, 1.000000000000000000, 0.8660254037844386000, 1.000000000000000000, 0.8660254037844377100, 1.000000000000000900 ) ) 
 REPRESENTATION_ITEM ( '' )  );
#4196 = CARTESIAN_POINT ( 'NONE',  ( -0.7401923788646656000, 0.1983339501604617400, 1.682136720504578100 ) ) ;
#4197 = CARTESIAN_POINT ( 'NONE',  ( -0.6410254037844329600, 0.3700961894323385200, 1.716666666666654600 ) ) ;
#4198 = AXIS2_PLACEMENT_3D ( 'NONE', #3243, #1202, #823 ) ;
#4199 = ORIENTED_EDGE ( 'NONE', *, *, #2778, .F. ) ;
#4200 = CARTESIAN_POINT ( 'NONE',  ( 0.0000000000000000000, -1.951563910473908000E-015, 4.299999999999999800 ) ) ;
#4201 = CARTESIAN_POINT ( 'NONE',  ( 0.8547005383792494200, -2.150951988513411000E-015, 2.749999999999984900 ) ) ;
#4202 = CARTESIAN_POINT ( 'NONE',  ( -0.6410254037844371800, -0.3700961894323351300, -1.466666666666673700 ) ) ;
#4203 = CARTESIAN_POINT ( 'NONE',  ( 0.5773502691896248400, 0.9999999999999991100, -1.833333333333336100 ) ) ;
#4204 = AXIS2_PLACEMENT_3D ( 'NONE', #3368, #2048, #3720 ) ;
#4205 = CARTESIAN_POINT ( 'NONE',  ( -0.4273502691896253800, -0.7401923788646681500, -0.9833333333333399400 ) ) ;
#4206 = CARTESIAN_POINT ( 'NONE',  ( -1.251161180115474400E-016, -1.021650635094611700, 0.4124999999999918700 ) ) ;
#4207 = DIRECTION ( 'NONE',  ( 0.5000000000000004400, -0.8660254037844384900, 0.0000000000000000000 ) ) ;
#4208 = CARTESIAN_POINT ( 'NONE',  ( -0.8847754037844374200, 0.5108253175473028700, 0.3041666666666544300 ) ) ;
#4209 = LINE ( 'NONE', #3106, #3400 ) ;
#4210 = CARTESIAN_POINT ( 'NONE',  ( -0.6499999999999989100, 0.3752776749732548700, 4.299999999999999800 ) ) ;
#4211 = CARTESIAN_POINT ( 'NONE',  ( -1.224646799147352500E-016, -1.000000000000001300, -0.4000000000000060200 ) ) ;
#4212 = CARTESIAN_POINT ( 'NONE',  ( 0.6055330203821891500, -0.7202323719913906700, 2.933502364015432700 ) ) ;
#4213 = ORIENTED_EDGE ( 'NONE', *, *, #2520, .F. ) ;
#4214 = CARTESIAN_POINT ( 'NONE',  ( 0.7401923788646667100, -2.963213184805508800E-015, -0.9000000000000080200 ) ) ;
#4215 = EDGE_CURVE ( 'NONE', #407, #3522, #3392, .T. ) ;
#4216 = AXIS2_PLACEMENT_3D ( 'NONE', #1287, #2333, #3999 ) ;
#4217 = EDGE_CURVE ( 'NONE', #2127, #2959, #1588, .T. ) ;
#4218 = CARTESIAN_POINT ( 'NONE',  ( 0.0000000000000000000, -1.993946046730061400E-015, -3.000000000000000000 ) ) ;
#4219 = CARTESIAN_POINT ( 'NONE',  ( 0.0000000000000000000, 0.7401923788646647100, 1.249999999999988900 ) ) ;
#4220 = VERTEX_POINT ( 'NONE', #1447 ) ;
#4221 = CARTESIAN_POINT ( 'NONE',  ( -0.4273502691896249300, -0.7401923788646683800, 1.366666666666653200 ) ) ;
#4222 = CARTESIAN_POINT ( 'NONE',  ( -1.224646799147352500E-016, -1.000000000000001300, 1.599999999999989200 ) ) ;
#4223 = CARTESIAN_POINT ( 'NONE',  ( -0.6410254037844356200, 0.3700961894323338600, 1.316666666666655300 ) ) ;
#4224 = ORIENTED_EDGE ( 'NONE', *, *, #340, .T. ) ;
#4225 = CARTESIAN_POINT ( 'NONE',  ( -1.179700538379250000, -1.921710222316133300E-015, -1.287500000000004500 ) ) ;
#4226 = DIRECTION ( 'NONE',  ( -0.0000000000000000000, -0.0000000000000000000, 1.000000000000000000 ) ) ;
#4227 = CARTESIAN_POINT ( 'NONE',  ( -1.251161180115474100E-016, -1.021650635094611500, 0.4374999999999874000 ) ) ;
#4228 = ORIENTED_EDGE ( 'NONE', *, *, #693, .F. ) ;
#4229 = CARTESIAN_POINT ( 'NONE',  ( -0.5773502691896276200, 0.9999999999999938900, -0.5666666666666719800 ) ) ;
#4230 =( BOUNDED_CURVE ( )  B_SPLINE_CURVE ( 2, ( #1139, #3504, #913, #4328, #3579, #1967, #1611 ),
 .UNSPECIFIED., .F., .F. ) 
 B_SPLINE_CURVE_WITH_KNOTS ( ( 3, 2, 2, 3 ),
 ( 0.3750000000000001100, 0.3833333333333334100, 0.3916666666666668300, 0.4000000000000001300 ),
 .UNSPECIFIED. ) 
 CURVE ( )  GEOMETRIC_REPRESENTATION_ITEM ( )  RATIONAL_B_SPLINE_CURVE ( ( 0.9999999999999982200, 0.8660254037844403700, 1.000000000000000000, 0.8660254037844386000, 1.000000000000000000, 0.8660254037844368200, 1.000000000000001800 ) ) 
 REPRESENTATION_ITEM ( '' )  );
#4231 = ORIENTED_EDGE ( 'NONE', *, *, #19, .F. ) ;
#4232 = CARTESIAN_POINT ( 'NONE',  ( -0.8660254037844380400, 0.4999999999999978400, -0.1333333333333397200 ) ) ;
#4233 = EDGE_CURVE ( 'NONE', #1208, #3572, #3636, .T. ) ;
#4234 = B_SPLINE_CURVE_WITH_KNOTS ( 'NONE', 3,
 ( #187, #2528, #3896, #1879, #4249, #2220, #1170, #3519, #2886, #2175, #493, #3868, #4212, #3228, #139, #3566, #539, #2857 ),
 .UNSPECIFIED., .F., .F.,
 ( 4, 2, 2, 2, 2, 2, 2, 2, 4 ),
 ( 0.001975662020030706700, 0.002330371571233621500, 0.002685081122436536400, 0.003039790673639451600, 0.003394500224842366500, 0.003749209776045281300, 0.004103919327248196600, 0.004458628878451111400, 0.004813338429654026200 ),
 .UNSPECIFIED. ) ;
#4235 = CARTESIAN_POINT ( 'NONE',  ( 0.6410254037844374000, 0.3700961894323307500, 2.783333333333318100 ) ) ;
#4236 = CARTESIAN_POINT ( 'NONE',  ( -0.4273502691896246500, 0.7401923788646646000, 1.633333333333320000 ) ) ;
#4237 = EDGE_LOOP ( 'NONE', ( #1181, #3241, #3737, #3389 ) ) ;
#4238 = CARTESIAN_POINT ( 'NONE',  ( -0.6499999999999978000, -0.3752776749732566500, 4.299999999999999800 ) ) ;
#4239 = FACE_OUTER_BOUND ( 'NONE', #1463, .T. ) ;
#4240 = CARTESIAN_POINT ( 'NONE',  ( 1.179700538379250000, -2.210653519971845100E-015, 2.512499999999987300 ) ) ;
#4241 = ORIENTED_EDGE ( 'NONE', *, *, #2703, .T. ) ;
#4242 = CARTESIAN_POINT ( 'NONE',  ( 1.154700538379250800, -2.206061094475042600E-015, 0.8999999999999911400 ) ) ;
#4243 = CARTESIAN_POINT ( 'NONE',  ( -1.251161180115474100E-016, -1.021650635094611500, 1.637499999999984400 ) ) ;
#4244 = VECTOR ( 'NONE', #2904, 1000.000000000000000 ) ;
#4245 = EDGE_CURVE ( 'NONE', #3267, #3965, #4259, .T. ) ;
#4246 = DIRECTION ( 'NONE',  ( -0.0000000000000000000, -0.0000000000000000000, 1.000000000000000000 ) ) ;
#4247 = CARTESIAN_POINT ( 'NONE',  ( 0.8660254037844386000, 0.4999999999999970000, 2.133333333333321800 ) ) ;
#4248 = EDGE_CURVE ( 'NONE', #1397, #3426, #2351, .T. ) ;
#4249 = CARTESIAN_POINT ( 'NONE',  ( -0.6753847016166799600, -0.5596528086694069200, 2.868969615877296600 ) ) ;
#4250 = CARTESIAN_POINT ( 'NONE',  ( -1.224646799147352500E-016, -1.000000000000001300, -1.200000000000004200 ) ) ;
#4251 = CARTESIAN_POINT ( 'NONE',  ( -1.179700538379249800, -1.921710222316133300E-015, 3.937499999999980500 ) ) ;
#4252 = MECHANICAL_CONTEXT ( 'NONE', #2950, 'mechanical' ) ;
#4253 = CARTESIAN_POINT ( 'NONE',  ( -0.6410254037844370600, 0.3700961894323314100, 1.316666666666655300 ) ) ;
#4254 = VECTOR ( 'NONE', #4246, 1000.000000000000000 ) ;
#4255 = CARTESIAN_POINT ( 'NONE',  ( -0.4273502691896246500, 0.7401923788646646000, 0.8333333333333212700 ) ) ;
#4256 = CARTESIAN_POINT ( 'NONE',  ( 0.0000000000000000000, 0.9999999999999974500, 1.399999999999990400 ) ) ;
#4257 = CARTESIAN_POINT ( 'NONE',  ( 0.6410254037844376200, 0.3700961894323303600, 1.183333333333321800 ) ) ;
#4258 = CARTESIAN_POINT ( 'NONE',  ( 0.5898502691896256900, 1.021650635094607300, 0.5791666666666583900 ) ) ;
#4259 =( BOUNDED_CURVE ( )  B_SPLINE_CURVE ( 2, ( #3528, #3905, #1885, #1855, #2851, #165, #1512, #3875, #2231 ),
 .UNSPECIFIED., .F., .F. ) 
 B_SPLINE_CURVE_WITH_KNOTS ( ( 3, 2, 2, 2, 3 ),
 ( 0.5625000000000000000, 0.5666666666666666500, 0.5749999999999999600, 0.5833333333333333700, 0.5875000000000001300 ),
 .UNSPECIFIED. ) 
 CURVE ( )  GEOMETRIC_REPRESENTATION_ITEM ( )  RATIONAL_B_SPLINE_CURVE ( ( 0.9330127018922194100, 0.9330127018922194100, 1.000000000000000000, 0.8660254037844387100, 1.000000000000000000, 0.8660254037844387100, 1.000000000000000000, 0.9330127018922176300, 0.9330127018922194100 ) ) 
 REPRESENTATION_ITEM ( '' )  );
#4260 = CARTESIAN_POINT ( 'NONE',  ( -0.6410254037844390600, -0.3700961894323318600, 1.783333333333320800 ) ) ;
#4261 = CARTESIAN_POINT ( 'NONE',  ( 0.8847754037844372000, -0.5108253175473072000, 2.904166666666648600 ) ) ;
#4262 = CARTESIAN_POINT ( 'NONE',  ( 0.8660254037844384900, 0.4999999999999970000, 0.1833333333333206400 ) ) ;
#4263 = CARTESIAN_POINT ( 'NONE',  ( 0.0000000000000000000, 0.9999999999999973400, 2.199999999999988600 ) ) ;
#4264 = ORIENTED_EDGE ( 'NONE', *, *, #135, .T. ) ;
#4265 = CARTESIAN_POINT ( 'NONE',  ( 0.7401923788646667100, -1.379927708610408400E-015, -1.650000000000004800 ) ) ;
#4266 = CARTESIAN_POINT ( 'NONE',  ( -3.626813239619250400E-015, -0.7401923788646686000, -1.000000000000007800 ) ) ;
#4267 = ORIENTED_EDGE ( 'NONE', *, *, #2458, .F. ) ;
#4268 = CARTESIAN_POINT ( 'NONE',  ( 0.4273502691896244900, -0.7401923788646687100, 1.033333333333321000 ) ) ;
#4269 = CARTESIAN_POINT ( 'NONE',  ( 0.0000000000000000000, 2.603474084306562500E-017, 4.299999999999999800 ) ) ;
#4270 = AXIS2_PLACEMENT_3D ( 'NONE', #4269, #2228, #2534 ) ;
#4271 = EDGE_LOOP ( 'NONE', ( #3559, #2869, #268, #2578 ) ) ;
#4272 = CARTESIAN_POINT ( 'NONE',  ( -0.5898502691896250200, 1.021650635094607700, 2.645833333333320200 ) ) ;
#4273 = CARTESIAN_POINT ( 'NONE',  ( -0.7401923788646662700, -0.1983339501604582900, 1.767863279495395900 ) ) ;
#4274 = CARTESIAN_POINT ( 'NONE',  ( 0.5898502691896244700, -1.021650635094611700, 2.870833333333315400 ) ) ;
#4275 = ORIENTED_EDGE ( 'NONE', *, *, #1717, .F. ) ;
#4276 = CARTESIAN_POINT ( 'NONE',  ( 0.0000000000000000000, -1.000000000000001300, 4.299999999999999800 ) ) ;
#4277 = CARTESIAN_POINT ( 'NONE',  ( 7.251793820239031100E-016, 0.7401923788646647100, -1.600000000000006800 ) ) ;
#4278 = DIRECTION ( 'NONE',  ( 0.0000000000000000000, -1.000000000000000000, 0.0000000000000000000 ) ) ;
#4279 = CARTESIAN_POINT ( 'NONE',  ( 1.179700538379249800, -2.210653519971845100E-015, 3.737499999999980300 ) ) ;
#4280 = ORIENTED_EDGE ( 'NONE', *, *, #3748, .F. ) ;
#4281 = ADVANCED_FACE ( 'NONE', ( #1414 ), #2596, .T. ) ;
#4282 = CARTESIAN_POINT ( 'NONE',  ( -1.154700538379251000, -1.923241030815067900E-015, 1.149999999999985700 ) ) ;
#4283 = CARTESIAN_POINT ( 'NONE',  ( 0.7401923788646669300, 0.1983339501604548000, 1.117863279495395100 ) ) ;
#4284 = CARTESIAN_POINT ( 'NONE',  ( -0.6410254037844371800, -0.3700961894323351300, 0.1333333333333229800 ) ) ;
#4285 = ORIENTED_EDGE ( 'NONE', *, *, #1367, .F. ) ;
#4286 = CARTESIAN_POINT ( 'NONE',  ( -0.8847754037844376400, -0.5108253175473066500, 1.145833333333323300 ) ) ;
#4287 = DIRECTION ( 'NONE',  ( -0.0000000000000000000, -0.0000000000000000000, 1.000000000000000000 ) ) ;
#4288 = ORIENTED_EDGE ( 'NONE', *, *, #3179, .F. ) ;
#4289 =( BOUNDED_CURVE ( )  B_SPLINE_CURVE ( 2, ( #3351, #2017, #2353, #2689, #659, #2428, #370 ),
 .UNSPECIFIED., .F., .F. ) 
 B_SPLINE_CURVE_WITH_KNOTS ( ( 3, 2, 2, 3 ),
 ( 0.9000000000000000200, 0.9083333333333333300, 0.9166666666666666300, 0.9188581974776604000 ),
 .UNSPECIFIED. ) 
 CURVE ( )  GEOMETRIC_REPRESENTATION_ITEM ( )  RATIONAL_B_SPLINE_CURVE ( ( 1.000000000000000000, 0.8660254037844386000, 1.000000000000000000, 0.8660254037844386000, 1.000000000000000000, 0.9647668653403780300, 0.9480652107226248400 ) ) 
 REPRESENTATION_ITEM ( '' )  );
#4290 = EDGE_LOOP ( 'NONE', ( #1684, #4017, #1845, #68 ) ) ;
#4291 = CARTESIAN_POINT ( 'NONE',  ( 0.6499999999999986900, -0.1321577333012604300, 4.199444650053488100 ) ) ;
#4292 = ORGANIZATION ( 'UNSPECIFIED', 'UNSPECIFIED', '' ) ;
#4293 = CARTESIAN_POINT ( 'NONE',  ( 0.0000000000000000000, -1.993946046730061400E-015, -3.000000000000000000 ) ) ;
#4294 = ORIENTED_EDGE ( 'NONE', *, *, #1827, .T. ) ;
#4295 = VECTOR ( 'NONE', #1391, 1000.000000000000000 ) ;
#4296 = CARTESIAN_POINT ( 'NONE',  ( -0.5773502691896279500, -0.9999999999999974500, 1.216666666666651500 ) ) ;
#4297 = CARTESIAN_POINT ( 'NONE',  ( 0.6410254037844369500, -0.3700961894323356300, 3.116666666666651200 ) ) ;
#4298 = VERTEX_POINT ( 'NONE', #2197 ) ;
#4299 = LINE ( 'NONE', #1787, #2795 ) ;
#4300 = CARTESIAN_POINT ( 'NONE',  ( 1.179700538379250000, -2.210653519971845100E-015, 1.312499999999990000 ) ) ;
#4301 = CARTESIAN_POINT ( 'NONE',  ( 5.470055265963115200E-016, -0.7505553499465118500, 3.389999999999999700 ) ) ;
#4302 = ADVANCED_FACE ( 'NONE', ( #4386 ), #3589, .T. ) ;
#4303 = FACE_OUTER_BOUND ( 'NONE', #4237, .T. ) ;
#4304 = EDGE_CURVE ( 'NONE', #1478, #887, #2084, .T. ) ;
#4305 = DIRECTION ( 'NONE',  ( -0.0000000000000000000, -0.0000000000000000000, 1.000000000000000000 ) ) ;
#4306 = CARTESIAN_POINT ( 'NONE',  ( -0.7401923788646664900, -1.917373237227094000E-015, -2.250000000000003600 ) ) ;
#4307 = EDGE_CURVE ( 'NONE', #249, #4359, #3217, .T. ) ;
#4308 = CARTESIAN_POINT ( 'NONE',  ( -1.768082908433131500E-015, -0.7401923788646686000, -2.200000000000005500 ) ) ;
#4309 = DIRECTION ( 'NONE',  ( 0.0000000000000000000, 0.0000000000000000000, 1.000000000000000000 ) ) ;
#4310 = CARTESIAN_POINT ( 'NONE',  ( -0.8847754037844375300, -0.5108253175473065300, 4.370833333333311400 ) ) ;
#4311 = CARTESIAN_POINT ( 'NONE',  ( -0.4273502691896246500, 0.7401923788646646000, 4.483333333333314700 ) ) ;
#4312 =( BOUNDED_CURVE ( )  B_SPLINE_CURVE ( 2, ( #1999, #4334, #4045, #1334, #2314, #4361, #1645 ),
 .UNSPECIFIED., .F., .F. ) 
 B_SPLINE_CURVE_WITH_KNOTS ( ( 3, 2, 2, 3 ),
 ( 0.2500000000000000600, 0.2583333333333333600, 0.2666666666666667700, 0.2750000000000000800 ),
 .UNSPECIFIED. ) 
 CURVE ( )  GEOMETRIC_REPRESENTATION_ITEM ( )  RATIONAL_B_SPLINE_CURVE ( ( 0.9999999999999991100, 0.8660254037844394800, 1.000000000000000000, 0.8660254037844386000, 1.000000000000000000, 0.8660254037844377100, 1.000000000000000900 ) ) 
 REPRESENTATION_ITEM ( '' )  );
#4313 = VERTEX_POINT ( 'NONE', #810 ) ;
#4314 = CARTESIAN_POINT ( 'NONE',  ( 0.5898502691896256900, 1.021650635094607300, 3.379166666666651800 ) ) ;
#4315 = CARTESIAN_POINT ( 'NONE',  ( 0.0000000000000000000, 2.603474084306562500E-017, 4.299999999999999800 ) ) ;
#4316 = CARTESIAN_POINT ( 'NONE',  ( 0.7401923788646660500, -3.340877610319936300E-016, 1.949999999999987700 ) ) ;
#4317 = CARTESIAN_POINT ( 'NONE',  ( 0.0000000000000000000, -0.7000000000000021800, -3.000000000000000000 ) ) ;
#4318 = VECTOR ( 'NONE', #2397, 1000.000000000000000 ) ;
#4319 = CARTESIAN_POINT ( 'NONE',  ( -0.6410254037844371800, -0.3700961894323351300, 2.133333333333318600 ) ) ;
#4320 = ADVANCED_FACE ( 'NONE', ( #786 ), #732, .T. ) ;
#4321 = CARTESIAN_POINT ( 'NONE',  ( 0.4273502691896244900, -0.7401923788646687100, 3.483333333333317800 ) ) ;
#4322 = ORIENTED_EDGE ( 'NONE', *, *, #217, .T. ) ;
#4323 = CARTESIAN_POINT ( 'NONE',  ( -1.224646799147352500E-016, -1.000000000000001300, -2.350000000000007200 ) ) ;
#4324 = ORIENTED_EDGE ( 'NONE', *, *, #435, .T. ) ;
#4325 = CARTESIAN_POINT ( 'NONE',  ( 0.8847754037844380900, 0.5108253175473022000, 4.545833333333316500 ) ) ;
#4326 = EDGE_CURVE ( 'NONE', #3611, #4220, #1303, .T. ) ;
#4327 = ORIENTED_EDGE ( 'NONE', *, *, #3065, .F. ) ;
#4328 = CARTESIAN_POINT ( 'NONE',  ( -1.154700538379251000, -1.923241030815067900E-015, 1.549999999999984900 ) ) ;
#4329 = CARTESIAN_POINT ( 'NONE',  ( 1.224646799147352500E-016, 0.9999999999999974500, 4.299999999999999800 ) ) ;
#4330 = CC_DESIGN_APPROVAL ( #4098, ( #2962 ) ) ;
#4331 = CARTESIAN_POINT ( 'NONE',  ( 0.8547005383792494200, -2.150951988513411000E-015, 3.899999999999981700 ) ) ;
#4332 =( BOUNDED_CURVE ( )  B_SPLINE_CURVE ( 2, ( #3100, #3764, #1017, #2387, #3085, #701, #1032, #3734, #1722 ),
 .UNSPECIFIED., .F., .F. ) 
 B_SPLINE_CURVE_WITH_KNOTS ( ( 3, 2, 2, 2, 3 ),
 ( 0.4875000000000000400, 0.4916666666666666400, 0.5000000000000000000, 0.5083333333333333000, 0.5125000000000000700 ),
 .UNSPECIFIED. ) 
 CURVE ( )  GEOMETRIC_REPRESENTATION_ITEM ( )  RATIONAL_B_SPLINE_CURVE ( ( 0.9330127018922194100, 0.9330127018922203000, 1.000000000000000000, 0.8660254037844387100, 1.000000000000000000, 0.8660254037844387100, 1.000000000000000000, 0.9330127018922185200, 0.9330127018922194100 ) ) 
 REPRESENTATION_ITEM ( '' )  );
#4333 = ORIENTED_EDGE ( 'NONE', *, *, #1197, .T. ) ;
#4334 = CARTESIAN_POINT ( 'NONE',  ( 0.5773502691896281700, 0.9999999999999933400, 2.616666666666649400 ) ) ;
#4335 = EDGE_LOOP ( 'NONE', ( #1884, #2906, #4057, #2927 ) ) ;
#4336 = CARTESIAN_POINT ( 'NONE',  ( 0.0000000000000000000, 1.021650635094607700, 3.412499999999985000 ) ) ;
#4337 = ORIENTED_EDGE ( 'NONE', *, *, #1088, .F. ) ;
#4338 = FACE_BOUND ( 'NONE', #3988, .T. ) ;
#4339 = ADVANCED_FACE ( 'NONE', ( #1960 ), #950, .T. ) ;
#4340 = VERTEX_POINT ( 'NONE', #3151 ) ;
#4341 = FACE_OUTER_BOUND ( 'NONE', #3567, .T. ) ;
#4342 = CARTESIAN_POINT ( 'NONE',  ( -0.8660254037844382600, -0.5000000000000014400, -1.616666666666675100 ) ) ;
#4343 = CARTESIAN_POINT ( 'NONE',  ( 0.0000000000000000000, 0.7401923788646647100, 2.799999999999983800 ) ) ;
#4344 = PRODUCT ( '92095A453_Button Head Hex Drive Screw', '92095A453_Button Head Hex Drive Screw', '', ( #4252 ) ) ;
#4345 = CARTESIAN_POINT ( 'NONE',  ( 0.7401923788646666000, -2.295037662741521500E-015, -2.850000000000001900 ) ) ;
#4346 = CARTESIAN_POINT ( 'NONE',  ( 0.5773502691896216200, 1.000000000000004900, 2.966666666666655200 ) ) ;
#4347 = LINE ( 'NONE', #2675, #36 ) ;
#4348 = CARTESIAN_POINT ( 'NONE',  ( 0.0000000000000000000, 0.9999999999999974500, -2.200000000000002000 ) ) ;
#4349 = EDGE_CURVE ( 'NONE', #2901, #1452, #2328, .T. ) ;
#4350 = CYLINDRICAL_SURFACE ( 'NONE', #1970, 0.7401923788646666000 ) ;
#4351 = CARTESIAN_POINT ( 'NONE',  ( -1.179700538379250000, -1.921710222316133300E-015, 4.712499999999982600 ) ) ;
#4352 = CARTESIAN_POINT ( 'NONE',  ( -0.5773502691896164100, 1.000000000000013100, -2.116666666666675600 ) ) ;
#4353 = EDGE_CURVE ( 'NONE', #339, #983, #23, .T. ) ;
#4354 = DIRECTION ( 'NONE',  ( -0.0000000000000000000, 6.054590893736192000E-018, 1.000000000000000000 ) ) ;
#4355 = DIRECTION ( 'NONE',  ( -0.0000000000000000000, -0.0000000000000000000, 1.000000000000000000 ) ) ;
#4356 = CARTESIAN_POINT ( 'NONE',  ( 0.7401923788646660500, -1.307299934473018500E-016, 1.549999999999988900 ) ) ;
#4357 = CARTESIAN_POINT ( 'NONE',  ( -0.6410254037844371800, -0.3700961894323351300, 3.733333333333315200 ) ) ;
#4358 = DIRECTION ( 'NONE',  ( 1.000000000000000000, 0.0000000000000000000, 0.0000000000000000000 ) ) ;
#4359 = VERTEX_POINT ( 'NONE', #3524 ) ;
#4360 = ADVANCED_FACE ( 'NONE', ( #4063 ), #3739, .T. ) ;
#4361 = CARTESIAN_POINT ( 'NONE',  ( 0.5773502691896228400, -1.000000000000005600, 2.483333333333315600 ) ) ;
#4362 = FACE_OUTER_BOUND ( 'NONE', #1081, .T. ) ;
#4363 = CARTESIAN_POINT ( 'NONE',  ( -1.251161180115474400E-016, -1.021650635094611700, 4.012499999999984200 ) ) ;
#4364 = CARTESIAN_POINT ( 'NONE',  ( 0.6410254037844345100, -0.3700961894323397900, 0.6666666666666548600 ) ) ;
#4365 = ORIENTED_EDGE ( 'NONE', *, *, #2834, .T. ) ;
#4366 = CARTESIAN_POINT ( 'NONE',  ( 0.6803142563730474300, -0.3725882391152093900, -2.942578443028170300 ) ) ;
#4367 = DIRECTION ( 'NONE',  ( -0.0000000000000000000, -0.0000000000000000000, 1.000000000000000000 ) ) ;
#4368 = CARTESIAN_POINT ( 'NONE',  ( 0.7401923788646666000, -1.993946046730061400E-015, -3.000000000000000000 ) ) ;
#4369 = CARTESIAN_POINT ( 'NONE',  ( -1.179700538379249800, -1.921710222316133300E-015, -2.862500000000005200 ) ) ;
#4370 = AXIS2_PLACEMENT_3D ( 'NONE', #3829, #1169, #2791 ) ;
#4371 = VERTEX_POINT ( 'NONE', #3901 ) ;
#4372 = CARTESIAN_POINT ( 'NONE',  ( 0.5773502691896270600, -0.9999999999999980000, 0.03333333333332665100 ) ) ;
#4373 = CARTESIAN_POINT ( 'NONE',  ( -0.6499999999999980200, 0.3752776749732554300, 3.389999999999999700 ) ) ;
#4374 = ORIENTED_EDGE ( 'NONE', *, *, #2932, .F. ) ;
#4375 = CARTESIAN_POINT ( 'NONE',  ( -0.6410254037844370600, 0.3700961894323314100, -1.883333333333337700 ) ) ;
#4376 = EDGE_CURVE ( 'NONE', #3578, #3359, #4195, .T. ) ;
#4377 = ORIENTED_EDGE ( 'NONE', *, *, #3236, .F. ) ;
#4378 = EDGE_CURVE ( 'NONE', #1569, #510, #2736, .T. ) ;
#4379 = CARTESIAN_POINT ( 'NONE',  ( 0.1650798463708362000, 0.8343259633757025300, -2.865674036623891300 ) ) ;
#4380 =( BOUNDED_CURVE ( )  B_SPLINE_CURVE ( 2, ( #3441, #4182, #1829, #837, #3211, #2204, #1547, #4196, #1183 ),
 .UNSPECIFIED., .F., .F. ) 
 B_SPLINE_CURVE_WITH_KNOTS ( ( 3, 2, 2, 2, 3 ),
 ( 0.5875000000000001300, 0.5916666666666666700, 0.5999999999999999800, 0.6083333333333332800, 0.6125000000000000400 ),
 .UNSPECIFIED. ) 
 CURVE ( )  GEOMETRIC_REPRESENTATION_ITEM ( )  RATIONAL_B_SPLINE_CURVE ( ( 0.9330127018922194100, 0.9330127018922211900, 1.000000000000000000, 0.8660254037844387100, 1.000000000000000000, 0.8660254037844387100, 1.000000000000000000, 0.9330127018922185200, 0.9330127018922194100 ) ) 
 REPRESENTATION_ITEM ( '' )  );
#4381 = EDGE_LOOP ( 'NONE', ( #1817, #2990, #3481, #2196 ) ) ;
#4382 = CARTESIAN_POINT ( 'NONE',  ( -9.204115257618702000E-030, 1.335120775940813400E-015, 2.814242081447964500 ) ) ;
#4383 = DIRECTION ( 'NONE',  ( 0.8660254037844386000, -0.5000000000000000000, 0.0000000000000000000 ) ) ;
#4384 = CARTESIAN_POINT ( 'NONE',  ( 0.6410254037844374000, 0.3700961894323307500, 4.733333333333313000 ) ) ;
#4385 = EDGE_LOOP ( 'NONE', ( #1317, #271 ) ) ;
#4386 = FACE_OUTER_BOUND ( 'NONE', #4102, .T. ) ;
#4387 = CARTESIAN_POINT ( 'NONE',  ( -1.224646799147352500E-016, -1.000000000000001300, 2.399999999999987500 ) ) ;
#4388 = CARTESIAN_POINT ( 'NONE',  ( 1.154700538379251000, -2.206061094475043000E-015, 1.749999999999984700 ) ) ;
#4389 = ORIENTED_EDGE ( 'NONE', *, *, #1027, .F. ) ;
#4390 = CARTESIAN_POINT ( 'NONE',  ( 0.4273502691896244900, -0.7401923788646687100, -1.316666666666672400 ) ) ;
#4391 = ORIENTED_EDGE ( 'NONE', *, *, #127, .F. ) ;
#4392 = CARTESIAN_POINT ( 'NONE',  ( 0.7401923788646664900, -2.614599868946037200E-015, -2.500000000000004900 ) ) ;
#4393 = DIRECTION ( 'NONE',  ( -1.000000000000000000, 0.0000000000000000000, 0.0000000000000000000 ) ) ;
#4394 = CARTESIAN_POINT ( 'NONE',  ( 7.072331633732526100E-015, 0.7401923788646647100, 0.8499999999999896500 ) ) ;
#4395 = CARTESIAN_POINT ( 'NONE',  ( -0.8547005383792494200, -1.941610732802278000E-015, 4.499999999999979600 ) ) ;
#4396 = VECTOR ( 'NONE', #1016, 1000.000000000000000 ) ;
#4397 = CARTESIAN_POINT ( 'NONE',  ( -9.064742275298788900E-017, -0.7401923788646686000, -2.950000000000002000 ) ) ;
#4398 = ADVANCED_FACE ( 'NONE', ( #3477 ), #2485, .T. ) ;
#4399 = DIRECTION ( 'NONE',  ( 1.000000000000000000, 0.0000000000000000000, 0.0000000000000000000 ) ) ;
#4400 = CARTESIAN_POINT ( 'NONE',  ( 0.6410254037844400600, 0.3700961894323263100, -0.01666666666667523900 ) ) ;
#4401 = CARTESIAN_POINT ( 'NONE',  ( 0.7401923788646666000, -2.832483191358207100E-015, -1.300000000000007100 ) ) ;
#4402 = CARTESIAN_POINT ( 'NONE',  ( 0.5773502691896305100, 0.9999999999999893400, 0.6166666666666529300 ) ) ;
#4403 = EDGE_CURVE ( 'NONE', #1931, #1773, #21, .T. ) ;
#4404 = CARTESIAN_POINT ( 'NONE',  ( -0.8660254037844381500, 0.4999999999999978400, 0.3166666666666540000 ) ) ;
#4405 = CARTESIAN_POINT ( 'NONE',  ( -0.6410254037844371800, -0.3700961894323351300, -3.016666666666668800 ) ) ;
#4406 = ORIENTED_EDGE ( 'NONE', *, *, #3862, .F. ) ;
#4407 = CC_DESIGN_PERSON_AND_ORGANIZATION_ASSIGNMENT ( #2588, #2574, ( #1291 ) ) ;
#4408 = DIRECTION ( 'NONE',  ( -0.0000000000000000000, 6.054590893736192000E-018, 1.000000000000000000 ) ) ;
#4409 = DIRECTION ( 'NONE',  ( 1.000000000000000000, 6.982962677686266700E-015, -4.227898223961896300E-032 ) ) ;
#4410 = CIRCLE ( 'NONE', #2108, 0.7000000000000001800 ) ;
#4411 = CARTESIAN_POINT ( 'NONE',  ( 0.7401923788646666000, -2.295037662741521500E-015, -2.850000000000001900 ) ) ;
#4412 = CARTESIAN_POINT ( 'NONE',  ( 0.4273502691896244900, -0.7401923788646687100, 4.633333333333311500 ) ) ;
#4413 = DIRECTION ( 'NONE',  ( 1.000000000000000000, 0.0000000000000000000, 0.0000000000000000000 ) ) ;
#4414 = CARTESIAN_POINT ( 'NONE',  ( -0.6410254037844375100, -0.3700961894323346900, -2.666666666666671000 ) ) ;
#4415 = CARTESIAN_POINT ( 'NONE',  ( 1.316172156826743800E-016, 0.7505553499465110700, 3.389999999999999700 ) ) ;
#4416 = CYLINDRICAL_SURFACE ( 'NONE', #1386, 0.7401923788646666000 ) ;
#4417 = DIRECTION ( 'NONE',  ( -0.0000000000000000000, 6.054590893736192000E-018, 1.000000000000000000 ) ) ;
#4418 = DIRECTION ( 'NONE',  ( -0.0000000000000000000, -0.0000000000000000000, 1.000000000000000000 ) ) ;
ENDSEC;
END-ISO-10303-21;
